[
  {
    "value": "boot",
    "synonyms": [
      "cabo",
      "liga",
      "funciona",
      "reinicia",
      "desliga"
    ]
  },
  {
    "value": "blinking",
    "synonyms": [
      "aceso",
      "acender",
      "acende",
      "piscando",
      "pisca",
      "led",
      "luz"
    ]
  },
  {
    "value": "spinning",
    "synonyms": [
      "rodando",
      "roda",
      "gira",
      "girando"
    ]
  },
  {
    "value": "noise",
    "synonyms": [
      "barulho",
      "bip",
      "beep"
    ]
  },
  {
    "value": "freezing",
    "synonyms": [
      "congelando",
      "quente",
      "tela azul"
    ]
  },
  {
    "value": "broken",
    "synonyms": [
      "defeito",
      "quebrou"
    ]
  }
]