[
  {
    "value": "antivirus",
    "synonyms": [
      "avast",
      "antivirus",
      "anti-virus",
      "avira",
      "panda",
      "norton",
      "mcafee",
      "kasperski",
      "bitdefender",
      "webroot",
      "malwarebytes"
    ]
  },
  {
    "value": "vpn",
    "synonyms": [
      "vpn",
      "expressvpn",
      "nord",
      "vpn.ac",
      "surfshark",
      "tunnelbear",
      "ipvanish"
    ]
  },
  {
    "value": "system",
    "synonyms": [
      "sistema",
      "microsoft",
      "windows",
      "xp",
      "vista",
      "windows 10"
    ]
  },
  {
    "value": "browser",
    "synonyms": [
      "navegador",
      "opera",
      "chrome",
      "edge",
      "internet explorer",
      "internet",
      "opera gx",
      "vivaldi",
      "chromium",
      "safari"
    ]
  },
  {
    "value": "other",
    "synonyms": [
      "outros",
      "programa",
      "programas",
      "software",
      "photoshop",
      "excel",
      "word",
      "onenote",
      "powerpoint",
      "office",
      "adobe",
      "illustrator",
      "encoder",
      "premiere",
      "outlook"
    ]
  }
]