[
  {
    "value": "mouse",
    "synonyms": [
      "mouse",
      "mause"
    ]
  },
  {
    "value": "teclado",
    "synonyms": [
      "teclado"
    ]
  },
  {
    "value": "monitor",
    "synonyms": [
      "monitor"
    ]
  },
  {
    "value": "estabilizador",
    "synonyms": [
      "estabilizador"
    ]
  },
  {
    "value": "impressora",
    "synonyms": [
      "impressora"
    ]
  },
  {
    "value": "computador",
    "synonyms": [
      "computador",
      "PC",
      "gabinete",
      "CPU"
    ]
  }
]