[
  {
    "id": "5d16304f-fcf4-4fea-b13c-4adbc92d7ea6",
    "data": [
      {
        "text": "111.222.333-04",
        "meta": "@sys.phone-number",
        "alias": "cpf",
        "userDefined": false
      }
    ],
    "isTemplate": false,
    "count": 0,
    "lang": "pt-br",
    "updated": 0
  },
  {
    "id": "f70ae74a-d15e-4dd9-aacd-c2feadd92320",
    "data": [
      {
        "text": "35212908086",
        "meta": "@sys.phone-number",
        "alias": "cpf",
        "userDefined": false
      }
    ],
    "isTemplate": false,
    "count": 0,
    "lang": "pt-br",
    "updated": 0
  },
  {
    "id": "2f19f6d5-5ebd-44ea-b01f-c53d60d7f87e",
    "data": [
      {
        "text": "52535756005",
        "meta": "@sys.phone-number",
        "alias": "cpf",
        "userDefined": false
      }
    ],
    "isTemplate": false,
    "count": 0,
    "lang": "pt-br",
    "updated": 0
  },
  {
    "id": "7560906d-6eda-4459-a22b-0cb3d137ffed",
    "data": [
      {
        "text": "438.892.390-72",
        "meta": "@sys.phone-number",
        "alias": "cpf",
        "userDefined": false
      }
    ],
    "isTemplate": false,
    "count": 0,
    "lang": "pt-br",
    "updated": 0
  },
  {
    "id": "52732f22-fece-4d76-a451-7c197768e926",
    "data": [
      {
        "text": "057.401.270-25",
        "meta": "@sys.phone-number",
        "alias": "cpf",
        "userDefined": false
      }
    ],
    "isTemplate": false,
    "count": 0,
    "lang": "pt-br",
    "updated": 0
  },
  {
    "id": "19751e82-557b-4181-b20c-89f6a365d4eb",
    "data": [
      {
        "text": "19291028010",
        "meta": "@sys.phone-number",
        "alias": "cpf",
        "userDefined": false
      }
    ],
    "isTemplate": false,
    "count": 0,
    "lang": "pt-br",
    "updated": 0
  },
  {
    "id": "2107ae2c-cab1-4e2f-a68f-e00a7a64e06b",
    "data": [
      {
        "text": "69761081060",
        "meta": "@sys.phone-number",
        "alias": "cpf",
        "userDefined": false
      }
    ],
    "isTemplate": false,
    "count": 0,
    "lang": "pt-br",
    "updated": 0
  },
  {
    "id": "c1f0be98-6bec-4b92-a926-190bacd3f8d3",
    "data": [
      {
        "text": "61126180017",
        "meta": "@sys.phone-number",
        "alias": "cpf",
        "userDefined": false
      }
    ],
    "isTemplate": false,
    "count": 0,
    "lang": "pt-br",
    "updated": 0
  },
  {
    "id": "9c9c7faf-4edc-4d40-94ac-b834d51f6ae3",
    "data": [
      {
        "text": "671.863.420-43",
        "meta": "@sys.phone-number",
        "alias": "cpf",
        "userDefined": false
      }
    ],
    "isTemplate": false,
    "count": 0,
    "lang": "pt-br",
    "updated": 0
  },
  {
    "id": "acde4805-e8e1-4cf3-a04a-2f39261e697e",
    "data": [
      {
        "text": "843.486.050-33",
        "meta": "@sys.phone-number",
        "alias": "cpf",
        "userDefined": false
      }
    ],
    "isTemplate": false,
    "count": 0,
    "lang": "pt-br",
    "updated": 0
  },
  {
    "id": "04e613e8-db4c-49f1-8165-c3f254ea11ea",
    "data": [
      {
        "text": "471.048.480-53",
        "meta": "@sys.phone-number",
        "alias": "cpf",
        "userDefined": false
      }
    ],
    "isTemplate": false,
    "count": 0,
    "lang": "pt-br",
    "updated": 0
  },
  {
    "id": "d2eed1f0-3649-40d4-bf46-404a2f66600b",
    "data": [
      {
        "text": "72111460109",
        "meta": "@sys.phone-number",
        "alias": "cpf",
        "userDefined": false
      }
    ],
    "isTemplate": false,
    "count": 0,
    "lang": "pt-br",
    "updated": 0
  },
  {
    "id": "c2ed8d5b-147e-4261-b1c0-9585b130da56",
    "data": [
      {
        "text": "024.262.249-67",
        "meta": "@sys.phone-number",
        "alias": "cpf",
        "userDefined": false
      }
    ],
    "isTemplate": false,
    "count": 0,
    "lang": "pt-br",
    "updated": 0
  }
]