[
  {
    "id": "75cf1c9e-a58d-41a4-b248-63305ded2978",
    "data": [
      {
        "text": "67996221475",
        "meta": "@sys.phone-number",
        "alias": "telefone",
        "userDefined": false
      }
    ],
    "isTemplate": false,
    "count": 0,
    "lang": "pt-br",
    "updated": 0
  },
  {
    "id": "769ba9d5-1f5b-421b-bc42-8912002e3ebb",
    "data": [
      {
        "text": "81737704527",
        "meta": "@sys.phone-number",
        "alias": "telefone",
        "userDefined": false
      }
    ],
    "isTemplate": false,
    "count": 0,
    "lang": "pt-br",
    "updated": 0
  },
  {
    "id": "1cc9f954-a68b-4b1e-b295-655c2d1eb20b",
    "data": [
      {
        "text": "(79) 2762-2408",
        "meta": "@sys.phone-number",
        "alias": "telefone",
        "userDefined": false
      }
    ],
    "isTemplate": false,
    "count": 0,
    "lang": "pt-br",
    "updated": 0
  },
  {
    "id": "4ce24fae-1d07-43a4-9d41-18837a125a08",
    "data": [
      {
        "text": "96 82442-8095",
        "meta": "@sys.phone-number",
        "alias": "telefone",
        "userDefined": false
      }
    ],
    "isTemplate": false,
    "count": 0,
    "lang": "pt-br",
    "updated": 0
  },
  {
    "id": "82ec5d68-61a9-444c-8b5b-1635074948a0",
    "data": [
      {
        "text": "69982858431",
        "meta": "@sys.phone-number",
        "alias": "telefone",
        "userDefined": false
      }
    ],
    "isTemplate": false,
    "count": 0,
    "lang": "pt-br",
    "updated": 0
  },
  {
    "id": "8aa4b58c-00a7-4886-b3a7-af3316fc980e",
    "data": [
      {
        "text": "(19) 3848-3056",
        "meta": "@sys.phone-number",
        "alias": "telefone",
        "userDefined": false
      }
    ],
    "isTemplate": false,
    "count": 0,
    "lang": "pt-br",
    "updated": 0
  },
  {
    "id": "8e89d7c8-1ef5-4a66-81e3-b3f80603dff5",
    "data": [
      {
        "text": "21 92750 4675",
        "meta": "@sys.phone-number",
        "alias": "telefone",
        "userDefined": false
      }
    ],
    "isTemplate": false,
    "count": 0,
    "lang": "pt-br",
    "updated": 0
  },
  {
    "id": "9b0c730a-4d9c-4e81-a8da-955c4c2656e1",
    "data": [
      {
        "text": "14 934167347",
        "meta": "@sys.phone-number",
        "alias": "telefone",
        "userDefined": false
      }
    ],
    "isTemplate": false,
    "count": 0,
    "lang": "pt-br",
    "updated": 0
  },
  {
    "id": "e462a2c7-31fa-4ca7-8e59-807cea534676",
    "data": [
      {
        "text": "28937005440",
        "meta": "@sys.phone-number",
        "alias": "telefone",
        "userDefined": false
      }
    ],
    "isTemplate": false,
    "count": 0,
    "lang": "pt-br",
    "updated": 0
  },
  {
    "id": "c19bda84-fa91-4880-8ebd-fccf62629518",
    "data": [
      {
        "text": "(64) 2317-8166",
        "meta": "@sys.phone-number",
        "alias": "telefone",
        "userDefined": false
      }
    ],
    "isTemplate": false,
    "count": 0,
    "lang": "pt-br",
    "updated": 0
  },
  {
    "id": "372b4355-8d38-4ebf-bae1-73ca841ff1b1",
    "data": [
      {
        "text": "(24) 98091-3424",
        "meta": "@sys.phone-number",
        "alias": "telefone",
        "userDefined": false
      }
    ],
    "isTemplate": false,
    "count": 1,
    "lang": "pt-br",
    "updated": 0
  },
  {
    "id": "bf81e261-6970-46a2-93b7-24ab960e69d9",
    "data": [
      {
        "text": "(24) 98091-3424",
        "userDefined": false
      }
    ],
    "isTemplate": false,
    "count": 0,
    "lang": "pt-br",
    "updated": 0
  },
  {
    "id": "634657af-5d71-403f-8faf-f9d186537ebb",
    "data": [
      {
        "text": "(95) 97138-0815",
        "meta": "@sys.phone-number",
        "alias": "telefone",
        "userDefined": false
      }
    ],
    "isTemplate": false,
    "count": 0,
    "lang": "pt-br",
    "updated": 0
  }
]