[
  {
    "id": "fb6f43c5-4460-46f6-87e7-6918cc456244",
    "data": [
      {
        "text": "minha webcam não conecta",
        "meta": "@descricaoProblema",
        "alias": "descricao",
        "userDefined": false
      }
    ],
    "isTemplate": false,
    "count": 0,
    "lang": "pt-br",
    "updated": 0
  },
  {
    "id": "5e6c98bd-afeb-4613-bf86-efc2bcb17dec",
    "data": [
      {
        "text": "minha tela não conecta",
        "meta": "@descricaoProblema",
        "alias": "descricao",
        "userDefined": false
      }
    ],
    "isTemplate": false,
    "count": 0,
    "lang": "pt-br",
    "updated": 0
  },
  {
    "id": "e54ae55c-df5e-4158-8832-65a4b9da1dcc",
    "data": [
      {
        "text": "meu teclado não conecta",
        "meta": "@descricaoProblema",
        "alias": "descricao",
        "userDefined": false
      }
    ],
    "isTemplate": false,
    "count": 0,
    "lang": "pt-br",
    "updated": 0
  },
  {
    "id": "74693ca0-96a8-463e-a103-17900236b920",
    "data": [
      {
        "text": "minha tela não liga",
        "meta": "@descricaoProblema",
        "alias": "descricao",
        "userDefined": false
      }
    ],
    "isTemplate": false,
    "count": 3,
    "lang": "pt-br",
    "updated": 0
  },
  {
    "id": "8601fd38-add2-4dca-a623-ce77b9a52438",
    "data": [
      {
        "text": "meu mouse não funciona",
        "meta": "@descricaoProblema",
        "alias": "descricao",
        "userDefined": false
      }
    ],
    "isTemplate": false,
    "count": 0,
    "lang": "pt-br",
    "updated": 0
  },
  {
    "id": "54de6d88-c505-4850-9c71-5a1f2631bfd2",
    "data": [
      {
        "text": "meu vpn está lento",
        "meta": "@descricaoProblema",
        "alias": "descricao",
        "userDefined": false
      }
    ],
    "isTemplate": false,
    "count": 0,
    "lang": "pt-br",
    "updated": 0
  },
  {
    "id": "05496788-1128-46d3-bd8b-ff0a7c2a2bbc",
    "data": [
      {
        "text": "O outlook esta muito lento",
        "meta": "@descricaoProblema",
        "alias": "descricao",
        "userDefined": false
      }
    ],
    "isTemplate": false,
    "count": 0,
    "lang": "pt-br",
    "updated": 0
  },
  {
    "id": "73bde01a-5a18-447a-bd7f-4d4426e5af29",
    "data": [
      {
        "text": "não consigo instalar o outlook",
        "meta": "@descricaoProblema",
        "alias": "descricao",
        "userDefined": true
      }
    ],
    "isTemplate": false,
    "count": 0,
    "lang": "pt-br",
    "updated": 0
  },
  {
    "id": "f9df5bbc-017f-4162-ab79-baa131d8f57f",
    "data": [
      {
        "text": "Não consigo acessar meu outlook",
        "meta": "@descricaoProblema",
        "alias": "descricao",
        "userDefined": true
      }
    ],
    "isTemplate": false,
    "count": 0,
    "lang": "pt-br",
    "updated": 0
  },
  {
    "id": "88b5c485-c2f1-485a-b300-bd82fa0cbb54",
    "data": [
      {
        "text": "roteador não liga",
        "meta": "@descricaoProblema",
        "alias": "descricao",
        "userDefined": false
      }
    ],
    "isTemplate": false,
    "count": 0,
    "lang": "pt-br",
    "updated": 0
  },
  {
    "id": "9c5cb3ad-2e35-4c36-b237-a64d6ae150e0",
    "data": [
      {
        "text": "minha webcam não funciona",
        "meta": "@descricaoProblema",
        "alias": "descricao",
        "userDefined": false
      }
    ],
    "isTemplate": false,
    "count": 0,
    "lang": "pt-br",
    "updated": 0
  },
  {
    "id": "33a4a7d6-fba3-4bad-9808-151a6911bab4",
    "data": [
      {
        "text": "meu gabinete esta com um barulho estranho",
        "meta": "@descricaoProblema",
        "alias": "descricao",
        "userDefined": false
      }
    ],
    "isTemplate": false,
    "count": 0,
    "lang": "pt-br",
    "updated": 0
  },
  {
    "id": "8551de15-b620-4158-a10d-7868ae08e8f7",
    "data": [
      {
        "text": "meu mouse quebrou",
        "meta": "@descricaoProblema",
        "alias": "descricao",
        "userDefined": false
      }
    ],
    "isTemplate": false,
    "count": 1,
    "lang": "pt-br",
    "updated": 0
  },
  {
    "id": "d828cccd-6510-47ef-9533-9315ce0a70c1",
    "data": [
      {
        "text": "Minha tela fica azul depois de ligar o computador",
        "meta": "@descricaoProblema",
        "alias": "descricao",
        "userDefined": true
      }
    ],
    "isTemplate": false,
    "count": 0,
    "lang": "pt-br",
    "updated": 0
  },
  {
    "id": "de3101ea-11b3-48ff-8a6a-7564b7337ded",
    "data": [
      {
        "text": "Meu pc ta travando muito",
        "meta": "@descricaoProblema",
        "alias": "descricao",
        "userDefined": true
      }
    ],
    "isTemplate": false,
    "count": 0,
    "lang": "pt-br",
    "updated": 0
  },
  {
    "id": "567feb3a-c20c-4d4c-b31a-7f9fe609b576",
    "data": [
      {
        "text": "A tecla aga do meu teclado parou de funcionar",
        "meta": "@descricaoProblema",
        "alias": "descricao",
        "userDefined": true
      }
    ],
    "isTemplate": false,
    "count": 0,
    "lang": "pt-br",
    "updated": 0
  },
  {
    "id": "80f5fb6b-e57b-4bdf-b50b-863455ed6922",
    "data": [
      {
        "text": "Meu computador tem internet mas não acessa nada",
        "meta": "@descricaoProblema",
        "alias": "descricao",
        "userDefined": true
      }
    ],
    "isTemplate": false,
    "count": 0,
    "lang": "pt-br",
    "updated": 0
  },
  {
    "id": "41cb5a02-f601-465d-a95d-042bc27ec4d2",
    "data": [
      {
        "text": "Tem uma luizinha piscando no gabinete",
        "meta": "@descricaoProblema",
        "alias": "descricao",
        "userDefined": true
      }
    ],
    "isTemplate": false,
    "count": 0,
    "lang": "pt-br",
    "updated": 0
  },
  {
    "id": "02d56f82-8dd6-4e59-968d-f170f988fc1f",
    "data": [
      {
        "text": "Fica aparecendo propagandas do nada na minha tela",
        "meta": "@descricaoProblema",
        "alias": "descricao",
        "userDefined": true
      }
    ],
    "isTemplate": false,
    "count": 0,
    "lang": "pt-br",
    "updated": 0
  },
  {
    "id": "56e08bfd-cd20-4334-94ad-090a2f1abe10",
    "data": [
      {
        "text": "Meu computador não liga",
        "meta": "@descricaoProblema",
        "alias": "descricao",
        "userDefined": true
      }
    ],
    "isTemplate": false,
    "count": 0,
    "lang": "pt-br",
    "updated": 0
  },
  {
    "id": "5fd185f7-3e6f-4635-b894-54679128454c",
    "data": [
      {
        "text": "Não consigo acessar a internet",
        "meta": "@descricaoProblema",
        "alias": "descricao",
        "userDefined": true
      }
    ],
    "isTemplate": false,
    "count": 0,
    "lang": "pt-br",
    "updated": 0
  },
  {
    "id": "02c876e1-9fce-4469-a185-bf9e13ef298c",
    "data": [
      {
        "text": "Meu gabinete esta fazendo um barulho estranho",
        "meta": "@descricaoProblema",
        "alias": "descricao",
        "userDefined": true
      }
    ],
    "isTemplate": false,
    "count": 0,
    "lang": "pt-br",
    "updated": 0
  },
  {
    "id": "5a439386-b968-4d1f-9a75-205b5aeefaf6",
    "data": [
      {
        "text": "Quando tento acessar meu outlook a página não para de carregar",
        "meta": "@descricaoProblema",
        "alias": "descricao",
        "userDefined": true
      }
    ],
    "isTemplate": false,
    "count": 0,
    "lang": "pt-br",
    "updated": 0
  },
  {
    "id": "0ff5ffcd-3dc5-43dd-b20e-308ddbb8ae5b",
    "data": [
      {
        "text": "Meu computador desliga sozinho",
        "meta": "@descricaoProblema",
        "alias": "descricao",
        "userDefined": true
      }
    ],
    "isTemplate": false,
    "count": 0,
    "lang": "pt-br",
    "updated": 0
  },
  {
    "id": "fc1355a6-58cc-4b04-abb5-93f68be9f715",
    "data": [
      {
        "text": "A tela não liga",
        "meta": "@descricaoProblema",
        "alias": "descricao",
        "userDefined": true
      }
    ],
    "isTemplate": false,
    "count": 1,
    "lang": "pt-br",
    "updated": 0
  }
]