[
  {
    "id": "c4e06222-40cf-4a8e-ae75-4d1a96b5b85a",
    "data": [
      {
        "text": "realizar chamada",
        "userDefined": false
      }
    ],
    "isTemplate": false,
    "count": 0,
    "lang": "pt-br",
    "updated": 0
  },
  {
    "id": "f448645b-01cb-4c00-b6bf-0a800afc223a",
    "data": [
      {
        "text": "agendar chamada",
        "userDefined": false
      }
    ],
    "isTemplate": false,
    "count": 0,
    "lang": "pt-br",
    "updated": 0
  },
  {
    "id": "1420da9e-c39b-4f58-9a83-2a63e0cd696a",
    "data": [
      {
        "text": "elaborar chamada",
        "userDefined": false
      }
    ],
    "isTemplate": false,
    "count": 0,
    "lang": "pt-br",
    "updated": 0
  },
  {
    "id": "caa8411d-abac-45c4-9450-b0829c41d70b",
    "data": [
      {
        "text": "fazer chamada",
        "userDefined": false
      }
    ],
    "isTemplate": false,
    "count": 0,
    "lang": "pt-br",
    "updated": 0
  },
  {
    "id": "30595435-c241-4f23-9dba-e056a8cd81ed",
    "data": [
      {
        "text": "como fazer chamada ?",
        "userDefined": false
      }
    ],
    "isTemplate": false,
    "count": 0,
    "lang": "pt-br",
    "updated": 0
  },
  {
    "id": "24f3dc96-3eff-4c8c-8e3f-3728608b4c27",
    "data": [
      {
        "text": "comecar chamada",
        "userDefined": false
      }
    ],
    "isTemplate": false,
    "count": 0,
    "lang": "pt-br",
    "updated": 0
  },
  {
    "id": "8ca588ae-cf21-467e-8dee-5e73fc552ae4",
    "data": [
      {
        "text": "Ajuda do suporte",
        "userDefined": false
      }
    ],
    "isTemplate": false,
    "count": 0,
    "lang": "pt-br",
    "updated": 0
  },
  {
    "id": "e71be817-9ac5-4c5f-8187-39ebbc30c3a7",
    "data": [
      {
        "text": "preciso de assistência com",
        "userDefined": false
      },
      {
        "text": " ",
        "userDefined": false
      },
      {
        "text": "meu computador",
        "userDefined": false
      }
    ],
    "isTemplate": false,
    "count": 0,
    "lang": "pt-br",
    "updated": 0
  },
  {
    "id": "27d60bb1-f7ed-4247-af32-442cdafa9626",
    "data": [
      {
        "text": "preciso do pessoal da ti",
        "userDefined": false
      }
    ],
    "isTemplate": false,
    "count": 0,
    "lang": "pt-br",
    "updated": 0
  },
  {
    "id": "2d4d9f10-cdc5-463f-b893-b412a9734a05",
    "data": [
      {
        "text": "quero iniciar ",
        "userDefined": false
      },
      {
        "text": "uma chamada",
        "userDefined": false
      }
    ],
    "isTemplate": false,
    "count": 0,
    "lang": "pt-br",
    "updated": 0
  },
  {
    "id": "ede25124-c53e-40cd-b264-b8acfa7a7314",
    "data": [
      {
        "text": "chamada",
        "userDefined": false
      }
    ],
    "isTemplate": false,
    "count": 3,
    "lang": "pt-br",
    "updated": 0
  }
]