[
  {
    "id": "f51247f5-4e66-49ba-9098-01f17ce46aa8",
    "data": [
      {
        "text": "Matheus Paixao da Costa",
        "meta": "@sys.person",
        "alias": "nome",
        "userDefined": false
      }
    ],
    "isTemplate": false,
    "count": 0,
    "lang": "pt-br",
    "updated": 0
  },
  {
    "id": "361a386c-77a7-4318-8d14-69563aed9444",
    "data": [
      {
        "text": "guilherme donelli silva",
        "meta": "@sys.person",
        "alias": "nome",
        "userDefined": true
      }
    ],
    "isTemplate": false,
    "count": 0,
    "lang": "pt-br",
    "updated": 0
  },
  {
    "id": "6a1a6e22-cf02-4916-a01c-f64830e231b0",
    "data": [
      {
        "text": "Cesar Araújo Silva",
        "meta": "@sys.person",
        "alias": "nome",
        "userDefined": true
      }
    ],
    "isTemplate": false,
    "count": 0,
    "lang": "pt-br",
    "updated": 0
  },
  {
    "id": "4831b2dc-56a4-4b58-b661-1bf7a5f308a6",
    "data": [
      {
        "text": "Paulo Correia costa",
        "meta": "@sys.person",
        "alias": "nome",
        "userDefined": true
      }
    ],
    "isTemplate": false,
    "count": 0,
    "lang": "pt-br",
    "updated": 0
  },
  {
    "id": "7a1aa7d9-60b7-41e8-8866-62c8fd41f745",
    "data": [
      {
        "text": "Paula Carvalho da Cruz",
        "meta": "@sys.person",
        "alias": "nome",
        "userDefined": false
      }
    ],
    "isTemplate": false,
    "count": 0,
    "lang": "pt-br",
    "updated": 0
  },
  {
    "id": "684b56aa-ec7d-419f-9757-d856a694f585",
    "data": [
      {
        "text": "nome: ",
        "userDefined": false
      },
      {
        "text": "Julia Bertolucci Coutinho",
        "meta": "@sys.person",
        "alias": "nome",
        "userDefined": true
      }
    ],
    "isTemplate": false,
    "count": 0,
    "lang": "pt-br",
    "updated": 0
  },
  {
    "id": "422fd6b9-bb77-4f7c-ad50-611db1dba102",
    "data": [
      {
        "text": "Meu nome é ",
        "userDefined": false
      },
      {
        "text": "João Aroldo Cristóvão",
        "meta": "@sys.person",
        "alias": "nome",
        "userDefined": true
      }
    ],
    "isTemplate": false,
    "count": 0,
    "lang": "pt-br",
    "updated": 0
  },
  {
    "id": "28234430-a473-4586-93a3-2228b0765945",
    "data": [
      {
        "text": "Silvio Santos Brasilio",
        "meta": "@sys.person",
        "alias": "nome",
        "userDefined": true
      }
    ],
    "isTemplate": false,
    "count": 0,
    "lang": "pt-br",
    "updated": 0
  },
  {
    "id": "b341e7b5-967d-4a73-aef9-2c6c641bd365",
    "data": [
      {
        "text": "Pedro Costa da silva",
        "meta": "@sys.person",
        "alias": "nome",
        "userDefined": false
      }
    ],
    "isTemplate": false,
    "count": 0,
    "lang": "pt-br",
    "updated": 0
  },
  {
    "id": "8084b294-c2d6-488e-84e4-ae7c55e54226",
    "data": [
      {
        "text": "Maria Jose Herculino",
        "meta": "@sys.person",
        "alias": "nome",
        "userDefined": true
      }
    ],
    "isTemplate": false,
    "count": 0,
    "lang": "pt-br",
    "updated": 0
  },
  {
    "id": "d47b09b9-a6ec-4d2c-8d67-9c59eaf3b6e1",
    "data": [
      {
        "text": "Beatriz Teodoro da Fonseca",
        "meta": "@sys.person",
        "alias": "nome",
        "userDefined": false
      }
    ],
    "isTemplate": false,
    "count": 0,
    "lang": "pt-br",
    "updated": 0
  },
  {
    "id": "e352a91e-759a-4242-a367-c23beb0a2324",
    "data": [
      {
        "text": "Carlos Miguel de Assunçao",
        "meta": "@sys.person",
        "alias": "nome",
        "userDefined": false
      }
    ],
    "isTemplate": false,
    "count": 0,
    "lang": "pt-br",
    "updated": 0
  },
  {
    "id": "b4204f75-6c55-41c2-8c94-0d6ef0ab38a8",
    "data": [
      {
        "text": "Jose Augusto dos santos",
        "meta": "@sys.person",
        "alias": "nome",
        "userDefined": false
      }
    ],
    "isTemplate": false,
    "count": 0,
    "lang": "pt-br",
    "updated": 0
  },
  {
    "id": "297e16ff-9271-4a84-ba4c-c26fc706d735",
    "data": [
      {
        "text": "Paulo Barbosa Oliveira",
        "meta": "@sys.person",
        "alias": "nome",
        "userDefined": true
      }
    ],
    "isTemplate": false,
    "count": 0,
    "lang": "pt-br",
    "updated": 0
  },
  {
    "id": "f329157a-041e-4303-ab09-ef98c0c9cbb5",
    "data": [
      {
        "text": "João da silva Costa",
        "meta": "@sys.person",
        "alias": "nome",
        "userDefined": true
      }
    ],
    "isTemplate": false,
    "count": 0,
    "lang": "pt-br",
    "updated": 0
  },
  {
    "id": "ad147379-4473-4efa-869a-9513ff24ac59",
    "data": [
      {
        "text": "Paulo da Fonseca Silva",
        "meta": "@sys.person",
        "alias": "nome",
        "userDefined": false
      }
    ],
    "isTemplate": false,
    "count": 0,
    "lang": "pt-br",
    "updated": 0
  },
  {
    "id": "a4994a87-c3cb-46e2-82d0-722251e964a5",
    "data": [
      {
        "text": "paulo fonseca da silva",
        "meta": "@sys.person",
        "alias": "nome",
        "userDefined": false
      }
    ],
    "isTemplate": false,
    "count": 0,
    "lang": "pt-br",
    "updated": 0
  }
]