[
  {
    "id": "69503b52-b990-4fc1-a372-3030d5a4990e",
    "data": [
      {
        "text": "tainara.barbosa@empresa.com.br",
        "meta": "@sys.email",
        "alias": "email",
        "userDefined": true
      }
    ],
    "isTemplate": false,
    "count": 0,
    "lang": "pt-br",
    "updated": 0
  },
  {
    "id": "2c86fc76-b34e-4a79-a219-b2466ffc3dc1",
    "data": [
      {
        "text": "diego.costa@empresa.com.br",
        "meta": "@sys.email",
        "alias": "email",
        "userDefined": true
      }
    ],
    "isTemplate": false,
    "count": 0,
    "lang": "pt-br",
    "updated": 0
  },
  {
    "id": "61edbc0d-a22a-4c40-b88f-292970fdbb69",
    "data": [
      {
        "text": "maciel_rmascedo02@hotmail.com",
        "meta": "@sys.email",
        "alias": "email",
        "userDefined": true
      }
    ],
    "isTemplate": false,
    "count": 0,
    "lang": "pt-br",
    "updated": 0
  },
  {
    "id": "4d12b868-5fae-4d0e-9c06-c509c0110277",
    "data": [
      {
        "text": "paulo.rodrigues@empresa.com.br",
        "meta": "@sys.email",
        "alias": "email",
        "userDefined": true
      }
    ],
    "isTemplate": false,
    "count": 0,
    "lang": "pt-br",
    "updated": 0
  },
  {
    "id": "55aee2ac-df99-4dc0-b655-c0f017ad6baf",
    "data": [
      {
        "text": "assim1564@hotmail.com",
        "meta": "@sys.email",
        "alias": "email",
        "userDefined": true
      }
    ],
    "isTemplate": false,
    "count": 0,
    "lang": "pt-br",
    "updated": 0
  },
  {
    "id": "d3a7b1f2-443c-4b5a-92a5-1c5a986dc2ab",
    "data": [
      {
        "text": "carlos_meneses03@outlook.com",
        "meta": "@sys.email",
        "alias": "email",
        "userDefined": true
      }
    ],
    "isTemplate": false,
    "count": 0,
    "lang": "pt-br",
    "updated": 0
  },
  {
    "id": "a3d1dcb9-f665-474d-875c-f535810aa460",
    "data": [
      {
        "text": "betosantos01@gmail.com",
        "meta": "@sys.email",
        "alias": "email",
        "userDefined": true
      }
    ],
    "isTemplate": false,
    "count": 0,
    "lang": "pt-br",
    "updated": 0
  },
  {
    "id": "5660ae6d-b507-4140-bce2-25bf9feb7d5c",
    "data": [
      {
        "text": "marcosX122@outlook.com",
        "meta": "@sys.email",
        "alias": "email",
        "userDefined": true
      }
    ],
    "isTemplate": false,
    "count": 0,
    "lang": "pt-br",
    "updated": 0
  },
  {
    "id": "772905ad-2cae-49dd-a139-9cd18c43aeca",
    "data": [
      {
        "text": "manu258@hotmail.com",
        "meta": "@sys.email",
        "alias": "email",
        "userDefined": true
      }
    ],
    "isTemplate": false,
    "count": 0,
    "lang": "pt-br",
    "updated": 0
  },
  {
    "id": "ef17a4d7-3528-4f84-b2e2-bebfb8cb8ee0",
    "data": [
      {
        "text": "joaosilva@gmail.com",
        "meta": "@sys.email",
        "alias": "email",
        "userDefined": true
      }
    ],
    "isTemplate": false,
    "count": 0,
    "lang": "pt-br",
    "updated": 0
  },
  {
    "id": "917c0eb1-123a-44b2-ba05-cc5c1a282d07",
    "data": [
      {
        "text": "paulofonseca@gmail.com",
        "userDefined": false
      }
    ],
    "isTemplate": false,
    "count": 0,
    "lang": "pt-br",
    "updated": 0
  },
  {
    "id": "68bdc07f-b30c-44d6-93bf-976ce8f7ee59",
    "data": [
      {
        "text": "paulofonseca@gmail.com",
        "meta": "@sys.email",
        "alias": "email",
        "userDefined": false
      }
    ],
    "isTemplate": false,
    "count": 0,
    "lang": "pt-br",
    "updated": 0
  }
]