[
  {
    "id": "be9f9113-112d-4dfd-8873-98ff7a324f3a",
    "data": [
      {
        "text": "obrigada",
        "userDefined": false
      }
    ],
    "isTemplate": false,
    "count": 0,
    "lang": "pt-br",
    "updated": 0
  },
  {
    "id": "2bbb511c-bd40-40f8-a872-c610ea5c43a5",
    "data": [
      {
        "text": "obrigado",
        "userDefined": false
      }
    ],
    "isTemplate": false,
    "count": 0,
    "lang": "pt-br",
    "updated": 0
  },
  {
    "id": "ecf8d684-b58d-4d94-9217-678ca95b5404",
    "data": [
      {
        "text": "Tudo funcionando",
        "userDefined": false
      }
    ],
    "isTemplate": false,
    "count": 0,
    "lang": "pt-br",
    "updated": 0
  },
  {
    "id": "d176215b-cb6a-41cc-bef2-9313b5023b05",
    "data": [
      {
        "text": "Voltou a pegar",
        "userDefined": false
      }
    ],
    "isTemplate": false,
    "count": 0,
    "lang": "pt-br",
    "updated": 0
  },
  {
    "id": "98c72e31-1f7f-40ce-8469-7d595100a552",
    "data": [
      {
        "text": "funcionou",
        "userDefined": false
      }
    ],
    "isTemplate": false,
    "count": 0,
    "lang": "pt-br",
    "updated": 0
  },
  {
    "id": "9d90a59a-04e0-41c6-a5da-af3e87344cd4",
    "data": [
      {
        "text": "valeu",
        "userDefined": false
      }
    ],
    "isTemplate": false,
    "count": 0,
    "lang": "pt-br",
    "updated": 0
  },
  {
    "id": "400afba9-6906-4916-a6dc-015f0f28c377",
    "data": [
      {
        "text": "Suas dicas deram certo",
        "userDefined": false
      }
    ],
    "isTemplate": false,
    "count": 0,
    "lang": "pt-br",
    "updated": 0
  },
  {
    "id": "a833750e-d093-4490-baf6-f66758e84773",
    "data": [
      {
        "text": "Consegui resolver aqui",
        "userDefined": false
      }
    ],
    "isTemplate": false,
    "count": 1,
    "lang": "pt-br",
    "updated": 0
  },
  {
    "id": "c78fc97a-7f1e-42f0-bba4-6f643bc5f1c1",
    "data": [
      {
        "text": "Deu tudo certo",
        "userDefined": false
      }
    ],
    "isTemplate": false,
    "count": 0,
    "lang": "pt-br",
    "updated": 0
  },
  {
    "id": "a1afbcd7-ae0d-4a07-986e-4b02aa8b9fb0",
    "data": [
      {
        "text": "problema resolvido",
        "userDefined": false
      }
    ],
    "isTemplate": false,
    "count": 0,
    "lang": "pt-br",
    "updated": 0
  },
  {
    "id": "e3ad739f-0c51-47c3-8399-5fed67f3e173",
    "data": [
      {
        "text": "ok",
        "userDefined": false
      }
    ],
    "isTemplate": false,
    "count": 0,
    "lang": "pt-br",
    "updated": 0
  }
]