[
  {
    "id": "5ccb239e-75e2-4ab0-9dbd-889965e393fa",
    "data": [
      {
        "text": "apresente as chamadas ativas",
        "userDefined": false
      }
    ],
    "isTemplate": false,
    "count": 0,
    "lang": "pt-br",
    "updated": 0
  },
  {
    "id": "7181e949-eca2-4142-873f-c8e2d0900f89",
    "data": [
      {
        "text": "por favor liste as chamadas ativas",
        "userDefined": false
      }
    ],
    "isTemplate": false,
    "count": 0,
    "lang": "pt-br",
    "updated": 0
  },
  {
    "id": "ac51a63c-decf-4d40-9079-81f997c2266e",
    "data": [
      {
        "text": "visualizar chamadas ativas",
        "userDefined": false
      }
    ],
    "isTemplate": false,
    "count": 0,
    "lang": "pt-br",
    "updated": 0
  },
  {
    "id": "2c820ad6-78b6-4a7d-ab1e-0a229a9a8da8",
    "data": [
      {
        "text": "como posso ver as chamadas ativas ?",
        "userDefined": false
      }
    ],
    "isTemplate": false,
    "count": 0,
    "lang": "pt-br",
    "updated": 0
  },
  {
    "id": "18b648a4-011a-46aa-b7a7-4b0dd88038ae",
    "data": [
      {
        "text": "quero ver as chamadas ativas",
        "userDefined": false
      }
    ],
    "isTemplate": false,
    "count": 0,
    "lang": "pt-br",
    "updated": 0
  },
  {
    "id": "d7b5224e-d778-40d1-af67-9d54b0f15257",
    "data": [
      {
        "text": "me mostre as chamadas ativas",
        "userDefined": false
      }
    ],
    "isTemplate": false,
    "count": 0,
    "lang": "pt-br",
    "updated": 0
  },
  {
    "id": "75bd2a89-051e-40df-8072-3bfb249d2933",
    "data": [
      {
        "text": "tem Quantas chamadas ativas ?",
        "userDefined": false
      }
    ],
    "isTemplate": false,
    "count": 0,
    "lang": "pt-br",
    "updated": 0
  },
  {
    "id": "665024af-ec6d-4e23-b3f4-4c9a685c241c",
    "data": [
      {
        "text": "Chamadas em aberto",
        "userDefined": false
      }
    ],
    "isTemplate": false,
    "count": 0,
    "lang": "pt-br",
    "updated": 0
  },
  {
    "id": "50d390a7-8994-414e-907c-12acdabed850",
    "data": [
      {
        "text": "quais chamadas estão ativas",
        "userDefined": false
      }
    ],
    "isTemplate": false,
    "count": 0,
    "lang": "pt-br",
    "updated": 0
  },
  {
    "id": "e83b2355-3049-40eb-81a3-b7ce93e1317e",
    "data": [
      {
        "text": "chamadas ativas",
        "userDefined": false
      }
    ],
    "isTemplate": false,
    "count": 0,
    "lang": "pt-br",
    "updated": 0
  }
]