[
  {
    "id": "cc961334-e452-461e-a2d5-ebec8c271bed",
    "data": [
      {
        "text": "quero visualizar as chamadas que já realizei",
        "userDefined": false
      }
    ],
    "isTemplate": false,
    "count": 0,
    "lang": "pt-br",
    "updated": 0
  },
  {
    "id": "5f43d701-1592-404a-a058-ff73e117047e",
    "data": [
      {
        "text": "apresente minhas chamadas",
        "userDefined": false
      }
    ],
    "isTemplate": false,
    "count": 0,
    "lang": "pt-br",
    "updated": 0
  },
  {
    "id": "cbfc2b0d-1d76-446f-afc3-5b66b52e12ef",
    "data": [
      {
        "text": "tenho quantas chamadas ?",
        "userDefined": false
      }
    ],
    "isTemplate": false,
    "count": 0,
    "lang": "pt-br",
    "updated": 0
  },
  {
    "id": "58dac874-7264-4a07-996b-219052bcbfcd",
    "data": [
      {
        "text": "chamadas minhas por favor",
        "userDefined": false
      }
    ],
    "isTemplate": false,
    "count": 0,
    "lang": "pt-br",
    "updated": 0
  },
  {
    "id": "9993d966-4889-49fa-a324-0d499273674b",
    "data": [
      {
        "text": "tem como ver minhas chamadas ?",
        "userDefined": false
      }
    ],
    "isTemplate": false,
    "count": 0,
    "lang": "pt-br",
    "updated": 0
  },
  {
    "id": "168f49bf-7b42-4b0a-9ea2-a86680ebfad3",
    "data": [
      {
        "text": "mostra ai minhas chamadas",
        "userDefined": false
      }
    ],
    "isTemplate": false,
    "count": 0,
    "lang": "pt-br",
    "updated": 0
  },
  {
    "id": "531d00fa-545d-43c0-b9d8-18182d75f058",
    "data": [
      {
        "text": "me mostre minhas chamadas",
        "userDefined": false
      }
    ],
    "isTemplate": false,
    "count": 0,
    "lang": "pt-br",
    "updated": 0
  },
  {
    "id": "51553e96-17db-4fb5-a8ed-461cbd09cccb",
    "data": [
      {
        "text": "quais minhas chamadas",
        "userDefined": false
      }
    ],
    "isTemplate": false,
    "count": 0,
    "lang": "pt-br",
    "updated": 0
  },
  {
    "id": "8169896e-9926-4780-9b73-2a95d794e01a",
    "data": [
      {
        "text": "quero ver minhas chamadas",
        "userDefined": false
      }
    ],
    "isTemplate": false,
    "count": 0,
    "lang": "pt-br",
    "updated": 0
  },
  {
    "id": "f0d49f8a-9403-4013-ac05-f89d1b1bdbee",
    "data": [
      {
        "text": "minhas chamadas",
        "userDefined": false
      }
    ],
    "isTemplate": false,
    "count": 0,
    "lang": "pt-br",
    "updated": 0
  }
]