[
  {
    "id": "72fb6e85-eed4-4745-88da-c33b32e99364",
    "data": [
      {
        "text": "092.811.820-76",
        "meta": "@sys.phone-number",
        "alias": "cpf",
        "userDefined": true
      }
    ],
    "isTemplate": false,
    "count": 0,
    "lang": "pt-br",
    "updated": 0
  },
  {
    "id": "8356a4e3-16d6-400c-9d0a-057d7c5b3d46",
    "data": [
      {
        "text": "526.055.540-66",
        "meta": "@sys.phone-number",
        "alias": "cpf",
        "userDefined": true
      }
    ],
    "isTemplate": false,
    "count": 0,
    "lang": "pt-br",
    "updated": 0
  },
  {
    "id": "2959ba9d-3f8a-42ec-b1e2-1912c8fa2ccf",
    "data": [
      {
        "text": "095.761.185-49",
        "meta": "@sys.phone-number",
        "alias": "cpf",
        "userDefined": true
      }
    ],
    "isTemplate": false,
    "count": 0,
    "lang": "pt-br",
    "updated": 0
  },
  {
    "id": "80b32433-aa2e-471f-9eaf-a0d629aeea5e",
    "data": [
      {
        "text": "243.677.305-06",
        "meta": "@sys.phone-number",
        "alias": "cpf",
        "userDefined": false
      }
    ],
    "isTemplate": false,
    "count": 0,
    "lang": "pt-br",
    "updated": 0
  },
  {
    "id": "96ba7a35-99aa-4882-a8a3-38ed0798074a",
    "data": [
      {
        "text": "058.207.617-07",
        "meta": "@sys.phone-number",
        "alias": "cpf",
        "userDefined": true
      }
    ],
    "isTemplate": false,
    "count": 0,
    "lang": "pt-br",
    "updated": 0
  },
  {
    "id": "79535595-a831-4bb9-8c0d-b02f64ffe9ba",
    "data": [
      {
        "text": "914.224.109-00",
        "meta": "@sys.phone-number",
        "alias": "cpf",
        "userDefined": true
      }
    ],
    "isTemplate": false,
    "count": 0,
    "lang": "pt-br",
    "updated": 0
  },
  {
    "id": "4fbadcec-7606-4f00-ae45-1ff9c088e217",
    "data": [
      {
        "text": "31421541246",
        "meta": "@sys.phone-number",
        "alias": "cpf",
        "userDefined": false
      }
    ],
    "isTemplate": false,
    "count": 0,
    "lang": "pt-br",
    "updated": 0
  },
  {
    "id": "37b8ac60-0bf0-48d9-87f3-c75aa252f2a9",
    "data": [
      {
        "text": "54284798170",
        "meta": "@sys.phone-number",
        "alias": "cpf",
        "userDefined": false
      }
    ],
    "isTemplate": false,
    "count": 0,
    "lang": "pt-br",
    "updated": 0
  },
  {
    "id": "25ec122e-9eb2-43fb-9265-1060d0edb97a",
    "data": [
      {
        "text": "232.542.529-00",
        "meta": "@sys.phone-number",
        "alias": "cpf",
        "userDefined": false
      }
    ],
    "isTemplate": false,
    "count": 0,
    "lang": "pt-br",
    "updated": 0
  },
  {
    "id": "bc674cc5-ec93-4151-85a0-2f190dbf5bd3",
    "data": [
      {
        "text": "751.594.824-82",
        "meta": "@sys.phone-number",
        "alias": "cpf",
        "userDefined": false
      }
    ],
    "isTemplate": false,
    "count": 0,
    "lang": "pt-br",
    "updated": 0
  },
  {
    "id": "ecd09134-8ca3-4e4f-8fac-8fffef277376",
    "data": [
      {
        "text": "846.800.145-71",
        "meta": "@sys.phone-number",
        "alias": "cpf",
        "userDefined": false
      }
    ],
    "isTemplate": false,
    "count": 0,
    "lang": "pt-br",
    "updated": 0
  },
  {
    "id": "359bb1ee-926e-45f9-a39d-6f8ebcb9b6a2",
    "data": [
      {
        "text": "43612464752",
        "meta": "@sys.phone-number",
        "alias": "cpf",
        "userDefined": false
      }
    ],
    "isTemplate": false,
    "count": 0,
    "lang": "pt-br",
    "updated": 0
  },
  {
    "id": "1e901dce-0f95-4b54-a727-7ab35d7cb1b6",
    "data": [
      {
        "text": "64846736326",
        "meta": "@sys.phone-number",
        "alias": "cpf",
        "userDefined": false
      }
    ],
    "isTemplate": false,
    "count": 0,
    "lang": "pt-br",
    "updated": 0
  }
]