[
  {
    "id": "c9eec89c-f63f-4b3d-8ee5-0092a167340c",
    "data": [
      {
        "text": "Não consigo acessar meu ",
        "userDefined": false
      },
      {
        "text": "outlook",
        "meta": "@software",
        "alias": "software",
        "userDefined": true
      }
    ],
    "isTemplate": false,
    "count": 0,
    "lang": "pt-br",
    "updated": 0
  },
  {
    "id": "03f84487-fe43-423c-9e0b-b3803155462c",
    "data": [
      {
        "text": "como faço ",
        "userDefined": false
      },
      {
        "text": "para",
        "userDefined": false
      },
      {
        "text": " instalar o ",
        "userDefined": false
      },
      {
        "text": "outlook",
        "meta": "@software",
        "alias": "software",
        "userDefined": true
      },
      {
        "text": " ?",
        "userDefined": false
      }
    ],
    "isTemplate": false,
    "count": 0,
    "lang": "pt-br",
    "updated": 0
  },
  {
    "id": "446ba462-6949-479b-b97f-5523bf393a34",
    "data": [
      {
        "text": "O ",
        "userDefined": false
      },
      {
        "text": "outlook",
        "meta": "@software",
        "alias": "software",
        "userDefined": true
      },
      {
        "text": " esta muito lento",
        "userDefined": false
      }
    ],
    "isTemplate": false,
    "count": 0,
    "lang": "pt-br",
    "updated": 0
  },
  {
    "id": "8faba7bc-1f7d-466d-ae04-98257253873a",
    "data": [
      {
        "text": "meu ",
        "userDefined": false
      },
      {
        "text": "vpn",
        "meta": "@software",
        "alias": "software",
        "userDefined": true
      },
      {
        "text": " esta lento",
        "userDefined": false
      }
    ],
    "isTemplate": false,
    "count": 0,
    "lang": "pt-br",
    "updated": 0
  },
  {
    "id": "d53bfc16-1b5b-42ee-8506-0a00d14f668b",
    "data": [
      {
        "text": "como instala ",
        "userDefined": false
      },
      {
        "text": "vpn",
        "meta": "@software",
        "alias": "software",
        "userDefined": true
      },
      {
        "text": " ?",
        "userDefined": false
      }
    ],
    "isTemplate": false,
    "count": 0,
    "lang": "pt-br",
    "updated": 0
  },
  {
    "id": "7698ef53-a69c-41fd-aa4f-0be12a816e7f",
    "data": [
      {
        "text": "Não consigo acessar o ",
        "userDefined": false
      },
      {
        "text": "vpn",
        "meta": "@software",
        "alias": "software",
        "userDefined": true
      }
    ],
    "isTemplate": false,
    "count": 0,
    "lang": "pt-br",
    "updated": 0
  },
  {
    "id": "8acc72e5-1bd5-467b-b478-fb310dc36348",
    "data": [
      {
        "text": "pasta",
        "userDefined": false
      }
    ],
    "isTemplate": false,
    "count": 0,
    "lang": "pt-br",
    "updated": 0
  },
  {
    "id": "41582914-b608-42d4-a8f9-a028c81d5085",
    "data": [
      {
        "text": "arquivo",
        "userDefined": false
      }
    ],
    "isTemplate": false,
    "count": 0,
    "lang": "pt-br",
    "updated": 0
  },
  {
    "id": "ba959557-8d5a-49db-84c0-d69e6434aad3",
    "data": [
      {
        "text": "Parte não fisica",
        "userDefined": false
      }
    ],
    "isTemplate": false,
    "count": 0,
    "lang": "pt-br",
    "updated": 0
  },
  {
    "id": "d6887d6a-c093-4b41-8a0c-b4668786b034",
    "data": [
      {
        "text": "Problema na parte logica",
        "userDefined": false
      }
    ],
    "isTemplate": false,
    "count": 0,
    "lang": "pt-br",
    "updated": 0
  },
  {
    "id": "17bb4e71-526b-43ad-8205-880db98bb746",
    "data": [
      {
        "text": "software",
        "userDefined": false
      }
    ],
    "isTemplate": false,
    "count": 0,
    "lang": "pt-br",
    "updated": 0
  }
]