[
  {
    "id": "d48fff8d-5ebb-426d-a5df-1e260db8476a",
    "data": [
      {
        "text": "78",
        "meta": "@sys.number",
        "alias": "id",
        "userDefined": false
      },
      {
        "text": " chamado",
        "userDefined": false
      }
    ],
    "isTemplate": false,
    "count": 0,
    "lang": "pt-br",
    "updated": 0
  },
  {
    "id": "35d2ff4e-e6d3-4a7c-80cc-872e60acfbb5",
    "data": [
      {
        "text": "quero saber sobre o meu chamado",
        "userDefined": false
      }
    ],
    "isTemplate": false,
    "count": 0,
    "lang": "pt-br",
    "updated": 0
  },
  {
    "id": "e448dbc7-dfa5-4b4d-b363-634ecd1e86dd",
    "data": [
      {
        "text": "andamento do chamado ",
        "userDefined": false
      },
      {
        "text": "7",
        "meta": "@sys.number",
        "alias": "id",
        "userDefined": false
      }
    ],
    "isTemplate": false,
    "count": 0,
    "lang": "pt-br",
    "updated": 0
  },
  {
    "id": "2535faff-ee00-4071-ba93-ca292beb4246",
    "data": [
      {
        "text": "chamado ",
        "userDefined": false
      },
      {
        "text": "0",
        "meta": "@sys.number",
        "alias": "id",
        "userDefined": false
      },
      {
        "text": " status",
        "userDefined": false
      }
    ],
    "isTemplate": false,
    "count": 0,
    "lang": "pt-br",
    "updated": 0
  },
  {
    "id": "533eee17-9d1f-4dc5-a60e-6f6a4aa7f21c",
    "data": [
      {
        "text": "os técnicos já olharam o chamado ",
        "userDefined": false
      },
      {
        "text": "45?",
        "meta": "@sys.number",
        "alias": "id",
        "userDefined": false
      }
    ],
    "isTemplate": false,
    "count": 0,
    "lang": "pt-br",
    "updated": 0
  },
  {
    "id": "6800f74f-37b9-4c8f-b6b4-d912ec74d562",
    "data": [
      {
        "text": "informações sobre o meu chamado",
        "userDefined": false
      }
    ],
    "isTemplate": false,
    "count": 0,
    "lang": "pt-br",
    "updated": 0
  },
  {
    "id": "b97f282f-d0ed-412a-8719-584f293c1a13",
    "data": [
      {
        "text": "como consultar o meu chamado?",
        "userDefined": false
      }
    ],
    "isTemplate": false,
    "count": 0,
    "lang": "pt-br",
    "updated": 0
  },
  {
    "id": "ca2432a6-5a8f-4ee8-b083-17a8ab0e9122",
    "data": [
      {
        "text": "como está o meu chamado?",
        "userDefined": false
      }
    ],
    "isTemplate": false,
    "count": 0,
    "lang": "pt-br",
    "updated": 0
  },
  {
    "id": "5fba80e3-6272-4db5-81f7-3a02f169cbec",
    "data": [
      {
        "text": "chamado ",
        "userDefined": false
      },
      {
        "text": "6",
        "meta": "@sys.number",
        "alias": "id",
        "userDefined": false
      }
    ],
    "isTemplate": false,
    "count": 0,
    "lang": "pt-br",
    "updated": 0
  },
  {
    "id": "e6d8b130-9d9a-4e7a-afef-a6f6ba638fae",
    "data": [
      {
        "text": "status do chamado ",
        "userDefined": false
      },
      {
        "text": "34",
        "meta": "@sys.number",
        "alias": "id",
        "userDefined": false
      }
    ],
    "isTemplate": false,
    "count": 0,
    "lang": "pt-br",
    "updated": 0
  }
]