[
  {
    "id": "4aaf9372-5594-4f41-97c1-d5782c1232d1",
    "data": [
      {
        "text": "por",
        "userDefined": false
      },
      {
        "text": " ",
        "userDefined": false
      },
      {
        "text": "gentileza",
        "userDefined": false
      }
    ],
    "isTemplate": false,
    "count": 0,
    "lang": "pt-br",
    "updated": 0
  },
  {
    "id": "af3fe5b3-8ca5-46b5-a958-533f8d2e5038",
    "data": [
      {
        "text": "por favor, me mostra o menu de ajuda",
        "userDefined": false
      }
    ],
    "isTemplate": false,
    "count": 0,
    "lang": "pt-br",
    "updated": 0
  },
  {
    "id": "41b8d0a2-e5f0-4f91-acfe-a128edb1e5ab",
    "data": [
      {
        "text": "desejo ver menu de ajuda",
        "userDefined": false
      }
    ],
    "isTemplate": false,
    "count": 0,
    "lang": "pt-br",
    "updated": 0
  },
  {
    "id": "13152846-ce3e-4b5e-b1a8-58791ee1a996",
    "data": [
      {
        "text": "ver menu de ajuda",
        "userDefined": false
      }
    ],
    "isTemplate": false,
    "count": 0,
    "lang": "pt-br",
    "updated": 0
  },
  {
    "id": "6a9a8502-f1f2-48c5-8854-4ff6db1bb0e2",
    "data": [
      {
        "text": "me mostra o menu de ajuda",
        "userDefined": false
      }
    ],
    "isTemplate": false,
    "count": 0,
    "lang": "pt-br",
    "updated": 0
  },
  {
    "id": "1b62a4b2-fb82-4dab-afae-819d7f63a419",
    "data": [
      {
        "text": "ajuda",
        "userDefined": false
      }
    ],
    "isTemplate": false,
    "count": 0,
    "lang": "pt-br",
    "updated": 0
  },
  {
    "id": "98c8d845-2c36-4dd6-86b5-07788104a09a",
    "data": [
      {
        "text": "menu de ajuda",
        "userDefined": false
      }
    ],
    "isTemplate": false,
    "count": 0,
    "lang": "pt-br",
    "updated": 0
  },
  {
    "id": "edf78cfe-bf72-48cf-91cc-cf335074e991",
    "data": [
      {
        "text": "gostaria de ver o menu de ajuda",
        "userDefined": false
      }
    ],
    "isTemplate": false,
    "count": 0,
    "lang": "pt-br",
    "updated": 0
  },
  {
    "id": "954a9cc2-7daa-41f8-9d74-e22b5d3e6692",
    "data": [
      {
        "text": "faça isso",
        "userDefined": false
      }
    ],
    "isTemplate": false,
    "count": 0,
    "lang": "pt-br",
    "updated": 0
  },
  {
    "id": "3b46c4c1-14b4-42bb-b7d5-38e7d2043d80",
    "data": [
      {
        "text": "confirmar",
        "userDefined": false
      }
    ],
    "isTemplate": false,
    "count": 3,
    "lang": "pt-br",
    "updated": 0
  },
  {
    "id": "9deec0c3-c469-4877-9f1b-901e88ae842f",
    "data": [
      {
        "text": "sim",
        "userDefined": false
      }
    ],
    "isTemplate": false,
    "count": 3,
    "lang": "pt-br",
    "updated": 0
  },
  {
    "id": "ee44902c-4d1e-41f7-942a-ea2932a587dd",
    "data": [
      {
        "text": "isso mesmo",
        "userDefined": false
      }
    ],
    "isTemplate": false,
    "count": 1,
    "lang": "pt-br",
    "updated": 0
  },
  {
    "id": "e1e3af12-9b71-4d8a-bf67-f52ad8e59c7e",
    "data": [
      {
        "text": "concordo",
        "userDefined": false
      }
    ],
    "isTemplate": false,
    "count": 0,
    "lang": "pt-br",
    "updated": 0
  },
  {
    "id": "48b56467-9832-488f-b4e3-c416f288f0e6",
    "data": [
      {
        "text": "parece bom",
        "userDefined": false
      }
    ],
    "isTemplate": false,
    "count": 1,
    "lang": "pt-br",
    "updated": 0
  },
  {
    "id": "81a4475b-a451-4bea-b3ff-2c34dadfae25",
    "data": [
      {
        "text": "claro",
        "userDefined": false
      }
    ],
    "isTemplate": false,
    "count": 2,
    "lang": "pt-br",
    "updated": 0
  },
  {
    "id": "6d1510d2-fe02-4d00-8969-0ef77840ca97",
    "data": [
      {
        "text": "exatamente",
        "userDefined": false
      }
    ],
    "isTemplate": false,
    "count": 1,
    "lang": "pt-br",
    "updated": 0
  },
  {
    "id": "86f78960-fcbf-41b9-9270-96380099f21c",
    "data": [
      {
        "text": "com certeza",
        "userDefined": false
      }
    ],
    "isTemplate": false,
    "count": 0,
    "lang": "pt-br",
    "updated": 0
  }
]