[
  {
    "id": "c364997e-a209-4257-8f0b-b4efffcc3894",
    "data": [
      {
        "text": "meu ",
        "userDefined": false
      },
      {
        "text": "teclado",
        "meta": "@Hardware",
        "alias": "hardware",
        "userDefined": false
      },
      {
        "text": " e ",
        "userDefined": false
      },
      {
        "text": "fone de ouvido",
        "meta": "@Hardware",
        "alias": "hardware",
        "userDefined": false
      },
      {
        "text": " não funcionam",
        "userDefined": false
      }
    ],
    "isTemplate": false,
    "count": 0,
    "lang": "pt-br",
    "updated": 0
  },
  {
    "id": "894a36a9-32ad-4e27-87a9-11e37d6231ad",
    "data": [
      {
        "text": "meu ",
        "userDefined": false
      },
      {
        "text": "notebook",
        "meta": "@Hardware",
        "alias": "hardware",
        "userDefined": false
      },
      {
        "text": " e ",
        "userDefined": false
      },
      {
        "text": "mouse",
        "meta": "@Hardware",
        "alias": "hardware",
        "userDefined": false
      },
      {
        "text": " quebraram",
        "userDefined": false
      }
    ],
    "isTemplate": false,
    "count": 0,
    "lang": "pt-br",
    "updated": 0
  },
  {
    "id": "581a92d2-095e-4caa-a1c3-614d35159893",
    "data": [
      {
        "text": "meu ",
        "userDefined": false
      },
      {
        "text": "computador",
        "meta": "@Hardware",
        "alias": "hardware",
        "userDefined": false
      },
      {
        "text": " não quer ligar e meu ",
        "userDefined": false
      },
      {
        "text": "headset",
        "meta": "@Hardware",
        "alias": "hardware",
        "userDefined": false
      },
      {
        "text": " ",
        "userDefined": false
      },
      {
        "text": "está com",
        "userDefined": false
      },
      {
        "text": " mau funcionamento",
        "userDefined": false
      }
    ],
    "isTemplate": false,
    "count": 0,
    "lang": "pt-br",
    "updated": 0
  },
  {
    "id": "1362a7b1-9019-48bd-960e-ac6a7be8b81e",
    "data": [
      {
        "text": "problema",
        "userDefined": false
      },
      {
        "text": " em ",
        "userDefined": false
      },
      {
        "text": "um",
        "userDefined": false
      },
      {
        "text": " dispositivo",
        "userDefined": false
      }
    ],
    "isTemplate": false,
    "count": 0,
    "lang": "pt-br",
    "updated": 0
  },
  {
    "id": "61d0974c-3796-4b55-aea1-2a3694ba00e6",
    "data": [
      {
        "text": "estou com",
        "userDefined": false
      },
      {
        "text": " problemas no meu hardware",
        "userDefined": false
      }
    ],
    "isTemplate": false,
    "count": 0,
    "lang": "pt-br",
    "updated": 0
  },
  {
    "id": "e8aec60c-0cd1-465f-b93a-37a842597536",
    "data": [
      {
        "text": "chiado",
        "userDefined": false
      },
      {
        "text": " no ",
        "userDefined": false
      },
      {
        "text": "headphone",
        "meta": "@Hardware",
        "alias": "hardware",
        "userDefined": true
      }
    ],
    "isTemplate": false,
    "count": 0,
    "lang": "pt-br",
    "updated": 0
  },
  {
    "id": "a13d24dc-01df-4f89-80e9-fcba1938c98b",
    "data": [
      {
        "text": "algumas ",
        "userDefined": false
      },
      {
        "text": "teclas",
        "userDefined": false
      },
      {
        "text": " do meu ",
        "userDefined": false
      },
      {
        "text": "teclado",
        "meta": "@Hardware",
        "alias": "hardware",
        "userDefined": false
      },
      {
        "text": " não funcionam",
        "userDefined": false
      }
    ],
    "isTemplate": false,
    "count": 0,
    "lang": "pt-br",
    "updated": 0
  },
  {
    "id": "6f89e28c-751c-419b-bb4b-f743f7af176f",
    "data": [
      {
        "text": "mouse",
        "meta": "@Hardware",
        "alias": "hardware",
        "userDefined": false
      },
      {
        "text": " com clique estragado",
        "userDefined": false
      }
    ],
    "isTemplate": false,
    "count": 0,
    "lang": "pt-br",
    "updated": 0
  },
  {
    "id": "697daf33-7d23-4c83-9ecd-6a8a926aba6f",
    "data": [
      {
        "text": "tela ",
        "userDefined": false
      },
      {
        "text": "azul",
        "userDefined": false
      },
      {
        "text": " no meu ",
        "userDefined": false
      },
      {
        "text": "computador",
        "meta": "@Hardware",
        "alias": "hardware",
        "userDefined": false
      }
    ],
    "isTemplate": false,
    "count": 0,
    "lang": "pt-br",
    "updated": 0
  },
  {
    "id": "dd4b124a-7f8a-43e4-9e7d-d693e9b0d283",
    "data": [
      {
        "text": "headset",
        "meta": "@Hardware",
        "alias": "hardware",
        "userDefined": false
      },
      {
        "text": "  funciona só ",
        "userDefined": false
      },
      {
        "text": "um",
        "userDefined": false
      },
      {
        "text": " lado",
        "userDefined": false
      }
    ],
    "isTemplate": false,
    "count": 0,
    "lang": "pt-br",
    "updated": 0
  },
  {
    "id": "b1559291-a1f0-4022-9ab2-fafd4ed81701",
    "data": [
      {
        "text": "notebook",
        "meta": "@Hardware",
        "alias": "hardware",
        "userDefined": false
      },
      {
        "text": " quebrado",
        "userDefined": false
      }
    ],
    "isTemplate": false,
    "count": 0,
    "lang": "pt-br",
    "updated": 0
  },
  {
    "id": "6a9d526c-afd9-4ca9-a905-1eceb8a183b6",
    "data": [
      {
        "text": "computador",
        "meta": "@Hardware",
        "alias": "hardware",
        "userDefined": false
      },
      {
        "text": " quebrou",
        "userDefined": false
      }
    ],
    "isTemplate": false,
    "count": 0,
    "lang": "pt-br",
    "updated": 0
  },
  {
    "id": "f4cb00ed-e7d1-4a3e-a7d8-e568650e39c5",
    "data": [
      {
        "text": "não sai ",
        "userDefined": false
      },
      {
        "text": "som",
        "userDefined": false
      },
      {
        "text": " do ",
        "userDefined": false
      },
      {
        "text": "fone de ouvido",
        "meta": "@Hardware",
        "alias": "hardware",
        "userDefined": false
      }
    ],
    "isTemplate": false,
    "count": 0,
    "lang": "pt-br",
    "updated": 0
  },
  {
    "id": "95bd1c75-c1c4-4c1b-b370-5635844b5c33",
    "data": [
      {
        "text": "notebook",
        "meta": "@Hardware",
        "alias": "hardware",
        "userDefined": false
      },
      {
        "text": " caiu e quebrou",
        "userDefined": false
      }
    ],
    "isTemplate": false,
    "count": 0,
    "lang": "pt-br",
    "updated": 0
  },
  {
    "id": "926279c4-5ab7-4925-8f1c-b02edda226cf",
    "data": [
      {
        "text": "teclado",
        "meta": "@Hardware",
        "alias": "hardware",
        "userDefined": false
      },
      {
        "text": " não digita e ",
        "userDefined": false
      },
      {
        "text": "mouse",
        "meta": "@Hardware",
        "alias": "hardware",
        "userDefined": true
      },
      {
        "text": " não funciona",
        "userDefined": false
      }
    ],
    "isTemplate": false,
    "count": 0,
    "lang": "pt-br",
    "updated": 0
  },
  {
    "id": "be0b0f3e-0a3c-4c71-86e6-b1ffa41fc1ec",
    "data": [
      {
        "text": "headset",
        "meta": "@Hardware",
        "alias": "hardware",
        "userDefined": false
      },
      {
        "text": " não funciona",
        "userDefined": false
      }
    ],
    "isTemplate": false,
    "count": 0,
    "lang": "pt-br",
    "updated": 0
  },
  {
    "id": "22aa1c85-4027-4b36-bc8a-b7773db52771",
    "data": [
      {
        "text": "meu ",
        "userDefined": false
      },
      {
        "text": "mouse",
        "meta": "@Hardware",
        "alias": "hardware",
        "userDefined": false
      },
      {
        "text": " quebrou",
        "userDefined": false
      }
    ],
    "isTemplate": false,
    "count": 0,
    "lang": "pt-br",
    "updated": 0
  },
  {
    "id": "07119564-3ff3-4c68-ba71-5fcd81c8b505",
    "data": [
      {
        "text": "meu ",
        "userDefined": false
      },
      {
        "text": "computado",
        "meta": "@Hardware",
        "alias": "hardware",
        "userDefined": false
      },
      {
        "text": " não liga",
        "userDefined": false
      }
    ],
    "isTemplate": false,
    "count": 0,
    "lang": "pt-br",
    "updated": 0
  }
]