[
  {
    "value": "Computador",
    "synonyms": [
      "Computador",
      "pc",
      "desktop",
      "computador de mesa"
    ]
  },
  {
    "value": "Notebook",
    "synonyms": [
      "notebook",
      "computador portátil",
      "macbook"
    ]
  },
  {
    "value": "Mouse",
    "synonyms": [
      "Mouse"
    ]
  },
  {
    "value": "Teclado",
    "synonyms": [
      "Teclado",
      "keyboard"
    ]
  },
  {
    "value": "Headset",
    "synonyms": [
      "Headset",
      "headphone"
    ]
  },
  {
    "value": "Fone de ouvido",
    "synonyms": [
      "Fone de ouvido",
      "earphone",
      "fone"
    ]
  }
]