[
  {
    "value": "Computador",
    "synonyms": [
      "computador",
      "pc"
    ]
  },
  {
    "value": "Notebook",
    "synonyms": [
      "notebook"
    ]
  },
  {
    "value": "Teclado",
    "synonyms": [
      "teclado"
    ]
  },
  {
    "value": "Mouse",
    "synonyms": [
      "mouse"
    ]
  },
  {
    "value": "Headset",
    "synonyms": [
      "headset",
      "headphone",
      "fones de ouvido",
      "phones"
    ]
  },
  {
    "value": "Microfone",
    "synonyms": [
      "microfone",
      "mic"
    ]
  },
  {
    "value": "Webcam",
    "synonyms": [
      "webcam",
      "cam",
      "camera"
    ]
  },
  {
    "value": "Monitor",
    "synonyms": [
      "monitor",
      "tela"
    ]
  },
  {
    "value": "Caixa de Som",
    "synonyms": [
      "Caixa de Som",
      "Speakers",
      "Soundbar"
    ]
  }
]