[
  {
    "value": "VPN",
    "synonyms": [
      "VPN"
    ]
  },
  {
    "value": "Outlook",
    "synonyms": [
      "Outlook"
    ]
  },
  {
    "value": "Microsoft Ofiice",
    "synonyms": [
      "Microsoft Ofiice",
      "Word",
      "Power Point",
      "Excel",
      "MS Office"
    ]
  },
  {
    "value": "Matlab",
    "synonyms": [
      "Matlab"
    ]
  },
  {
    "value": "Adobe Photoshop",
    "synonyms": [
      "Adobe Photoshop"
    ]
  },
  {
    "value": "Corel Draw",
    "synonyms": [
      "Corel Draw"
    ]
  },
  {
    "value": "AutoCAD",
    "synonyms": [
      "Autocad"
    ]
  },
  {
    "value": "Blender",
    "synonyms": [
      "Blender"
    ]
  }
]