[
  {
    "value": "Problemas ao acessar",
    "synonyms": [
      "Problemas ao acessar",
      "Dificuldade de acesso",
      "sem acesso",
      "não consigo usar",
      "não consigo abrir",
      "não da para abrir"
    ]
  },
  {
    "value": "Não instalado",
    "synonyms": [
      "Não instalado",
      "não está instalado",
      "não consigo achar",
      "não consigo instalar",
      "não instala",
      "como baixar"
    ]
  },
  {
    "value": "Lentidão",
    "synonyms": [
      "Lentidão",
      "Travando",
      "Lento",
      "Travado"
    ]
  }
]