[
  {
    "id": "fc5e66a1-74cb-4bd0-a85a-a4bcbece7add",
    "data": [
      {
        "text": "Help",
        "userDefined": false
      }
    ],
    "isTemplate": false,
    "count": 0,
    "lang": "pt-br",
    "updated": 0
  },
  {
    "id": "1b327473-2bb9-4514-981b-862bf6def7ca",
    "data": [
      {
        "text": "Você pode me ajudar, ",
        "userDefined": false
      },
      {
        "text": "por",
        "userDefined": false
      },
      {
        "text": " favor?",
        "userDefined": false
      }
    ],
    "isTemplate": false,
    "count": 0,
    "lang": "pt-br",
    "updated": 0
  },
  {
    "id": "d48e0b2f-5065-43fb-a4d1-baae0ea7fc93",
    "data": [
      {
        "text": "o que ",
        "userDefined": false
      },
      {
        "text": "devo",
        "userDefined": false
      },
      {
        "text": " fazer?",
        "userDefined": false
      }
    ],
    "isTemplate": false,
    "count": 0,
    "lang": "pt-br",
    "updated": 0
  },
  {
    "id": "0322f116-2a10-427f-a893-741c57112478",
    "data": [
      {
        "text": "o que eu faço?",
        "userDefined": false
      }
    ],
    "isTemplate": false,
    "count": 0,
    "lang": "pt-br",
    "updated": 0
  },
  {
    "id": "d4e0ecd7-e4f0-46df-ae24-9a0c0f965e7e",
    "data": [
      {
        "text": "O que eu faço",
        "userDefined": false
      }
    ],
    "isTemplate": false,
    "count": 0,
    "lang": "pt-br",
    "updated": 0
  },
  {
    "id": "a97566f5-b8d3-4241-8e05-208924596d08",
    "data": [
      {
        "text": "O que você faz",
        "userDefined": false
      }
    ],
    "isTemplate": false,
    "count": 0,
    "lang": "pt-br",
    "updated": 0
  },
  {
    "id": "6f373810-1f2c-4421-aecc-d82c8a3325b1",
    "data": [
      {
        "text": "Começar",
        "userDefined": false
      }
    ],
    "isTemplate": false,
    "count": 0,
    "lang": "pt-br",
    "updated": 0
  },
  {
    "id": "50c9de8f-221e-488d-8326-029eca1bd4a0",
    "data": [
      {
        "text": "iniciar",
        "userDefined": false
      }
    ],
    "isTemplate": false,
    "count": 1,
    "lang": "pt-br",
    "updated": 0
  },
  {
    "id": "41e1f3bb-da20-4f13-a59a-fc7935a9a9c9",
    "data": [
      {
        "text": "Me",
        "userDefined": false
      },
      {
        "text": " ajude",
        "userDefined": false
      }
    ],
    "isTemplate": false,
    "count": 0,
    "lang": "pt-br",
    "updated": 0
  },
  {
    "id": "6d14e25b-ef24-4e56-be19-da05c3c649f2",
    "data": [
      {
        "text": "Ajude",
        "userDefined": false
      }
    ],
    "isTemplate": false,
    "count": 0,
    "lang": "pt-br",
    "updated": 0
  },
  {
    "id": "074453fa-993d-492f-9f33-4d236d2cf4c0",
    "data": [
      {
        "text": "Ajuda por favor",
        "userDefined": false
      }
    ],
    "isTemplate": false,
    "count": 0,
    "lang": "pt-br",
    "updated": 0
  }
]