[
  {
    "id": "4770d9bd-092b-4d9d-b0d4-809142a20c69",
    "data": [
      {
        "text": "estao trabalhando no meu problema?",
        "userDefined": false
      }
    ],
    "isTemplate": false,
    "count": 0,
    "lang": "pt-br",
    "updated": 0
  },
  {
    "id": "5b240f15-c177-4e96-acc1-4efa6287662a",
    "data": [
      {
        "text": "estão trabalhando no meu ",
        "userDefined": false
      },
      {
        "text": "computador",
        "userDefined": false
      }
    ],
    "isTemplate": false,
    "count": 0,
    "lang": "pt-br",
    "updated": 0
  },
  {
    "id": "bdc4296c-b55e-431f-bd23-943ce36568fb",
    "data": [
      {
        "text": "situação do meu dispositivo",
        "userDefined": false
      }
    ],
    "isTemplate": false,
    "count": 0,
    "lang": "pt-br",
    "updated": 0
  },
  {
    "id": "30694cb7-1de6-4c41-8f54-315dd08a1cd0",
    "data": [
      {
        "text": "chamada do suporte",
        "userDefined": false
      }
    ],
    "isTemplate": false,
    "count": 0,
    "lang": "pt-br",
    "updated": 0
  },
  {
    "id": "11169c88-e067-4dcd-8ce6-2915f81c808d",
    "data": [
      {
        "text": "como esta a chamada que eu criei",
        "userDefined": false
      }
    ],
    "isTemplate": false,
    "count": 0,
    "lang": "pt-br",
    "updated": 0
  },
  {
    "id": "703bb315-708c-4ca3-939e-12a76f9697ab",
    "data": [
      {
        "text": "Você pode me mostrar o cadastro da chamada",
        "userDefined": false
      }
    ],
    "isTemplate": false,
    "count": 0,
    "lang": "pt-br",
    "updated": 0
  },
  {
    "id": "d42d15bd-67ff-4c9f-873b-cc4e090daef6",
    "data": [
      {
        "text": "me mostre minhas chamadas",
        "userDefined": false
      }
    ],
    "isTemplate": false,
    "count": 0,
    "lang": "pt-br",
    "updated": 0
  },
  {
    "id": "fabfbe85-57f6-4b39-af62-a49379f0a46f",
    "data": [
      {
        "text": "Ontem",
        "userDefined": false
      },
      {
        "text": " eu criei ",
        "userDefined": false
      },
      {
        "text": "uma",
        "userDefined": false
      },
      {
        "text": " chama no suporte gostaria de ver o cadastro ",
        "userDefined": false
      },
      {
        "text": "dela",
        "userDefined": false
      }
    ],
    "isTemplate": false,
    "count": 0,
    "lang": "pt-br",
    "updated": 0
  },
  {
    "id": "032d2232-2c5d-4a86-a25f-aae62157ee76",
    "data": [
      {
        "text": "mostrar chamadas do suporte",
        "userDefined": false
      }
    ],
    "isTemplate": false,
    "count": 0,
    "lang": "pt-br",
    "updated": 0
  },
  {
    "id": "dba9abe2-a00b-4d47-ba36-d5ed9c072efb",
    "data": [
      {
        "text": "por favor, mostrar as chamadas do suporte",
        "userDefined": false
      }
    ],
    "isTemplate": false,
    "count": 0,
    "lang": "pt-br",
    "updated": 0
  },
  {
    "id": "07f8c4ec-c4e8-4096-8341-a249210d2824",
    "data": [
      {
        "text": "Gostaria de ver minhas chamadas",
        "userDefined": false
      }
    ],
    "isTemplate": false,
    "count": 0,
    "lang": "pt-br",
    "updated": 0
  }
]