[
  {
    "id": "50315387-72f8-4e23-8553-c98c8853b3e5",
    "data": [
      {
        "text": "240.213.242-10",
        "meta": "@CPF",
        "alias": "cpf",
        "userDefined": false
      }
    ],
    "isTemplate": false,
    "count": 0,
    "lang": "pt-br",
    "updated": 0
  },
  {
    "id": "8e024a7d-4810-44e0-9973-df2b0952da8b",
    "data": [
      {
        "text": "421.234.623-4x",
        "meta": "@CPF",
        "alias": "cpf",
        "userDefined": true
      }
    ],
    "isTemplate": false,
    "count": 0,
    "lang": "pt-br",
    "updated": 0
  },
  {
    "id": "9d917ad8-12cc-494b-a1f4-4a7224484493",
    "data": [
      {
        "text": "3942919232x",
        "meta": "@CPF",
        "alias": "cpf",
        "userDefined": true
      }
    ],
    "isTemplate": false,
    "count": 0,
    "lang": "pt-br",
    "updated": 0
  },
  {
    "id": "bf5ebf6a-8cd2-4ca9-842a-52df8e81e92c",
    "data": [
      {
        "text": "ok",
        "userDefined": false
      },
      {
        "text": ", meu cpf é ",
        "userDefined": false
      },
      {
        "text": "123.421.324-40",
        "meta": "@CPF",
        "alias": "cpf",
        "userDefined": false
      }
    ],
    "isTemplate": false,
    "count": 0,
    "lang": "pt-br",
    "updated": 0
  },
  {
    "id": "d35d8307-7ff9-48b0-a1f3-a1d6239fa31a",
    "data": [
      {
        "text": "99999999919",
        "meta": "@CPF",
        "alias": "cpf",
        "userDefined": false
      }
    ],
    "isTemplate": false,
    "count": 0,
    "lang": "pt-br",
    "updated": 0
  },
  {
    "id": "8f83b5b6-1c52-4ee5-b033-88025c61cc30",
    "data": [
      {
        "text": "123402302-10",
        "meta": "@CPF",
        "alias": "cpf",
        "userDefined": false
      }
    ],
    "isTemplate": false,
    "count": 0,
    "lang": "pt-br",
    "updated": 0
  },
  {
    "id": "28d8ab36-77af-485d-ab25-e364bceb680a",
    "data": [
      {
        "text": "meu cpf ",
        "userDefined": false
      },
      {
        "text": "para",
        "userDefined": false
      },
      {
        "text": " consulta é ",
        "userDefined": false
      },
      {
        "text": "242.324.693-50",
        "meta": "@CPF",
        "alias": "cpf",
        "userDefined": false
      }
    ],
    "isTemplate": false,
    "count": 0,
    "lang": "pt-br",
    "updated": 0
  },
  {
    "id": "6674303e-b0cd-4138-b564-2b24bc4a2252",
    "data": [
      {
        "text": "494.303.204-50",
        "meta": "@CPF",
        "alias": "cpf",
        "userDefined": false
      }
    ],
    "isTemplate": false,
    "count": 0,
    "lang": "pt-br",
    "updated": 0
  },
  {
    "id": "f49712d3-7fa9-4800-9a08-01bfe128ae1f",
    "data": [
      {
        "text": "59220120398",
        "meta": "@CPF",
        "alias": "cpf",
        "userDefined": false
      }
    ],
    "isTemplate": false,
    "count": 0,
    "lang": "pt-br",
    "updated": 0
  },
  {
    "id": "f36e6e0f-92b6-476a-8e3c-5bd3de7542f0",
    "data": [
      {
        "text": "431.124.252-40",
        "meta": "@CPF",
        "alias": "cpf",
        "userDefined": false
      }
    ],
    "isTemplate": false,
    "count": 0,
    "lang": "pt-br",
    "updated": 0
  },
  {
    "id": "b9978ea0-37ed-4c58-905b-ef56b93865bb",
    "data": [
      {
        "text": "cpf \u003d ",
        "userDefined": false
      },
      {
        "text": "98423892382",
        "meta": "@CPF",
        "alias": "cpf",
        "userDefined": false
      }
    ],
    "isTemplate": false,
    "count": 0,
    "lang": "pt-br",
    "updated": 0
  },
  {
    "id": "85a6db48-09b4-43f1-9d15-5d17092ed056",
    "data": [
      {
        "text": "12332123429",
        "meta": "@CPF",
        "alias": "cpf",
        "userDefined": false
      }
    ],
    "isTemplate": false,
    "count": 0,
    "lang": "pt-br",
    "updated": 0
  },
  {
    "id": "d08a06c5-5a84-4f29-89aa-0b0e22bb85ac",
    "data": [
      {
        "text": "Meu cpf é ",
        "userDefined": false
      },
      {
        "text": "43453459650",
        "meta": "@CPF",
        "alias": "cpf",
        "userDefined": false
      }
    ],
    "isTemplate": false,
    "count": 0,
    "lang": "pt-br",
    "updated": 0
  }
]