[
  {
    "id": "0972dd89-6e58-4499-992a-14ab0b7ab6cb",
    "data": [
      {
        "text": "emaildobol@bol.com.br",
        "meta": "@sys.email",
        "alias": "email",
        "userDefined": true
      }
    ],
    "isTemplate": false,
    "count": 0,
    "lang": "pt-br",
    "updated": 0
  },
  {
    "id": "06278191-b37a-4135-94f7-83b1eac558f1",
    "data": [
      {
        "text": "meu email é ",
        "userDefined": false
      },
      {
        "text": "generico@maisgenericoainda.com.br",
        "meta": "@sys.email",
        "alias": "email",
        "userDefined": true
      }
    ],
    "isTemplate": false,
    "count": 0,
    "lang": "pt-br",
    "updated": 0
  },
  {
    "id": "26e7507b-a755-43f0-866b-9f92d3abc79e",
    "data": [
      {
        "text": "emailgenerico@gmail.com",
        "meta": "@sys.email",
        "alias": "email",
        "userDefined": true
      }
    ],
    "isTemplate": false,
    "count": 0,
    "lang": "pt-br",
    "updated": 0
  },
  {
    "id": "25761b74-0e63-4224-8e97-c640132aaf87",
    "data": [
      {
        "text": "meu email é ",
        "userDefined": false
      },
      {
        "text": "joaosilva@emailg.com",
        "meta": "@sys.email",
        "alias": "email",
        "userDefined": true
      }
    ],
    "isTemplate": false,
    "count": 0,
    "lang": "pt-br",
    "updated": 0
  },
  {
    "id": "a95c8873-690a-44f8-9f37-db72a02fa18b",
    "data": [
      {
        "text": "ciclana@email.com",
        "meta": "@sys.email",
        "alias": "email",
        "userDefined": true
      }
    ],
    "isTemplate": false,
    "count": 0,
    "lang": "pt-br",
    "updated": 0
  },
  {
    "id": "ff1386c3-9e73-4115-b5c0-4b84a4db50dc",
    "data": [
      {
        "text": "fulano@email.com",
        "meta": "@sys.email",
        "alias": "email",
        "userDefined": true
      }
    ],
    "isTemplate": false,
    "count": 0,
    "lang": "pt-br",
    "updated": 0
  },
  {
    "id": "c89478f5-3ef7-4dc1-ba8e-0b5990d75f05",
    "data": [
      {
        "text": "Meu nome é ",
        "userDefined": false
      },
      {
        "text": "Julia",
        "meta": "@sys.person",
        "alias": "nome",
        "userDefined": false
      }
    ],
    "isTemplate": false,
    "count": 0,
    "lang": "pt-br",
    "updated": 0
  },
  {
    "id": "80ab9af5-a9a4-4878-9912-9066abf2a4a1",
    "data": [
      {
        "text": "Meu nome é ",
        "userDefined": false
      },
      {
        "text": "Julio",
        "meta": "@sys.person",
        "alias": "nome",
        "userDefined": false
      }
    ],
    "isTemplate": false,
    "count": 0,
    "lang": "pt-br",
    "updated": 0
  },
  {
    "id": "d4b0adf0-6b8a-4223-b86b-82c804322b75",
    "data": [
      {
        "text": "Carlos",
        "meta": "@sys.person",
        "alias": "nome",
        "userDefined": false
      }
    ],
    "isTemplate": false,
    "count": 0,
    "lang": "pt-br",
    "updated": 0
  },
  {
    "id": "bdc1b077-0ad9-4ac0-a2a9-1b2cf2487315",
    "data": [
      {
        "text": "Joana",
        "meta": "@sys.person",
        "alias": "nome",
        "userDefined": false
      }
    ],
    "isTemplate": false,
    "count": 0,
    "lang": "pt-br",
    "updated": 0
  },
  {
    "id": "098537a9-a715-4eeb-a1b7-aa8c6e0e96a5",
    "data": [
      {
        "text": "Joaquim",
        "meta": "@sys.person",
        "alias": "nome",
        "userDefined": false
      },
      {
        "text": " é meu nome",
        "userDefined": false
      }
    ],
    "isTemplate": false,
    "count": 0,
    "lang": "pt-br",
    "updated": 0
  },
  {
    "id": "056c6c82-90f0-49b9-82f9-f1337a0f5955",
    "data": [
      {
        "text": "Meu nome é ",
        "userDefined": false
      },
      {
        "text": "Ana",
        "meta": "@sys.person",
        "alias": "nome",
        "userDefined": false
      }
    ],
    "isTemplate": false,
    "count": 0,
    "lang": "pt-br",
    "updated": 0
  },
  {
    "id": "90aa711f-7133-4e49-a521-396f5b99b7d5",
    "data": [
      {
        "text": "meu nome é ",
        "userDefined": false
      },
      {
        "text": "Fulandetal",
        "meta": "@sys.person",
        "alias": "nome",
        "userDefined": true
      }
    ],
    "isTemplate": false,
    "count": 0,
    "lang": "pt-br",
    "updated": 0
  },
  {
    "id": "d1a94c2f-dd55-4573-9d57-d052c1a883f0",
    "data": [
      {
        "text": "Fulana Ciclana",
        "meta": "@sys.person",
        "alias": "nome",
        "userDefined": false
      }
    ],
    "isTemplate": false,
    "count": 1,
    "lang": "pt-br",
    "updated": 0
  },
  {
    "id": "83340076-2a72-4ae0-a1b1-328528782534",
    "data": [
      {
        "text": "João Ninguém",
        "meta": "@sys.person",
        "alias": "nome",
        "userDefined": false
      }
    ],
    "isTemplate": false,
    "count": 0,
    "lang": "pt-br",
    "updated": 0
  },
  {
    "id": "53c1bf9c-05ca-414e-8dd0-8744d11ec058",
    "data": [
      {
        "text": "Jonh Doe",
        "meta": "@sys.person",
        "alias": "nome",
        "userDefined": false
      }
    ],
    "isTemplate": false,
    "count": 0,
    "lang": "pt-br",
    "updated": 0
  },
  {
    "id": "bb4e8333-9e16-453e-9a03-cff6eb1b8fac",
    "data": [
      {
        "text": "meu nome é ",
        "userDefined": false
      },
      {
        "text": "Fulano Ciclano",
        "meta": "@sys.person",
        "alias": "nome",
        "userDefined": true
      }
    ],
    "isTemplate": false,
    "count": 0,
    "lang": "pt-br",
    "updated": 0
  },
  {
    "id": "94478f64-2e26-405b-8444-a38cad0cfdae",
    "data": [
      {
        "text": "telefone é ",
        "userDefined": false
      },
      {
        "text": "(59) 19618-5912",
        "meta": "@sys.phone-number",
        "alias": "telefone",
        "userDefined": false
      }
    ],
    "isTemplate": false,
    "count": 0,
    "lang": "pt-br",
    "updated": 0
  },
  {
    "id": "d67c199b-f162-4787-9ac3-6e2a91e4ac7b",
    "data": [
      {
        "text": "fone \u003d ",
        "userDefined": false
      },
      {
        "text": "(59) 19618-5956",
        "meta": "@sys.phone-number",
        "alias": "telefone",
        "userDefined": false
      }
    ],
    "isTemplate": false,
    "count": 0,
    "lang": "pt-br",
    "updated": 0
  },
  {
    "id": "7c4d759a-65fc-4674-a737-d5633b43b43a",
    "data": [
      {
        "text": "68196185865",
        "meta": "@CPF",
        "alias": "CPF",
        "userDefined": false
      }
    ],
    "isTemplate": false,
    "count": 0,
    "lang": "pt-br",
    "updated": 0
  },
  {
    "id": "f6574526-3194-4dae-974d-e81e9f0757b9",
    "data": [
      {
        "text": "5919618-5956",
        "meta": "@sys.phone-number",
        "alias": "telefone",
        "userDefined": false
      }
    ],
    "isTemplate": false,
    "count": 0,
    "lang": "pt-br",
    "updated": 0
  },
  {
    "id": "232b6aab-b7b8-4edf-8944-f318609e3005",
    "data": [
      {
        "text": "74 37841-7231",
        "meta": "@sys.phone-number",
        "alias": "telefone",
        "userDefined": false
      }
    ],
    "isTemplate": false,
    "count": 0,
    "lang": "pt-br",
    "updated": 0
  },
  {
    "id": "1c64e89f-6a54-4f68-9122-42543f8aa537",
    "data": [
      {
        "text": "(76) 68551-2423",
        "meta": "@sys.phone-number",
        "alias": "telefone",
        "userDefined": false
      }
    ],
    "isTemplate": false,
    "count": 0,
    "lang": "pt-br",
    "updated": 0
  },
  {
    "id": "07397212-b2ab-475b-9a53-df2452ad0d4a",
    "data": [
      {
        "text": "aqui está meu telefone ",
        "userDefined": false
      },
      {
        "text": "(65) 66785-8795",
        "meta": "@sys.phone-number",
        "alias": "telefone",
        "userDefined": false
      }
    ],
    "isTemplate": false,
    "count": 0,
    "lang": "pt-br",
    "updated": 0
  },
  {
    "id": "bb5d61fa-3253-4054-bfad-674115ffb87f",
    "data": [
      {
        "text": "184791105",
        "meta": "@sys.phone-number",
        "alias": "telefone",
        "userDefined": false
      }
    ],
    "isTemplate": false,
    "count": 0,
    "lang": "pt-br",
    "updated": 0
  },
  {
    "id": "ef56c8b1-55e6-41df-9331-1c81f3cc40c0",
    "data": [
      {
        "text": "(87) 65093-0735",
        "meta": "@sys.phone-number",
        "alias": "telefone",
        "userDefined": false
      },
      {
        "text": " esse é meu telefone",
        "userDefined": false
      }
    ],
    "isTemplate": false,
    "count": 0,
    "lang": "pt-br",
    "updated": 0
  },
  {
    "id": "9fd82d55-ba78-4e42-a81b-a6dd7ca1f43a",
    "data": [
      {
        "text": "sim, o telefone é ",
        "userDefined": false
      },
      {
        "text": "(20) 31745-5502",
        "meta": "@sys.phone-number",
        "alias": "telefone",
        "userDefined": false
      }
    ],
    "isTemplate": false,
    "count": 0,
    "lang": "pt-br",
    "updated": 0
  },
  {
    "id": "9a894efd-3026-4052-8aa1-da71da0f6237",
    "data": [
      {
        "text": "meu fone é ",
        "userDefined": false
      },
      {
        "text": "(20) 31745-5502",
        "meta": "@sys.phone-number",
        "alias": "telefone",
        "userDefined": false
      }
    ],
    "isTemplate": false,
    "count": 0,
    "lang": "pt-br",
    "updated": 0
  },
  {
    "id": "36d21dd1-a956-46e5-9688-3b03ca3650b3",
    "data": [
      {
        "text": "posso informar meu cpf, meu cpf é ",
        "userDefined": false
      },
      {
        "text": "89352367550",
        "meta": "@CPF",
        "alias": "CPF",
        "userDefined": false
      }
    ],
    "isTemplate": false,
    "count": 0,
    "lang": "pt-br",
    "updated": 0
  },
  {
    "id": "7319b52f-e884-4b8e-8a88-f2ee5eb75ad4",
    "data": [
      {
        "text": "(18)9974844994",
        "meta": "@sys.phone-number",
        "alias": "telefone",
        "userDefined": false
      }
    ],
    "isTemplate": false,
    "count": 0,
    "lang": "pt-br",
    "updated": 0
  },
  {
    "id": "1f48b0c8-d6d9-4f04-9b7f-6afd9e9f567b",
    "data": [
      {
        "text": "cpf \u003d ",
        "userDefined": false
      },
      {
        "text": "09887212376",
        "meta": "@CPF",
        "alias": "CPF",
        "userDefined": false
      }
    ],
    "isTemplate": false,
    "count": 0,
    "lang": "pt-br",
    "updated": 0
  },
  {
    "id": "598e4a78-b26c-4884-a9e9-5da09d3a7b80",
    "data": [
      {
        "text": "vou informar meu cpf: ",
        "userDefined": false
      },
      {
        "text": "987.345.234-60",
        "meta": "@CPF",
        "alias": "CPF",
        "userDefined": false
      }
    ],
    "isTemplate": false,
    "count": 0,
    "lang": "pt-br",
    "updated": 0
  },
  {
    "id": "fd32a75b-d020-467a-809a-d2abd152fc66",
    "data": [
      {
        "text": "51212363459",
        "meta": "@CPF",
        "alias": "CPF",
        "userDefined": false
      }
    ],
    "isTemplate": false,
    "count": 0,
    "lang": "pt-br",
    "updated": 0
  },
  {
    "id": "0dd0fd30-9d15-4ace-bb64-d43e51cf6127",
    "data": [
      {
        "text": "467.236.123-20",
        "meta": "@CPF",
        "alias": "CPF",
        "userDefined": false
      },
      {
        "text": " esse é meu CPF",
        "userDefined": false
      }
    ],
    "isTemplate": false,
    "count": 0,
    "lang": "pt-br",
    "updated": 0
  },
  {
    "id": "075794a6-bf30-430e-9b15-4409c1f7f4ca",
    "data": [
      {
        "text": "632.125.124-20",
        "meta": "@CPF",
        "alias": "CPF",
        "userDefined": false
      }
    ],
    "isTemplate": false,
    "count": 0,
    "lang": "pt-br",
    "updated": 0
  },
  {
    "id": "3ae0f86a-8a37-4fdc-9675-1eccb8eb9b2e",
    "data": [
      {
        "text": "meu cpf é ",
        "userDefined": false
      },
      {
        "text": "534.123.633-70",
        "meta": "@CPF",
        "alias": "CPF",
        "userDefined": false
      }
    ],
    "isTemplate": false,
    "count": 0,
    "lang": "pt-br",
    "updated": 0
  },
  {
    "id": "176ef94c-19aa-467e-8998-35db2ca20190",
    "data": [
      {
        "text": "102.134.213-24",
        "meta": "@CPF",
        "alias": "CPF",
        "userDefined": false
      }
    ],
    "isTemplate": false,
    "count": 0,
    "lang": "pt-br",
    "updated": 0
  },
  {
    "id": "a48eca4f-0290-4cb1-a754-fb219096a225",
    "data": [
      {
        "text": "43463849356",
        "meta": "@CPF",
        "alias": "CPF",
        "userDefined": false
      }
    ],
    "isTemplate": false,
    "count": 0,
    "lang": "pt-br",
    "updated": 0
  },
  {
    "id": "530730c7-2f7d-47ce-91f2-60a1921c2475",
    "data": [
      {
        "text": "11111111111",
        "meta": "@CPF",
        "alias": "CPF",
        "userDefined": false
      }
    ],
    "isTemplate": false,
    "count": 0,
    "lang": "pt-br",
    "updated": 0
  }
]