[
  {
    "id": "5e371ea2-c2ae-46bc-b37c-fa1a4ec471c0",
    "data": [
      {
        "text": "Bye",
        "userDefined": false
      }
    ],
    "isTemplate": false,
    "count": 0,
    "lang": "pt-br",
    "updated": 0
  },
  {
    "id": "51dba1a2-2985-4f27-86f0-78cce194d563",
    "data": [
      {
        "text": "Adios",
        "userDefined": false
      }
    ],
    "isTemplate": false,
    "count": 0,
    "lang": "pt-br",
    "updated": 0
  },
  {
    "id": "2b605b6b-3deb-4b44-9c3e-643c7c0fc5f4",
    "data": [
      {
        "text": "Adeus",
        "userDefined": false
      }
    ],
    "isTemplate": false,
    "count": 0,
    "lang": "pt-br",
    "updated": 0
  },
  {
    "id": "3b7d507f-3c90-442c-8a43-7756cb7c7812",
    "data": [
      {
        "text": "Até daqui a pouco",
        "userDefined": false
      }
    ],
    "isTemplate": false,
    "count": 0,
    "lang": "pt-br",
    "updated": 0
  },
  {
    "id": "84dd72f3-442c-494d-a1ff-12d87e11a1fe",
    "data": [
      {
        "text": "Obrigado",
        "userDefined": false
      }
    ],
    "isTemplate": false,
    "count": 0,
    "lang": "pt-br",
    "updated": 0
  },
  {
    "id": "7166ba3d-5fde-4771-af11-5271ac6d3f18",
    "data": [
      {
        "text": "Até",
        "userDefined": false
      }
    ],
    "isTemplate": false,
    "count": 0,
    "lang": "pt-br",
    "updated": 0
  },
  {
    "id": "bf70af8b-b277-476b-a0d4-954bbbe4d03e",
    "data": [
      {
        "text": "Até mais ",
        "userDefined": false
      },
      {
        "text": "tarde",
        "userDefined": false
      }
    ],
    "isTemplate": false,
    "count": 0,
    "lang": "pt-br",
    "updated": 0
  },
  {
    "id": "9d5db213-4862-47ab-8eb9-348942ed05e0",
    "data": [
      {
        "text": "Até logo",
        "userDefined": false
      }
    ],
    "isTemplate": false,
    "count": 0,
    "lang": "pt-br",
    "updated": 0
  },
  {
    "id": "44879aa3-fad3-4273-b460-b8d83bfc1f09",
    "data": [
      {
        "text": "Tchau",
        "userDefined": false
      }
    ],
    "isTemplate": false,
    "count": 0,
    "lang": "pt-br",
    "updated": 0
  },
  {
    "id": "f2b25b47-4a03-413a-863e-5d4f2db6bae5",
    "data": [
      {
        "text": "Até mais",
        "userDefined": false
      }
    ],
    "isTemplate": false,
    "count": 0,
    "lang": "pt-br",
    "updated": 0
  }
]