[
  {
    "id": "da5a1e31-f41f-43f3-81a0-cae4562049fb",
    "data": [
      {
        "text": "nao esta entrando",
        "meta": "@TipoProblemaSoftware",
        "alias": "problemaSoftware",
        "userDefined": false
      }
    ],
    "isTemplate": false,
    "count": 0,
    "lang": "pt-br",
    "updated": 0
  },
  {
    "id": "054780b2-4f34-4913-b220-f5c25eedec68",
    "data": [
      {
        "text": "não entra",
        "meta": "@TipoProblemaSoftware",
        "alias": "problemaSoftware",
        "userDefined": false
      }
    ],
    "isTemplate": false,
    "count": 0,
    "lang": "pt-br",
    "updated": 0
  },
  {
    "id": "6b54cf34-4a22-4041-b7ea-9c2496debea3",
    "data": [
      {
        "text": "não consigo logar",
        "meta": "@TipoProblemaSoftware",
        "alias": "problemaSoftware",
        "userDefined": false
      }
    ],
    "isTemplate": false,
    "count": 0,
    "lang": "pt-br",
    "updated": 0
  },
  {
    "id": "02a1d9db-0ecc-4118-a66d-b462eb39c156",
    "data": [
      {
        "text": "não consigo instalar",
        "meta": "@TipoProblemaSoftware",
        "alias": "problemaSoftware",
        "userDefined": false
      }
    ],
    "isTemplate": false,
    "count": 0,
    "lang": "pt-br",
    "updated": 0
  },
  {
    "id": "b6fa46cc-28de-4347-bfed-dcb5dd3c6bd7",
    "data": [
      {
        "text": "esta travando",
        "meta": "@TipoProblemaSoftware",
        "alias": "problemaSoftware",
        "userDefined": false
      }
    ],
    "isTemplate": false,
    "count": 0,
    "lang": "pt-br",
    "updated": 0
  },
  {
    "id": "b9febc9a-4c7f-4cf1-8ed6-b4466b5cba06",
    "data": [
      {
        "text": "esta lento",
        "meta": "@TipoProblemaSoftware",
        "alias": "problemaSoftware",
        "userDefined": false
      }
    ],
    "isTemplate": false,
    "count": 0,
    "lang": "pt-br",
    "updated": 0
  },
  {
    "id": "032f8387-95f3-4d03-870a-e16cd78951fa",
    "data": [
      {
        "text": "Email",
        "meta": "@Software",
        "alias": "software",
        "userDefined": false
      },
      {
        "text": " com problema",
        "userDefined": false
      }
    ],
    "isTemplate": false,
    "count": 0,
    "lang": "pt-br",
    "updated": 0
  },
  {
    "id": "fdbdb17d-2b0f-444e-98e0-f104e0906c4c",
    "data": [
      {
        "text": "tenho problemas com",
        "userDefined": false
      },
      {
        "text": " a ",
        "userDefined": false
      },
      {
        "text": "vpn",
        "meta": "@Software",
        "alias": "software",
        "userDefined": false
      }
    ],
    "isTemplate": false,
    "count": 0,
    "lang": "pt-br",
    "updated": 0
  },
  {
    "id": "f365f149-ef60-4f8c-8e0b-a7fc2631c628",
    "data": [
      {
        "text": "estou com problema com",
        "userDefined": false
      },
      {
        "text": " o ",
        "userDefined": false
      },
      {
        "text": "email",
        "meta": "@Software",
        "alias": "software",
        "userDefined": false
      }
    ],
    "isTemplate": false,
    "count": 0,
    "lang": "pt-br",
    "updated": 0
  },
  {
    "id": "bb6f0cb6-52c3-453c-ba96-c9cd2a30bddd",
    "data": [
      {
        "text": "email",
        "meta": "@Software",
        "alias": "software",
        "userDefined": false
      },
      {
        "text": " ",
        "userDefined": false
      },
      {
        "text": "está travando",
        "meta": "@TipoProblemaSoftware",
        "alias": "problemaSoftware",
        "userDefined": false
      }
    ],
    "isTemplate": false,
    "count": 0,
    "lang": "pt-br",
    "updated": 0
  },
  {
    "id": "b947800f-cae6-4e0b-a657-cd2917db7523",
    "data": [
      {
        "text": "VPN",
        "meta": "@Software",
        "alias": "software",
        "userDefined": false
      },
      {
        "text": " ",
        "userDefined": false
      },
      {
        "text": "está travando",
        "meta": "@TipoProblemaSoftware",
        "alias": "problemaSoftware",
        "userDefined": true
      }
    ],
    "isTemplate": false,
    "count": 1,
    "lang": "pt-br",
    "updated": 0
  },
  {
    "id": "3fe871e9-1d41-422f-b8e3-da69d6f3997d",
    "data": [
      {
        "text": "Não carrega nada",
        "meta": "@TipoProblemaSoftware",
        "alias": "problemaSoftware",
        "userDefined": true
      },
      {
        "text": " no meu ",
        "userDefined": false
      },
      {
        "text": "email",
        "meta": "@Software",
        "alias": "software",
        "userDefined": false
      }
    ],
    "isTemplate": false,
    "count": 0,
    "lang": "pt-br",
    "updated": 0
  },
  {
    "id": "9c0b59b8-2742-4d40-9ea6-c913e1d2b131",
    "data": [
      {
        "text": "Entro no ",
        "userDefined": false
      },
      {
        "text": "email",
        "meta": "@Software",
        "alias": "software",
        "userDefined": false
      },
      {
        "text": " mas ",
        "userDefined": false
      },
      {
        "text": "não carrega nada",
        "meta": "@TipoProblemaSoftware",
        "alias": "problemaSoftware",
        "userDefined": true
      }
    ],
    "isTemplate": false,
    "count": 0,
    "lang": "pt-br",
    "updated": 0
  },
  {
    "id": "2aed41e1-9ae5-478d-9eaa-e73f608c07f4",
    "data": [
      {
        "text": "Estou com",
        "userDefined": false
      },
      {
        "text": " ",
        "userDefined": false
      },
      {
        "text": "problemas para acessar",
        "meta": "@TipoProblemaSoftware",
        "alias": "problemaSoftware",
        "userDefined": false
      },
      {
        "text": " o meu ",
        "userDefined": false
      },
      {
        "text": "email",
        "meta": "@Software",
        "alias": "software",
        "userDefined": false
      }
    ],
    "isTemplate": false,
    "count": 0,
    "lang": "pt-br",
    "updated": 0
  },
  {
    "id": "3a1a6a67-f383-464f-970d-5cbfa8539676",
    "data": [
      {
        "text": "Estou com",
        "userDefined": false
      },
      {
        "text": " ",
        "userDefined": false
      },
      {
        "text": "problema para instalar",
        "meta": "@TipoProblemaSoftware",
        "alias": "problemaSoftware",
        "userDefined": true
      },
      {
        "text": " a ",
        "userDefined": false
      },
      {
        "text": "vpn",
        "meta": "@Software",
        "alias": "software",
        "userDefined": false
      },
      {
        "text": " ",
        "userDefined": false
      },
      {
        "text": "na no",
        "userDefined": false
      },
      {
        "text": " ",
        "userDefined": false
      },
      {
        "text": "meu computador",
        "userDefined": false
      }
    ],
    "isTemplate": false,
    "count": 0,
    "lang": "pt-br",
    "updated": 0
  },
  {
    "id": "48dc53cc-b081-4841-b9b4-bc5f990ec6a3",
    "data": [
      {
        "text": "VPN",
        "meta": "@Software",
        "alias": "software",
        "userDefined": false
      },
      {
        "text": " tava normal ",
        "userDefined": false
      },
      {
        "text": "ontem",
        "userDefined": false
      },
      {
        "text": ", agora hoje ta ",
        "userDefined": false
      },
      {
        "text": "com lentidão",
        "meta": "@TipoProblemaSoftware",
        "alias": "problemaSoftware",
        "userDefined": true
      },
      {
        "text": ", poderia verificar?",
        "userDefined": false
      }
    ],
    "isTemplate": false,
    "count": 0,
    "lang": "pt-br",
    "updated": 0
  },
  {
    "id": "0e1f80ed-428e-42c3-a116-65b1eafeae07",
    "data": [
      {
        "text": "outlook",
        "meta": "@Software",
        "alias": "software",
        "userDefined": false
      },
      {
        "text": " está ",
        "userDefined": false
      },
      {
        "text": "muito devagar",
        "meta": "@TipoProblemaSoftware",
        "alias": "problemaSoftware",
        "userDefined": true
      }
    ],
    "isTemplate": false,
    "count": 0,
    "lang": "pt-br",
    "updated": 0
  },
  {
    "id": "0298a70a-13e0-4c63-b9fa-7b41a204cfee",
    "data": [
      {
        "text": "não estou conseguindo logar",
        "meta": "@TipoProblemaSoftware",
        "alias": "problemaSoftware",
        "userDefined": true
      },
      {
        "text": " na ",
        "userDefined": false
      },
      {
        "text": "vpn",
        "meta": "@Software",
        "alias": "software",
        "userDefined": false
      }
    ],
    "isTemplate": false,
    "count": 0,
    "lang": "pt-br",
    "updated": 0
  },
  {
    "id": "f4f686f3-0aa7-4a45-8563-d18466eb9511",
    "data": [
      {
        "text": "até ",
        "userDefined": false
      },
      {
        "text": "hoje de manha",
        "userDefined": false
      },
      {
        "text": " tava logado no meu ",
        "userDefined": false
      },
      {
        "text": "email",
        "meta": "@Software",
        "alias": "software",
        "userDefined": false
      },
      {
        "text": ", ",
        "userDefined": false
      },
      {
        "text": "agora",
        "userDefined": false
      },
      {
        "text": " a ",
        "userDefined": false
      },
      {
        "text": "tarde",
        "userDefined": false
      },
      {
        "text": " fui ",
        "userDefined": false
      },
      {
        "text": "logar",
        "userDefined": false
      },
      {
        "text": " na outra maquina e ",
        "userDefined": false
      },
      {
        "text": "não funcionava de jeito nenhum o login",
        "meta": "@TipoProblemaSoftware",
        "alias": "problemaSoftware",
        "userDefined": true
      }
    ],
    "isTemplate": false,
    "count": 0,
    "lang": "pt-br",
    "updated": 0
  },
  {
    "id": "f5738523-8db2-46b3-8d16-f45e5164e633",
    "data": [
      {
        "text": "não consigo instalar",
        "meta": "@TipoProblemaSoftware",
        "alias": "problemaSoftware",
        "userDefined": true
      },
      {
        "text": " a versão desktop do ",
        "userDefined": false
      },
      {
        "text": "email",
        "meta": "@Software",
        "alias": "software",
        "userDefined": false
      },
      {
        "text": ", poderia me ajudar a instalar?",
        "userDefined": false
      }
    ],
    "isTemplate": false,
    "count": 0,
    "lang": "pt-br",
    "updated": 0
  },
  {
    "id": "c3b134dc-afe1-4772-88e6-15cda05b0d0d",
    "data": [
      {
        "text": "não consigo instalar",
        "meta": "@TipoProblemaSoftware",
        "alias": "problemaSoftware",
        "userDefined": true
      },
      {
        "text": " a ",
        "userDefined": false
      },
      {
        "text": "VPN",
        "meta": "@Software",
        "alias": "software",
        "userDefined": false
      },
      {
        "text": ", poderia me ajudar a instalar?",
        "userDefined": false
      }
    ],
    "isTemplate": false,
    "count": 0,
    "lang": "pt-br",
    "updated": 0
  },
  {
    "id": "30a4714a-2618-4ad1-a9e1-367da9f0c21f",
    "data": [
      {
        "text": "meu ",
        "userDefined": false
      },
      {
        "text": "email",
        "meta": "@Software",
        "alias": "software",
        "userDefined": false
      },
      {
        "text": " estava normal ",
        "userDefined": false
      },
      {
        "text": "ontem",
        "userDefined": false
      },
      {
        "text": " e ",
        "userDefined": false
      },
      {
        "text": "hoje",
        "userDefined": false
      },
      {
        "text": " ",
        "userDefined": false
      },
      {
        "text": "está lento",
        "meta": "@TipoProblemaSoftware",
        "alias": "problemaSoftware",
        "userDefined": true
      },
      {
        "text": " de mais",
        "userDefined": false
      }
    ],
    "isTemplate": false,
    "count": 0,
    "lang": "pt-br",
    "updated": 0
  },
  {
    "id": "724c9d45-c447-464f-b7fa-d9bb6827c312",
    "data": [
      {
        "text": "outlook",
        "meta": "@Software",
        "alias": "software",
        "userDefined": false
      },
      {
        "text": " ta ",
        "userDefined": false
      },
      {
        "text": "muito devagar",
        "meta": "@TipoProblemaSoftware",
        "alias": "problemaSoftware",
        "userDefined": true
      }
    ],
    "isTemplate": false,
    "count": 0,
    "lang": "pt-br",
    "updated": 0
  },
  {
    "id": "8fc71f13-d239-4248-966b-5e2c249dcbe6",
    "data": [
      {
        "text": "vpn",
        "meta": "@Software",
        "alias": "software",
        "userDefined": false
      },
      {
        "text": " ",
        "userDefined": false
      },
      {
        "text": "muito lenta",
        "meta": "@TipoProblemaSoftware",
        "alias": "problemaSoftware",
        "userDefined": true
      },
      {
        "text": " pra conectar",
        "userDefined": false
      }
    ],
    "isTemplate": false,
    "count": 0,
    "lang": "pt-br",
    "updated": 0
  },
  {
    "id": "c13b0d2b-3add-492c-887d-d91211721c12",
    "data": [
      {
        "text": "vpn",
        "meta": "@Software",
        "alias": "software",
        "userDefined": true
      },
      {
        "text": " ",
        "userDefined": false
      },
      {
        "text": "não conecta",
        "meta": "@TipoProblemaSoftware",
        "alias": "problemaSoftware",
        "userDefined": true
      }
    ],
    "isTemplate": false,
    "count": 0,
    "lang": "pt-br",
    "updated": 0
  },
  {
    "id": "0d5eee53-be27-4444-9cb0-9ce8195244a6",
    "data": [
      {
        "text": "não consigo acessar",
        "meta": "@TipoProblemaSoftware",
        "alias": "problemaSoftware",
        "userDefined": true
      },
      {
        "text": " a ",
        "userDefined": false
      },
      {
        "text": "vpn",
        "meta": "@Software",
        "alias": "software",
        "userDefined": true
      }
    ],
    "isTemplate": false,
    "count": 1,
    "lang": "pt-br",
    "updated": 0
  },
  {
    "id": "26e6f31e-0e67-43a2-b1b1-d0aac4f4d87b",
    "data": [
      {
        "text": "Meu ",
        "userDefined": false
      },
      {
        "text": "email",
        "meta": "@Software",
        "alias": "software",
        "userDefined": false
      },
      {
        "text": " ",
        "userDefined": false
      },
      {
        "text": "está lento",
        "meta": "@TipoProblemaSoftware",
        "alias": "problemaSoftware",
        "userDefined": true
      }
    ],
    "isTemplate": false,
    "count": 0,
    "lang": "pt-br",
    "updated": 0
  }
]