[
  {
    "id": "403053c5-f72d-447e-b5b9-c034176586da",
    "data": [
      {
        "text": "há quanto tempo",
        "userDefined": false
      }
    ],
    "isTemplate": false,
    "count": 0,
    "lang": "pt-br",
    "updated": 0
  },
  {
    "id": "fed206e2-b2d9-4b63-ac51-170656c58543",
    "data": [
      {
        "text": "olá",
        "userDefined": false
      }
    ],
    "isTemplate": false,
    "count": 0,
    "lang": "pt-br",
    "updated": 0
  },
  {
    "id": "d74421d1-6ea5-47f6-a694-5155b5965414",
    "data": [
      {
        "text": "oi",
        "userDefined": false
      }
    ],
    "isTemplate": false,
    "count": 0,
    "lang": "pt-br",
    "updated": 0
  },
  {
    "id": "cc8ed677-6dc4-44d8-8b2e-9d1b4d12e4e2",
    "data": [
      {
        "text": "opa",
        "userDefined": false
      }
    ],
    "isTemplate": false,
    "count": 0,
    "lang": "pt-br",
    "updated": 0
  },
  {
    "id": "3239c6a8-9181-4c12-a54a-cb71122ff683",
    "data": [
      {
        "text": "fala aí",
        "userDefined": false
      }
    ],
    "isTemplate": false,
    "count": 0,
    "lang": "pt-br",
    "updated": 0
  },
  {
    "id": "fcbff218-7d46-42df-a1b7-707a5d0dca04",
    "data": [
      {
        "text": "fala",
        "userDefined": false
      }
    ],
    "isTemplate": false,
    "count": 0,
    "lang": "pt-br",
    "updated": 0
  },
  {
    "id": "af36776f-1a57-4c9c-883a-fe5c31526415",
    "data": [
      {
        "text": "saudações",
        "userDefined": false
      }
    ],
    "isTemplate": false,
    "count": 0,
    "lang": "pt-br",
    "updated": 0
  },
  {
    "id": "d6c1d65f-7be3-4c11-aada-ad8da1a83809",
    "data": [
      {
        "text": "oi tudo bem",
        "userDefined": false
      }
    ],
    "isTemplate": false,
    "count": 0,
    "lang": "pt-br",
    "updated": 0
  },
  {
    "id": "1c66c7e8-63ec-4124-be12-e072ab1c048b",
    "data": [
      {
        "text": "e aí",
        "userDefined": false
      }
    ],
    "isTemplate": false,
    "count": 0,
    "lang": "pt-br",
    "updated": 0
  },
  {
    "id": "2b3bb22e-302a-457e-9e2d-3ebee3fec694",
    "data": [
      {
        "text": "eae",
        "userDefined": false
      }
    ],
    "isTemplate": false,
    "count": 0,
    "lang": "pt-br",
    "updated": 0
  }
]