[
  {
    "id": "913c952c-8ce1-478f-b90e-da9fcc3e6416",
    "data": [
      {
        "text": "pode criar",
        "userDefined": false
      }
    ],
    "isTemplate": false,
    "count": 1,
    "lang": "pt-br",
    "updated": 0
  },
  {
    "id": "5b95b065-11e7-4918-b79d-2a185f43d00b",
    "data": [
      {
        "text": "sim eu quero",
        "userDefined": false
      }
    ],
    "isTemplate": false,
    "count": 0,
    "lang": "pt-br",
    "updated": 0
  },
  {
    "id": "cdea285d-19d4-4d79-b7b3-c04b31e52e0e",
    "data": [
      {
        "text": "quero criar",
        "userDefined": false
      }
    ],
    "isTemplate": false,
    "count": 0,
    "lang": "pt-br",
    "updated": 0
  },
  {
    "id": "4b6a96b7-0139-4ead-ab92-6ff10e6234dc",
    "data": [
      {
        "text": "sim, criar",
        "userDefined": false
      }
    ],
    "isTemplate": false,
    "count": 0,
    "lang": "pt-br",
    "updated": 0
  },
  {
    "id": "32ce0e1b-3290-42f5-accc-ed0851e9732a",
    "data": [
      {
        "text": "ok, pode criar",
        "userDefined": false
      }
    ],
    "isTemplate": false,
    "count": 0,
    "lang": "pt-br",
    "updated": 0
  },
  {
    "id": "f2b5f4fe-8cd0-4fed-a157-18c5237cc9c1",
    "data": [
      {
        "text": "se possivel, sim",
        "userDefined": false
      }
    ],
    "isTemplate": false,
    "count": 0,
    "lang": "pt-br",
    "updated": 0
  },
  {
    "id": "20258e10-9061-4ccc-9e8f-a1a2c798f9f3",
    "data": [
      {
        "text": "sim, quero",
        "userDefined": false
      }
    ],
    "isTemplate": false,
    "count": 0,
    "lang": "pt-br",
    "updated": 0
  },
  {
    "id": "7e29c709-364b-46b9-a2bd-53fe60486ec7",
    "data": [
      {
        "text": "quero criar ",
        "userDefined": false
      },
      {
        "text": "uma chamada",
        "userDefined": false
      }
    ],
    "isTemplate": false,
    "count": 0,
    "lang": "pt-br",
    "updated": 0
  },
  {
    "id": "954a9cc2-7daa-41f8-9d74-e22b5d3e6692",
    "data": [
      {
        "text": "faça isso",
        "userDefined": false
      }
    ],
    "isTemplate": false,
    "count": 0,
    "lang": "pt-br",
    "updated": 0
  },
  {
    "id": "3b46c4c1-14b4-42bb-b7d5-38e7d2043d80",
    "data": [
      {
        "text": "confirmar",
        "userDefined": false
      }
    ],
    "isTemplate": false,
    "count": 3,
    "lang": "pt-br",
    "updated": 0
  },
  {
    "id": "9deec0c3-c469-4877-9f1b-901e88ae842f",
    "data": [
      {
        "text": "sim",
        "userDefined": false
      }
    ],
    "isTemplate": false,
    "count": 3,
    "lang": "pt-br",
    "updated": 0
  },
  {
    "id": "ee44902c-4d1e-41f7-942a-ea2932a587dd",
    "data": [
      {
        "text": "isso mesmo",
        "userDefined": false
      }
    ],
    "isTemplate": false,
    "count": 1,
    "lang": "pt-br",
    "updated": 0
  },
  {
    "id": "48b56467-9832-488f-b4e3-c416f288f0e6",
    "data": [
      {
        "text": "parece bom",
        "userDefined": false
      }
    ],
    "isTemplate": false,
    "count": 1,
    "lang": "pt-br",
    "updated": 0
  },
  {
    "id": "81a4475b-a451-4bea-b3ff-2c34dadfae25",
    "data": [
      {
        "text": "claro",
        "userDefined": false
      }
    ],
    "isTemplate": false,
    "count": 2,
    "lang": "pt-br",
    "updated": 0
  }
]