[
  {
    "id": "a9824d7b-c4e4-47ad-bdb2-dc169f4ff13a",
    "data": [
      {
        "text": "não resolveu porcaria nenhuma",
        "userDefined": false
      }
    ],
    "isTemplate": false,
    "count": 0,
    "lang": "pt-br",
    "updated": 0
  },
  {
    "id": "8e9a11bc-3e7e-4393-b67c-ea63a899b556",
    "data": [
      {
        "text": "mesma coisa o que estava acontecendo",
        "userDefined": false
      }
    ],
    "isTemplate": false,
    "count": 0,
    "lang": "pt-br",
    "updated": 0
  },
  {
    "id": "1be1a7f8-0a0e-4054-baa2-d3a9e68c13e3",
    "data": [
      {
        "text": "exatamente igual",
        "userDefined": false
      }
    ],
    "isTemplate": false,
    "count": 0,
    "lang": "pt-br",
    "updated": 0
  },
  {
    "id": "2b0e1ddf-6124-4ee9-bd62-189d7c21510b",
    "data": [
      {
        "text": "mesma coisa",
        "userDefined": false
      }
    ],
    "isTemplate": false,
    "count": 0,
    "lang": "pt-br",
    "updated": 0
  },
  {
    "id": "5ff1f4d9-8042-4d23-bee7-1c52ad89a4df",
    "data": [
      {
        "text": "ta a mesma coisa",
        "userDefined": false
      }
    ],
    "isTemplate": false,
    "count": 0,
    "lang": "pt-br",
    "updated": 0
  },
  {
    "id": "f42fcaf3-0132-4eb6-a1ab-6675edc5d88a",
    "data": [
      {
        "text": "nope",
        "userDefined": false
      }
    ],
    "isTemplate": false,
    "count": 0,
    "lang": "pt-br",
    "updated": 0
  },
  {
    "id": "2e08d040-91ed-4f14-bf78-4500d2cf2895",
    "data": [
      {
        "text": "não resolveu",
        "userDefined": false
      }
    ],
    "isTemplate": false,
    "count": 0,
    "lang": "pt-br",
    "updated": 0
  },
  {
    "id": "807b9ec5-32bb-47ce-9401-cd933018be7b",
    "data": [
      {
        "text": "não resolveu nada",
        "userDefined": false
      }
    ],
    "isTemplate": false,
    "count": 0,
    "lang": "pt-br",
    "updated": 0
  },
  {
    "id": "9a4c6ac4-3723-4f4a-b944-8e64a0a33234",
    "data": [
      {
        "text": "não serviu de nada isso",
        "userDefined": false
      }
    ],
    "isTemplate": false,
    "count": 0,
    "lang": "pt-br",
    "updated": 0
  },
  {
    "id": "51e65143-262c-441b-a824-64ae0cc1eb19",
    "data": [
      {
        "text": "não arrumou",
        "userDefined": false
      }
    ],
    "isTemplate": false,
    "count": 0,
    "lang": "pt-br",
    "updated": 0
  },
  {
    "id": "a2adccaf-7f3f-499e-ab0d-e7b1a4ac62e1",
    "data": [
      {
        "text": "ainda não funciona",
        "userDefined": false
      }
    ],
    "isTemplate": false,
    "count": 0,
    "lang": "pt-br",
    "updated": 0
  },
  {
    "id": "c6e91c1b-4f56-44dc-9b5a-6725ec3a8025",
    "data": [
      {
        "text": "não funcionou",
        "userDefined": false
      }
    ],
    "isTemplate": false,
    "count": 0,
    "lang": "pt-br",
    "updated": 0
  },
  {
    "id": "3b7cd8a6-35d4-4c4c-81d8-0105a94a5186",
    "data": [
      {
        "text": "definitivamente não",
        "userDefined": false
      }
    ],
    "isTemplate": false,
    "count": 1,
    "lang": "pt-br",
    "updated": 0
  },
  {
    "id": "10b41714-9064-4dcd-b3f0-8fd9df2ac672",
    "data": [
      {
        "text": "acho que não",
        "userDefined": false
      }
    ],
    "isTemplate": false,
    "count": 0,
    "lang": "pt-br",
    "updated": 0
  },
  {
    "id": "bde2d10c-a5ce-41eb-a561-8e76cb0a54fe",
    "data": [
      {
        "text": "não",
        "userDefined": false
      }
    ],
    "isTemplate": false,
    "count": 4,
    "lang": "pt-br",
    "updated": 0
  },
  {
    "id": "57cb9c30-3725-44e2-bb73-aee05a1089b2",
    "data": [
      {
        "text": "não mesmo",
        "userDefined": false
      }
    ],
    "isTemplate": false,
    "count": 1,
    "lang": "pt-br",
    "updated": 0
  }
]