[
  {
    "id": "dd62c3c4-9c8f-4334-bb7c-7068f7c7dc68",
    "data": [
      {
        "text": "meu ",
        "userDefined": false
      },
      {
        "text": "mouse",
        "meta": "@Hardware",
        "alias": "device",
        "userDefined": false
      },
      {
        "text": " não está clicando",
        "userDefined": false
      }
    ],
    "isTemplate": false,
    "count": 0,
    "lang": "pt-br",
    "updated": 0
  },
  {
    "id": "34b8596d-39f6-4b70-afc3-96a93b23cbb8",
    "data": [
      {
        "text": "meu equipamento está quebrado",
        "userDefined": false
      }
    ],
    "isTemplate": false,
    "count": 0,
    "lang": "pt-br",
    "updated": 0
  },
  {
    "id": "a5c0ae7f-d779-4550-af9c-19e813e20acf",
    "data": [
      {
        "text": "meu ",
        "userDefined": false
      },
      {
        "text": "monitor",
        "meta": "@Hardware",
        "alias": "device",
        "userDefined": false
      },
      {
        "text": " queimou",
        "userDefined": false
      }
    ],
    "isTemplate": false,
    "count": 0,
    "lang": "pt-br",
    "updated": 0
  },
  {
    "id": "aad2623a-543d-469a-8f02-7ccff8467ca0",
    "data": [
      {
        "text": "minha ",
        "userDefined": false
      },
      {
        "text": "webcam",
        "meta": "@Hardware",
        "alias": "device",
        "userDefined": false
      },
      {
        "text": " está superaquecendo",
        "userDefined": false
      }
    ],
    "isTemplate": false,
    "count": 0,
    "lang": "pt-br",
    "updated": 0
  },
  {
    "id": "04d9f7c5-b7c8-4beb-8599-44578ceb13f8",
    "data": [
      {
        "text": "um",
        "userDefined": false
      },
      {
        "text": " lado do meu ",
        "userDefined": false
      },
      {
        "text": "headset",
        "meta": "@Hardware",
        "alias": "device",
        "userDefined": false
      },
      {
        "text": " não está saindo som",
        "userDefined": false
      }
    ],
    "isTemplate": false,
    "count": 0,
    "lang": "pt-br",
    "updated": 0
  },
  {
    "id": "fc6d83e2-8206-4c73-bc6d-57831910b1df",
    "data": [
      {
        "text": "não consigo aumentar o volume da minha ",
        "userDefined": false
      },
      {
        "text": "caixa de som",
        "meta": "@Hardware",
        "alias": "device",
        "userDefined": false
      }
    ],
    "isTemplate": false,
    "count": 0,
    "lang": "pt-br",
    "updated": 0
  },
  {
    "id": "a7bdf880-249c-4687-b963-e5649e45819f",
    "data": [
      {
        "text": "meu ",
        "userDefined": false
      },
      {
        "text": "teclado",
        "meta": "@Hardware",
        "alias": "device",
        "userDefined": false
      },
      {
        "text": " está sem ",
        "userDefined": false
      },
      {
        "text": "tecla",
        "userDefined": false
      }
    ],
    "isTemplate": false,
    "count": 0,
    "lang": "pt-br",
    "updated": 0
  },
  {
    "id": "8cd24489-20d2-4dca-bd1d-982eb29644b8",
    "data": [
      {
        "text": "meu ",
        "userDefined": false
      },
      {
        "text": "computador",
        "meta": "@Hardware",
        "alias": "device",
        "userDefined": false
      },
      {
        "text": " queimou",
        "userDefined": false
      }
    ],
    "isTemplate": false,
    "count": 0,
    "lang": "pt-br",
    "updated": 0
  },
  {
    "id": "9fa9b64e-254c-41e3-a73d-9e8fc7624472",
    "data": [
      {
        "text": "meu ",
        "userDefined": false
      },
      {
        "text": "headset",
        "meta": "@Hardware",
        "alias": "device",
        "userDefined": false
      },
      {
        "text": " quebrou",
        "userDefined": false
      }
    ],
    "isTemplate": false,
    "count": 0,
    "lang": "pt-br",
    "updated": 0
  },
  {
    "id": "5e1416b2-e239-47ef-82e1-a843d82a267e",
    "data": [
      {
        "text": "minha ",
        "userDefined": false
      },
      {
        "text": "tela",
        "meta": "@Hardware",
        "alias": "device",
        "userDefined": false
      },
      {
        "text": " está trincada",
        "userDefined": false
      }
    ],
    "isTemplate": false,
    "count": 0,
    "lang": "pt-br",
    "updated": 0
  },
  {
    "id": "43abbb65-40aa-4b9e-b3e2-c6fbc7a7cac6",
    "data": [
      {
        "text": "meu aparelho está quebrado",
        "userDefined": false
      }
    ],
    "isTemplate": false,
    "count": 0,
    "lang": "pt-br",
    "updated": 0
  }
]