[
  {
    "id": "2966704d-f3e7-4b17-9fd4-01072d016224",
    "data": [
      {
        "text": "como faço para comprar um mouse novo ?",
        "userDefined": false
      }
    ],
    "isTemplate": false,
    "count": 0,
    "lang": "pt-br",
    "updated": 0
  },
  {
    "id": "84709277-8759-4b7f-bae1-570da051b202",
    "data": [
      {
        "text": "posso enviar meu monitor ?",
        "userDefined": false
      }
    ],
    "isTemplate": false,
    "count": 0,
    "lang": "pt-br",
    "updated": 0
  },
  {
    "id": "b246225e-622c-4873-b5c3-542693209524",
    "data": [
      {
        "text": "quero comprar um teclado",
        "userDefined": false
      }
    ],
    "isTemplate": false,
    "count": 0,
    "lang": "pt-br",
    "updated": 0
  },
  {
    "id": "994d8678-c1f3-4da4-b465-6d75238b17ca",
    "data": [
      {
        "text": "minha bicicleta esta com o freio quebrado",
        "userDefined": false
      }
    ],
    "isTemplate": false,
    "count": 0,
    "lang": "pt-br",
    "updated": 0
  },
  {
    "id": "f9976880-5ed0-4cfc-a86f-b26447fe083f",
    "data": [
      {
        "text": "minha moto está com o motor fundido",
        "userDefined": false
      }
    ],
    "isTemplate": false,
    "count": 0,
    "lang": "pt-br",
    "updated": 0
  },
  {
    "id": "1dd7cddb-ad23-4327-9fd0-3ffc5a7365bb",
    "data": [
      {
        "text": "meu expresso italiano não funciona",
        "userDefined": false
      }
    ],
    "isTemplate": false,
    "count": 0,
    "lang": "pt-br",
    "updated": 0
  },
  {
    "id": "028c7381-0128-42f2-ab4c-42ccb1090bf4",
    "data": [
      {
        "text": "preciso viajar",
        "userDefined": false
      }
    ],
    "isTemplate": false,
    "count": 0,
    "lang": "pt-br",
    "updated": 0
  },
  {
    "id": "96bb3677-7ac5-4ea3-8442-0bfed8634445",
    "data": [
      {
        "text": "quero concertar meu brinquedo",
        "userDefined": false
      }
    ],
    "isTemplate": false,
    "count": 0,
    "lang": "pt-br",
    "updated": 0
  },
  {
    "id": "bcf610c7-d4b9-41bb-a7a3-a1a5c468b985",
    "data": [
      {
        "text": "eu adoro os livros do Augusto",
        "userDefined": false
      }
    ],
    "isTemplate": false,
    "count": 0,
    "lang": "pt-br",
    "updated": 0
  },
  {
    "id": "7e4d8af9-75ba-4395-b1d3-7d31381bd08a",
    "data": [
      {
        "text": "vamos sair pra tomar uma cerveja ?",
        "userDefined": false
      }
    ],
    "isTemplate": false,
    "count": 0,
    "lang": "pt-br",
    "updated": 0
  },
  {
    "id": "b46e2a43-fec1-487b-a592-778e594b08b2",
    "data": [
      {
        "text": "quero comprar um celular",
        "userDefined": false
      }
    ],
    "isTemplate": false,
    "count": 0,
    "lang": "pt-br",
    "updated": 0
  },
  {
    "id": "a6697e5e-0f05-4adf-8eaa-ea2a3426ad7b",
    "data": [
      {
        "text": "quero vender uma placa",
        "userDefined": false
      }
    ],
    "isTemplate": false,
    "count": 0,
    "lang": "pt-br",
    "updated": 0
  }
]