[
  {
    "id": "00ab0233-203e-46ea-b3b8-41b5bc1c2357",
    "data": [
      {
        "text": "agradeço o atendimento",
        "userDefined": false
      }
    ],
    "isTemplate": false,
    "count": 0,
    "lang": "pt-br",
    "updated": 0
  },
  {
    "id": "dc74357c-083c-4904-9d36-caa667b62296",
    "data": [
      {
        "text": "sim, obrigado",
        "userDefined": false
      }
    ],
    "isTemplate": false,
    "count": 0,
    "lang": "pt-br",
    "updated": 0
  },
  {
    "id": "17b15433-05c0-4cbb-a604-f509195b9450",
    "data": [
      {
        "text": "não, obrigado",
        "userDefined": false
      }
    ],
    "isTemplate": false,
    "count": 0,
    "lang": "pt-br",
    "updated": 0
  },
  {
    "id": "09c84a76-237c-4870-9c97-6eede5e75934",
    "data": [
      {
        "text": "problema resolvido",
        "userDefined": false
      }
    ],
    "isTemplate": false,
    "count": 0,
    "lang": "pt-br",
    "updated": 0
  },
  {
    "id": "1945b62f-bcf4-4738-801a-04ad62a33fe9",
    "data": [
      {
        "text": "obrigado e até breve",
        "userDefined": false
      }
    ],
    "isTemplate": false,
    "count": 0,
    "lang": "pt-br",
    "updated": 0
  },
  {
    "id": "1a8df0c7-f57b-4345-89da-777eaab69b14",
    "data": [
      {
        "text": "valeu",
        "userDefined": false
      },
      {
        "text": " por tudo",
        "userDefined": false
      }
    ],
    "isTemplate": false,
    "count": 0,
    "lang": "pt-br",
    "updated": 0
  },
  {
    "id": "b91b96dc-aab3-4591-a7c6-b79f18cba80f",
    "data": [
      {
        "text": "xau",
        "userDefined": false
      }
    ],
    "isTemplate": false,
    "count": 0,
    "lang": "pt-br",
    "updated": 0
  },
  {
    "id": "fe581485-2591-4f6c-848c-8509a8988af3",
    "data": [
      {
        "text": "não preciso de mais nada",
        "userDefined": false
      }
    ],
    "isTemplate": false,
    "count": 0,
    "lang": "pt-br",
    "updated": 0
  },
  {
    "id": "8943ded0-f27e-4587-b4aa-55b8d0785671",
    "data": [
      {
        "text": "obrigado pela ajuda",
        "userDefined": false
      }
    ],
    "isTemplate": false,
    "count": 0,
    "lang": "pt-br",
    "updated": 0
  },
  {
    "id": "69b56908-8a75-437a-b5b7-5d00811e8958",
    "data": [
      {
        "text": "até logo",
        "userDefined": false
      }
    ],
    "isTemplate": false,
    "count": 0,
    "lang": "pt-br",
    "updated": 0
  },
  {
    "id": "5bab9673-d3af-40a5-a4e3-4013d0e8f1c8",
    "data": [
      {
        "text": "até mais",
        "userDefined": false
      }
    ],
    "isTemplate": false,
    "count": 0,
    "lang": "pt-br",
    "updated": 0
  },
  {
    "id": "58316d9c-eebc-4531-8347-b60806e64b32",
    "data": [
      {
        "text": "tchau",
        "userDefined": false
      }
    ],
    "isTemplate": false,
    "count": 0,
    "lang": "pt-br",
    "updated": 0
  }
]