[
  {
    "id": "cf2ac04a-d154-41be-9cf5-1a934dcfb3ff",
    "data": [
      {
        "text": "não consigo usar meu ",
        "userDefined": false
      },
      {
        "text": "microfone",
        "meta": "@Hardware",
        "alias": "devices",
        "userDefined": false
      }
    ],
    "isTemplate": false,
    "count": 0,
    "lang": "pt-br",
    "updated": 0
  },
  {
    "id": "1ce2ba62-02d0-4711-87d0-e62356f1d6ac",
    "data": [
      {
        "text": "minha ",
        "userDefined": false
      },
      {
        "text": "webcam",
        "meta": "@Hardware",
        "alias": "devices",
        "userDefined": true
      },
      {
        "text": " não está funcionando",
        "userDefined": false
      }
    ],
    "isTemplate": false,
    "count": 0,
    "lang": "pt-br",
    "updated": 0
  },
  {
    "id": "d1319522-61c6-487d-a0af-c5e794b4eb31",
    "data": [
      {
        "text": "estou com problemas com",
        "userDefined": false
      },
      {
        "text": " meu ",
        "userDefined": false
      },
      {
        "text": "headset",
        "meta": "@Hardware",
        "alias": "devices",
        "userDefined": false
      }
    ],
    "isTemplate": false,
    "count": 0,
    "lang": "pt-br",
    "updated": 0
  },
  {
    "id": "811c3445-46ee-46de-9469-a0f2ac4ccdbd",
    "data": [
      {
        "text": "meu ",
        "userDefined": false
      },
      {
        "text": "teclado",
        "meta": "@Hardware",
        "alias": "devices",
        "userDefined": true
      },
      {
        "text": " e ",
        "userDefined": false
      },
      {
        "text": "mouse",
        "meta": "@Hardware",
        "alias": "devices",
        "userDefined": true
      },
      {
        "text": " não funcionam",
        "userDefined": false
      }
    ],
    "isTemplate": false,
    "count": 0,
    "lang": "pt-br",
    "updated": 0
  },
  {
    "id": "af1b3992-3c51-4d96-a6e9-0c8bee43a175",
    "data": [
      {
        "text": "meu ",
        "userDefined": false
      },
      {
        "text": "teclado",
        "meta": "@Hardware",
        "alias": "devices",
        "userDefined": true
      },
      {
        "text": " não funciona",
        "userDefined": false
      }
    ],
    "isTemplate": false,
    "count": 0,
    "lang": "pt-br",
    "updated": 0
  },
  {
    "id": "1115ed71-adeb-46cb-a7e4-bd98169bb7e1",
    "data": [
      {
        "text": "meus periféricos não funcionam",
        "userDefined": false
      }
    ],
    "isTemplate": false,
    "count": 0,
    "lang": "pt-br",
    "updated": 0
  },
  {
    "id": "41968a44-a54e-42e2-b255-d9e509db7b4c",
    "data": [
      {
        "text": "meu ",
        "userDefined": false
      },
      {
        "text": "computador",
        "meta": "@Hardware",
        "alias": "devices",
        "userDefined": true
      },
      {
        "text": " está com problemas",
        "userDefined": false
      }
    ],
    "isTemplate": false,
    "count": 0,
    "lang": "pt-br",
    "updated": 0
  },
  {
    "id": "e4a8a84a-e6fa-41aa-9207-250d507db43f",
    "data": [
      {
        "text": "Quero ver o menu de hardware",
        "userDefined": false
      }
    ],
    "isTemplate": false,
    "count": 0,
    "lang": "pt-br",
    "updated": 0
  },
  {
    "id": "bbad59b2-77cc-49c9-a959-64759756d524",
    "data": [
      {
        "text": "Tenho ",
        "userDefined": false
      },
      {
        "text": "um",
        "userDefined": false
      },
      {
        "text": " problema de hardware",
        "userDefined": false
      }
    ],
    "isTemplate": false,
    "count": 0,
    "lang": "pt-br",
    "updated": 0
  },
  {
    "id": "cb51ddd6-039d-44e2-be40-65e81518ce30",
    "data": [
      {
        "text": "Estou com",
        "userDefined": false
      },
      {
        "text": " ",
        "userDefined": false
      },
      {
        "text": "um",
        "userDefined": false
      },
      {
        "text": " problema no meu aparelho",
        "userDefined": false
      }
    ],
    "isTemplate": false,
    "count": 0,
    "lang": "pt-br",
    "updated": 0
  }
]