[
  {
    "id": "8db9dc45-cf2d-4a4a-b39e-dd4f38bdf46a",
    "data": [
      {
        "text": "guia",
        "userDefined": false
      },
      {
        "text": " de atendimento",
        "userDefined": false
      }
    ],
    "isTemplate": false,
    "count": 0,
    "lang": "pt-br",
    "updated": 0
  },
  {
    "id": "a7b6b936-2cac-4825-90a8-c5c8729fc987",
    "data": [
      {
        "text": "preciso de atendimento",
        "userDefined": false
      }
    ],
    "isTemplate": false,
    "count": 0,
    "lang": "pt-br",
    "updated": 0
  },
  {
    "id": "8d6eda16-e221-4bc7-8052-91ffe81407c4",
    "data": [
      {
        "text": "estou perdido",
        "userDefined": false
      }
    ],
    "isTemplate": false,
    "count": 0,
    "lang": "pt-br",
    "updated": 0
  },
  {
    "id": "39ff9f92-34d5-478b-b78c-7cc3e59998c8",
    "data": [
      {
        "text": "como faço pra pedir ajuda ?",
        "userDefined": false
      }
    ],
    "isTemplate": false,
    "count": 0,
    "lang": "pt-br",
    "updated": 0
  },
  {
    "id": "deadbcba-549f-427b-b202-1ae8a272fba0",
    "data": [
      {
        "text": "como posso pedir assistência ?",
        "userDefined": false
      }
    ],
    "isTemplate": false,
    "count": 0,
    "lang": "pt-br",
    "updated": 0
  },
  {
    "id": "aafd2798-2a1d-4ad5-8a37-30ea6b41bf40",
    "data": [
      {
        "text": "não sei o que fazer",
        "userDefined": false
      }
    ],
    "isTemplate": false,
    "count": 0,
    "lang": "pt-br",
    "updated": 0
  },
  {
    "id": "11009d90-8ba0-406e-bfda-e4c3ef2188f3",
    "data": [
      {
        "text": "quais são suas funções ?",
        "userDefined": false
      }
    ],
    "isTemplate": false,
    "count": 0,
    "lang": "pt-br",
    "updated": 0
  },
  {
    "id": "40461031-00c4-4f58-81e1-94b87118c7bd",
    "data": [
      {
        "text": "como você funciona ?",
        "userDefined": false
      }
    ],
    "isTemplate": false,
    "count": 0,
    "lang": "pt-br",
    "updated": 0
  },
  {
    "id": "f80e3813-6535-4cbc-bb3b-207ebaef013b",
    "data": [
      {
        "text": "quais são as opções ?",
        "userDefined": false
      }
    ],
    "isTemplate": false,
    "count": 0,
    "lang": "pt-br",
    "updated": 0
  },
  {
    "id": "a7d29bc8-f34b-49d1-815a-e56c0ea56ef0",
    "data": [
      {
        "text": "quero ver o menu",
        "userDefined": false
      }
    ],
    "isTemplate": false,
    "count": 0,
    "lang": "pt-br",
    "updated": 0
  },
  {
    "id": "b9f8be85-690e-4a67-a338-8bc30cf6e075",
    "data": [
      {
        "text": "preciso de ajuda",
        "userDefined": false
      }
    ],
    "isTemplate": false,
    "count": 0,
    "lang": "pt-br",
    "updated": 0
  }
]