[
  {
    "id": "a816dc67-8ce3-4e28-a459-47a2beba773c",
    "data": [
      {
        "text": "Quantos chamados eu já abri ?",
        "userDefined": false
      }
    ],
    "isTemplate": false,
    "count": 0,
    "lang": "pt-br",
    "updated": 0
  },
  {
    "id": "3b7fd3e8-68c5-4032-bf67-1bb3ee9527a4",
    "data": [
      {
        "text": "Quais são os meus chamados abertos ?",
        "userDefined": false
      }
    ],
    "isTemplate": false,
    "count": 0,
    "lang": "pt-br",
    "updated": 0
  },
  {
    "id": "64aeba82-f11b-47c8-98be-73bf1086d675",
    "data": [
      {
        "text": "Minha lista de chamados",
        "userDefined": false
      }
    ],
    "isTemplate": false,
    "count": 0,
    "lang": "pt-br",
    "updated": 0
  },
  {
    "id": "2c198178-6a76-4e13-96d2-b788e888d863",
    "data": [
      {
        "text": "Meus chamados abertos",
        "userDefined": false
      }
    ],
    "isTemplate": false,
    "count": 0,
    "lang": "pt-br",
    "updated": 0
  },
  {
    "id": "45a43283-a2af-4429-b6cf-fb755829f8ba",
    "data": [
      {
        "text": "listagem de pedidos abertos",
        "userDefined": false
      }
    ],
    "isTemplate": false,
    "count": 0,
    "lang": "pt-br",
    "updated": 0
  },
  {
    "id": "6b2e0b92-4dd8-40a9-b921-228b7ce1b1ae",
    "data": [
      {
        "text": "mostre-me meus pedidos de chamado",
        "userDefined": false
      }
    ],
    "isTemplate": false,
    "count": 0,
    "lang": "pt-br",
    "updated": 0
  },
  {
    "id": "20cf54fc-bcfe-4ec0-a727-2912ca24eee9",
    "data": [
      {
        "text": "Preciso da lista de chamados abertos",
        "userDefined": false
      }
    ],
    "isTemplate": false,
    "count": 0,
    "lang": "pt-br",
    "updated": 0
  },
  {
    "id": "ba1a13f3-3219-46b3-a48f-bfe4b70fdc06",
    "data": [
      {
        "text": "Quero ver todos os meus chamados",
        "userDefined": false
      }
    ],
    "isTemplate": false,
    "count": 0,
    "lang": "pt-br",
    "updated": 0
  },
  {
    "id": "5a62eee1-e606-4253-a4b3-1819a57874da",
    "data": [
      {
        "text": "Me mostre os meus chamados",
        "userDefined": false
      }
    ],
    "isTemplate": false,
    "count": 0,
    "lang": "pt-br",
    "updated": 0
  },
  {
    "id": "6d4a5936-2ab3-4dfb-bde6-b1831d073ad4",
    "data": [
      {
        "text": "Listar chamados",
        "userDefined": false
      }
    ],
    "isTemplate": false,
    "count": 0,
    "lang": "pt-br",
    "updated": 0
  }
]