[
  {
    "id": "4fcb30a6-0b51-43f0-96c8-ee60f93c946c",
    "data": [
      {
        "text": "meus equipamentos estão desligados",
        "userDefined": false
      }
    ],
    "isTemplate": false,
    "count": 0,
    "lang": "pt-br",
    "updated": 0
  },
  {
    "id": "25bbfacb-78a1-45a4-860d-f39651065884",
    "data": [
      {
        "text": "minha ",
        "userDefined": false
      },
      {
        "text": "caixa de som",
        "meta": "@Hardware",
        "alias": "devices",
        "userDefined": true
      },
      {
        "text": " está desligada",
        "userDefined": false
      }
    ],
    "isTemplate": false,
    "count": 0,
    "lang": "pt-br",
    "updated": 0
  },
  {
    "id": "f195c89d-f987-4b9a-bd14-aab146760175",
    "data": [
      {
        "text": "meu ",
        "userDefined": false
      },
      {
        "text": "monitor",
        "meta": "@Hardware",
        "alias": "devices",
        "userDefined": false
      },
      {
        "text": " está sem imagem",
        "userDefined": false
      }
    ],
    "isTemplate": false,
    "count": 0,
    "lang": "pt-br",
    "updated": 0
  },
  {
    "id": "5a06707a-6055-45dc-a790-66e85bad7b79",
    "data": [
      {
        "text": "a retro ",
        "userDefined": false
      },
      {
        "text": "iluminação",
        "userDefined": false
      },
      {
        "text": " do meu ",
        "userDefined": false
      },
      {
        "text": "teclado",
        "meta": "@Hardware",
        "alias": "devices",
        "userDefined": true
      },
      {
        "text": " não está ligando",
        "userDefined": false
      }
    ],
    "isTemplate": false,
    "count": 0,
    "lang": "pt-br",
    "updated": 0
  },
  {
    "id": "13178e71-36e0-413c-9221-d688d525a6a0",
    "data": [
      {
        "text": "o surround do meu ",
        "userDefined": false
      },
      {
        "text": "headset",
        "meta": "@Hardware",
        "alias": "devices",
        "userDefined": false
      },
      {
        "text": " não liga",
        "userDefined": false
      }
    ],
    "isTemplate": false,
    "count": 0,
    "lang": "pt-br",
    "updated": 0
  },
  {
    "id": "bad0241e-0a9c-4955-b043-b74969f279f6",
    "data": [
      {
        "text": "meu ",
        "userDefined": false
      },
      {
        "text": "monitor",
        "meta": "@Hardware",
        "alias": "devices",
        "userDefined": false
      },
      {
        "text": " não acende",
        "userDefined": false
      }
    ],
    "isTemplate": false,
    "count": 0,
    "lang": "pt-br",
    "updated": 0
  },
  {
    "id": "08553ea7-1d83-4600-99a8-072f36f35d3e",
    "data": [
      {
        "text": "a ",
        "userDefined": false
      },
      {
        "text": "luz",
        "userDefined": false
      },
      {
        "text": " do meu ",
        "userDefined": false
      },
      {
        "text": "mouse",
        "meta": "@Hardware",
        "alias": "devices",
        "userDefined": true
      },
      {
        "text": " não liga",
        "userDefined": false
      }
    ],
    "isTemplate": false,
    "count": 0,
    "lang": "pt-br",
    "updated": 0
  },
  {
    "id": "feb8c751-13de-41ad-ab65-60430c2705c8",
    "data": [
      {
        "text": "meu ",
        "userDefined": false
      },
      {
        "text": "teclado",
        "meta": "@Hardware",
        "alias": "devices",
        "userDefined": true
      },
      {
        "text": " e ",
        "userDefined": false
      },
      {
        "text": "mouse",
        "meta": "@Hardware",
        "alias": "devices",
        "userDefined": true
      },
      {
        "text": " não ligam",
        "userDefined": false
      }
    ],
    "isTemplate": false,
    "count": 0,
    "lang": "pt-br",
    "updated": 0
  },
  {
    "id": "10ddb1c4-3fb9-4b55-81dd-25ba4657e4ad",
    "data": [
      {
        "text": "Meu ",
        "userDefined": false
      },
      {
        "text": "computador",
        "meta": "@Hardware",
        "alias": "devices",
        "userDefined": true
      },
      {
        "text": " não liga",
        "userDefined": false
      }
    ],
    "isTemplate": false,
    "count": 0,
    "lang": "pt-br",
    "updated": 0
  },
  {
    "id": "49362e41-a040-4dae-aef7-752be16cc965",
    "data": [
      {
        "text": "Aparelho não liga",
        "userDefined": false
      }
    ],
    "isTemplate": false,
    "count": 0,
    "lang": "pt-br",
    "updated": 0
  }
]