[
  {
    "id": "fcffaadf-faf5-4588-924c-203f14fa0da2",
    "data": [
      {
        "text": "Estou com problemas",
        "userDefined": false
      },
      {
        "text": " no ",
        "userDefined": false
      },
      {
        "text": "Blender",
        "meta": "@Software",
        "alias": "software",
        "userDefined": false
      }
    ],
    "isTemplate": false,
    "count": 0,
    "lang": "pt-br",
    "updated": 0
  },
  {
    "id": "e4a3f920-1ca2-4ffa-a508-5ae309deac59",
    "data": [
      {
        "text": "O ",
        "userDefined": false
      },
      {
        "text": "Paint",
        "meta": "@Software",
        "alias": "software",
        "userDefined": true
      },
      {
        "text": " não está funcionando",
        "userDefined": false
      }
    ],
    "isTemplate": false,
    "count": 0,
    "lang": "pt-br",
    "updated": 0
  },
  {
    "id": "0b2cdbdc-a137-48fc-aff3-b504f3b9126d",
    "data": [
      {
        "text": "O ",
        "userDefined": false
      },
      {
        "text": "Excel",
        "meta": "@Software",
        "alias": "software",
        "userDefined": true
      },
      {
        "text": " está com problemas",
        "userDefined": false
      }
    ],
    "isTemplate": false,
    "count": 0,
    "lang": "pt-br",
    "updated": 0
  },
  {
    "id": "a620c1c6-b731-494f-84bc-6f9c2772bc85",
    "data": [
      {
        "text": "não sei oque está acontecendo com",
        "userDefined": false
      },
      {
        "text": " o ",
        "userDefined": false
      },
      {
        "text": "AutoCAD",
        "meta": "@Software",
        "alias": "software",
        "userDefined": true
      }
    ],
    "isTemplate": false,
    "count": 0,
    "lang": "pt-br",
    "updated": 0
  },
  {
    "id": "0ee16623-b39e-4e35-a907-0b8452bd9494",
    "data": [
      {
        "text": "O ",
        "userDefined": false
      },
      {
        "text": "Corel Draw",
        "meta": "@Software",
        "alias": "software",
        "userDefined": true
      },
      {
        "text": " não funciona",
        "userDefined": false
      }
    ],
    "isTemplate": false,
    "count": 0,
    "lang": "pt-br",
    "updated": 0
  },
  {
    "id": "305afa35-5551-47b1-aa8f-3eb2ab782db9",
    "data": [
      {
        "text": "não consigo fazer o ",
        "userDefined": false
      },
      {
        "text": "Word",
        "meta": "@Software",
        "alias": "software",
        "userDefined": false
      },
      {
        "text": " funcionar",
        "userDefined": false
      }
    ],
    "isTemplate": false,
    "count": 0,
    "lang": "pt-br",
    "updated": 0
  },
  {
    "id": "11550c8b-d7da-4748-9b1f-c053d07c7685",
    "data": [
      {
        "text": "O app não está rodando",
        "userDefined": false
      }
    ],
    "isTemplate": false,
    "count": 0,
    "lang": "pt-br",
    "updated": 0
  },
  {
    "id": "ff3e009e-6161-40ed-af7b-a29de64043ed",
    "data": [
      {
        "text": "Estou com",
        "userDefined": false
      },
      {
        "text": " dificuldades de sistema",
        "userDefined": false
      }
    ],
    "isTemplate": false,
    "count": 0,
    "lang": "pt-br",
    "updated": 0
  },
  {
    "id": "e89ef4c2-79b0-4d3e-aa82-d43dbba6d9e1",
    "data": [
      {
        "text": "meu aplicativo não está funcionando",
        "userDefined": false
      }
    ],
    "isTemplate": false,
    "count": 0,
    "lang": "pt-br",
    "updated": 0
  },
  {
    "id": "1bb02ba8-0487-4f00-9b33-4425a3b51cf8",
    "data": [
      {
        "text": "Estou com",
        "userDefined": false
      },
      {
        "text": " problemas de Software",
        "userDefined": false
      }
    ],
    "isTemplate": false,
    "count": 0,
    "lang": "pt-br",
    "updated": 0
  }
]