[
  {
    "id": "4959d05e-3228-4734-b575-878268090903",
    "data": [
      {
        "text": "opções de conta pessoal",
        "userDefined": false
      }
    ],
    "isTemplate": false,
    "count": 0,
    "lang": "pt-br",
    "updated": 0
  },
  {
    "id": "64e1d233-8547-472a-bdbf-30d6156ec018",
    "data": [
      {
        "text": "Quais as operações de usuário ?",
        "userDefined": false
      }
    ],
    "isTemplate": false,
    "count": 0,
    "lang": "pt-br",
    "updated": 0
  },
  {
    "id": "e836a7c7-8bb2-4cf4-8fcc-fa09c3ca1afa",
    "data": [
      {
        "text": "operações de conta pessoal",
        "userDefined": false
      }
    ],
    "isTemplate": false,
    "count": 0,
    "lang": "pt-br",
    "updated": 0
  },
  {
    "id": "a9eb87ed-e710-476a-a18d-9fc0fac55533",
    "data": [
      {
        "text": "me mostre as opções de conta",
        "userDefined": false
      }
    ],
    "isTemplate": false,
    "count": 0,
    "lang": "pt-br",
    "updated": 0
  },
  {
    "id": "27271d1f-ac3b-4c02-9f27-1ae02b294b7b",
    "data": [
      {
        "text": "acessar menu pessoal",
        "userDefined": false
      }
    ],
    "isTemplate": false,
    "count": 0,
    "lang": "pt-br",
    "updated": 0
  },
  {
    "id": "48a5aad4-5c33-48e6-a160-2b2223cd7c1e",
    "data": [
      {
        "text": "quero ver o menu de usuário",
        "userDefined": false
      }
    ],
    "isTemplate": false,
    "count": 0,
    "lang": "pt-br",
    "updated": 0
  },
  {
    "id": "a6afe09e-c350-414f-aa27-6d071c63b489",
    "data": [
      {
        "text": "menu pessoal",
        "userDefined": false
      }
    ],
    "isTemplate": false,
    "count": 0,
    "lang": "pt-br",
    "updated": 0
  },
  {
    "id": "4162aa80-cb0e-4479-9864-cc7c773fac4b",
    "data": [
      {
        "text": "opções de perfil",
        "userDefined": false
      }
    ],
    "isTemplate": false,
    "count": 0,
    "lang": "pt-br",
    "updated": 0
  },
  {
    "id": "d11680ef-1835-415f-a8aa-28d254ace64b",
    "data": [
      {
        "text": "menu do usuário",
        "userDefined": false
      }
    ],
    "isTemplate": false,
    "count": 0,
    "lang": "pt-br",
    "updated": 0
  },
  {
    "id": "0cc7bcf2-b3ed-4bc6-bdad-cee06f033966",
    "data": [
      {
        "text": "quero fazer operações na minha conta pessoal",
        "userDefined": false
      }
    ],
    "isTemplate": false,
    "count": 0,
    "lang": "pt-br",
    "updated": 0
  }
]