[
  {
    "id": "e1a759a7-7a01-4014-bce7-64ac59c6e2fb",
    "data": [
      {
        "text": "como ocorre a contaminação",
        "userDefined": false
      }
    ],
    "isTemplate": false,
    "count": 0,
    "lang": "pt-br",
    "updated": 0
  },
  {
    "id": "e98e51ae-bb21-4226-8417-e293df740ca1",
    "data": [
      {
        "text": "como passa covid",
        "userDefined": false
      }
    ],
    "isTemplate": false,
    "count": 0,
    "lang": "pt-br",
    "updated": 0
  },
  {
    "id": "155826bc-66fd-4787-b033-57257cded12d",
    "data": [
      {
        "text": "tempo de vida do coronavirus",
        "userDefined": false
      }
    ],
    "isTemplate": false,
    "count": 0,
    "lang": "pt-br",
    "updated": 0
  },
  {
    "id": "f51d8eb3-75d2-47bb-a858-89174b2e2c84",
    "data": [
      {
        "text": "como pega covid",
        "userDefined": false
      }
    ],
    "isTemplate": false,
    "count": 0,
    "lang": "pt-br",
    "updated": 0
  },
  {
    "id": "0e3ae0d5-31d6-4e41-93d4-8983bcab0b89",
    "data": [
      {
        "text": "contágio",
        "userDefined": false
      }
    ],
    "isTemplate": false,
    "count": 0,
    "lang": "pt-br",
    "updated": 0
  },
  {
    "id": "843e0bfb-c823-4d47-9797-2a929606ad2d",
    "data": [
      {
        "text": "contagio",
        "userDefined": false
      }
    ],
    "isTemplate": false,
    "count": 0,
    "lang": "pt-br",
    "updated": 0
  }
]