[
  {
    "id": "897f49b8-885e-4aed-87a3-6751362ee866",
    "data": [
      {
        "text": "passar coronavirus",
        "userDefined": false
      }
    ],
    "isTemplate": false,
    "count": 0,
    "lang": "pt-br",
    "updated": 0
  },
  {
    "id": "8a26c1d4-bd01-4810-9922-1d1d5d28e8dc",
    "data": [
      {
        "text": "passar covid",
        "userDefined": false
      }
    ],
    "isTemplate": false,
    "count": 0,
    "lang": "pt-br",
    "updated": 0
  },
  {
    "id": "ab5dfb66-110e-4bfa-a530-1ab2d0294f9c",
    "data": [
      {
        "text": "contaminar",
        "userDefined": false
      }
    ],
    "isTemplate": false,
    "count": 0,
    "lang": "pt-br",
    "updated": 0
  },
  {
    "id": "86a90b62-40e2-4c18-977d-7650276554d0",
    "data": [
      {
        "text": "contaminação",
        "userDefined": false
      }
    ],
    "isTemplate": false,
    "count": 0,
    "lang": "pt-br",
    "updated": 0
  },
  {
    "id": "72834cb5-a31e-4744-917c-c0e5def69ebc",
    "data": [
      {
        "text": "contagia",
        "userDefined": false
      }
    ],
    "isTemplate": false,
    "count": 0,
    "lang": "pt-br",
    "updated": 0
  },
  {
    "id": "e1a759a7-7a01-4014-bce7-64ac59c6e2fb",
    "data": [
      {
        "text": "como ocorre a contaminação",
        "userDefined": false
      }
    ],
    "isTemplate": false,
    "count": 0,
    "lang": "pt-br",
    "updated": 0
  },
  {
    "id": "e98e51ae-bb21-4226-8417-e293df740ca1",
    "data": [
      {
        "text": "como passa covid",
        "userDefined": false
      }
    ],
    "isTemplate": false,
    "count": 0,
    "lang": "pt-br",
    "updated": 0
  },
  {
    "id": "155826bc-66fd-4787-b033-57257cded12d",
    "data": [
      {
        "text": "tempo de vida do coronavirus",
        "userDefined": false
      }
    ],
    "isTemplate": false,
    "count": 0,
    "lang": "pt-br",
    "updated": 0
  },
  {
    "id": "f51d8eb3-75d2-47bb-a858-89174b2e2c84",
    "data": [
      {
        "text": "como pega covid",
        "userDefined": false
      }
    ],
    "isTemplate": false,
    "count": 0,
    "lang": "pt-br",
    "updated": 0
  },
  {
    "id": "0e3ae0d5-31d6-4e41-93d4-8983bcab0b89",
    "data": [
      {
        "text": "contágio",
        "userDefined": false
      }
    ],
    "isTemplate": false,
    "count": 0,
    "lang": "pt-br",
    "updated": 0
  },
  {
    "id": "843e0bfb-c823-4d47-9797-2a929606ad2d",
    "data": [
      {
        "text": "contagio",
        "userDefined": false
      }
    ],
    "isTemplate": false,
    "count": 0,
    "lang": "pt-br",
    "updated": 0
  }
]