[
  {
    "id": "f56935b5-d27c-497b-a49e-193ad3406ae4",
    "data": [
      {
        "text": "quero ver sobre as formas de contagio",
        "userDefined": false
      }
    ],
    "isTemplate": false,
    "count": 0,
    "lang": "pt-br",
    "updated": 0
  },
  {
    "id": "30b05768-0f88-4e51-b44c-04d30b2af42e",
    "data": [
      {
        "text": "de que forma o virus é transmitido",
        "userDefined": false
      }
    ],
    "isTemplate": false,
    "count": 0,
    "lang": "pt-br",
    "updated": 0
  },
  {
    "id": "18afaa3a-1afa-4bef-bc9c-35e98d387356",
    "data": [
      {
        "text": "como ocorre a contaminação",
        "userDefined": false
      }
    ],
    "isTemplate": false,
    "count": 0,
    "lang": "pt-br",
    "updated": 0
  },
  {
    "id": "e45c93bd-861d-4edc-b129-6b42d7911d9a",
    "data": [
      {
        "text": "transmissão",
        "userDefined": false
      }
    ],
    "isTemplate": false,
    "count": 0,
    "lang": "pt-br",
    "updated": 0
  },
  {
    "id": "f022ea38-4e76-499c-bbb1-50e1a7534b7b",
    "data": [
      {
        "text": "quais as formas de transmissão do coronavirus",
        "userDefined": false
      }
    ],
    "isTemplate": false,
    "count": 0,
    "lang": "pt-br",
    "updated": 0
  },
  {
    "id": "de83abcc-003e-4bff-8c67-098601b9477b",
    "data": [
      {
        "text": "como o virus é passado",
        "userDefined": false
      }
    ],
    "isTemplate": false,
    "count": 0,
    "lang": "pt-br",
    "updated": 0
  },
  {
    "id": "cfae2217-faa2-4546-b062-c8c1e0404125",
    "data": [
      {
        "text": "quais as formas de transmissão da covid",
        "userDefined": false
      }
    ],
    "isTemplate": false,
    "count": 0,
    "lang": "pt-br",
    "updated": 0
  },
  {
    "id": "0bec0977-d197-4675-ac74-105a74e270c6",
    "data": [
      {
        "text": "como pega coronavirus ?",
        "userDefined": false
      }
    ],
    "isTemplate": false,
    "count": 0,
    "lang": "pt-br",
    "updated": 0
  },
  {
    "id": "23c71d53-9c22-495d-adf2-835cd4dad715",
    "data": [
      {
        "text": "como pega covid ?",
        "userDefined": false
      }
    ],
    "isTemplate": false,
    "count": 0,
    "lang": "pt-br",
    "updated": 0
  },
  {
    "id": "e80e5e9b-9689-4d45-ad89-352a0ea3bc6d",
    "data": [
      {
        "text": "formas de contágio",
        "userDefined": false
      }
    ],
    "isTemplate": false,
    "count": 0,
    "lang": "pt-br",
    "updated": 0
  },
  {
    "id": "fe6f84ec-d27d-44c1-b525-7f39693868d5",
    "data": [
      {
        "text": "formas de contagios",
        "userDefined": false
      }
    ],
    "isTemplate": false,
    "count": 0,
    "lang": "pt-br",
    "updated": 0
  }
]