[
  {
    "id": "993f08ff-d6d6-4fc3-b3b4-35a35c56aab7",
    "data": [
      {
        "text": "quero ver sobre o tempo de incubação do virus",
        "userDefined": false
      }
    ],
    "isTemplate": false,
    "count": 0,
    "lang": "pt-br",
    "updated": 0
  },
  {
    "id": "2de55cfb-8079-4bdc-ad90-26b9c385776b",
    "data": [
      {
        "text": "o virus aguenta quanto tempo",
        "userDefined": false
      }
    ],
    "isTemplate": false,
    "count": 0,
    "lang": "pt-br",
    "updated": 0
  },
  {
    "id": "ba23b702-e8ef-47dd-8c34-96515d89b364",
    "data": [
      {
        "text": "quanto tempo o virus fica vivo",
        "userDefined": false
      }
    ],
    "isTemplate": false,
    "count": 0,
    "lang": "pt-br",
    "updated": 0
  },
  {
    "id": "6ebebede-29b2-495a-bda4-c8e9c0f5ebf9",
    "data": [
      {
        "text": "qual expectativa de vida de ",
        "userDefined": false
      },
      {
        "text": "um",
        "userDefined": false
      },
      {
        "text": " virus do coronavirus",
        "userDefined": false
      }
    ],
    "isTemplate": false,
    "count": 0,
    "lang": "pt-br",
    "updated": 0
  },
  {
    "id": "8ac43943-9fbd-460e-af08-b418fccc5b16",
    "data": [
      {
        "text": "o virus morre rápido ?",
        "userDefined": false
      }
    ],
    "isTemplate": false,
    "count": 0,
    "lang": "pt-br",
    "updated": 0
  },
  {
    "id": "efd3c068-864e-465c-9910-409964e5600a",
    "data": [
      {
        "text": "qual tempo dura a covid",
        "userDefined": false
      }
    ],
    "isTemplate": false,
    "count": 1,
    "lang": "pt-br",
    "updated": 0
  },
  {
    "id": "6adc130c-d5f3-4c96-9fde-7e1e67e8cf50",
    "data": [
      {
        "text": "qual o tempo de incubação da covid",
        "userDefined": false
      }
    ],
    "isTemplate": false,
    "count": 0,
    "lang": "pt-br",
    "updated": 0
  },
  {
    "id": "508f64ee-806f-4bc0-8f23-2032e22de0b8",
    "data": [
      {
        "text": "tempo incubação do virus",
        "userDefined": false
      }
    ],
    "isTemplate": false,
    "count": 0,
    "lang": "pt-br",
    "updated": 0
  },
  {
    "id": "e7a91960-d352-46a4-b1fd-3399d1dd1a6a",
    "data": [
      {
        "text": "incubação",
        "userDefined": false
      }
    ],
    "isTemplate": false,
    "count": 0,
    "lang": "pt-br",
    "updated": 0
  },
  {
    "id": "a10124ec-7941-4858-8b3a-063c10898f65",
    "data": [
      {
        "text": "incubacao",
        "userDefined": false
      }
    ],
    "isTemplate": false,
    "count": 0,
    "lang": "pt-br",
    "updated": 0
  }
]