[
  {
    "id": "65735d07-dbdd-4f1f-b271-9b4bf13c390c",
    "data": [
      {
        "text": "flw",
        "userDefined": false
      }
    ],
    "isTemplate": false,
    "count": 0,
    "lang": "pt-br",
    "updated": 0
  },
  {
    "id": "81cb5d6f-347e-4d38-903f-616d275abe50",
    "data": [
      {
        "text": "vlw",
        "userDefined": false
      }
    ],
    "isTemplate": false,
    "count": 0,
    "lang": "pt-br",
    "updated": 0
  },
  {
    "id": "92a2beec-952c-4b73-8be8-d68ddc9cf9eb",
    "data": [
      {
        "text": "não",
        "userDefined": false
      }
    ],
    "isTemplate": false,
    "count": 0,
    "lang": "pt-br",
    "updated": 0
  },
  {
    "id": "e6706b41-e111-4064-b5b0-e5783afbedba",
    "data": [
      {
        "text": "nao",
        "userDefined": false
      }
    ],
    "isTemplate": false,
    "count": 0,
    "lang": "pt-br",
    "updated": 0
  },
  {
    "id": "4a6dd394-12b3-4bd1-8b5a-2f9baf4489bc",
    "data": [
      {
        "text": "acho que não, obrigado",
        "userDefined": false
      }
    ],
    "isTemplate": false,
    "count": 0,
    "lang": "pt-br",
    "updated": 0
  },
  {
    "id": "1c57eeca-d3a6-44fe-9412-c2c8ced1b75a",
    "data": [
      {
        "text": "valeu",
        "userDefined": false
      }
    ],
    "isTemplate": false,
    "count": 1,
    "lang": "pt-br",
    "updated": 0
  },
  {
    "id": "6c993820-3de9-4152-965b-83a051b97ccf",
    "data": [
      {
        "text": "obrigada, era so isso",
        "userDefined": false
      }
    ],
    "isTemplate": false,
    "count": 0,
    "lang": "pt-br",
    "updated": 0
  },
  {
    "id": "2c785407-7cfc-4fa8-b685-b4e7a8140944",
    "data": [
      {
        "text": "nao, era so isso",
        "userDefined": false
      }
    ],
    "isTemplate": false,
    "count": 0,
    "lang": "pt-br",
    "updated": 0
  },
  {
    "id": "72f431ff-715f-4037-9877-bf940adc7c27",
    "data": [
      {
        "text": "Já tirei minhas dúvidas",
        "userDefined": false
      }
    ],
    "isTemplate": false,
    "count": 0,
    "lang": "pt-br",
    "updated": 0
  },
  {
    "id": "4931f6ed-977a-435f-a6b2-bf36fea2dea0",
    "data": [
      {
        "text": "já estou satisfeito",
        "userDefined": false
      }
    ],
    "isTemplate": false,
    "count": 0,
    "lang": "pt-br",
    "updated": 0
  },
  {
    "id": "33c61083-fd7a-4a88-bd1d-c896cf7be063",
    "data": [
      {
        "text": "era só isso",
        "userDefined": false
      }
    ],
    "isTemplate": false,
    "count": 0,
    "lang": "pt-br",
    "updated": 0
  },
  {
    "id": "16a6f17c-a1fe-4c5a-8708-956b86f72e75",
    "data": [
      {
        "text": "tudo ok",
        "userDefined": false
      }
    ],
    "isTemplate": false,
    "count": 0,
    "lang": "pt-br",
    "updated": 0
  },
  {
    "id": "43df0846-fd89-4431-9c26-7d7edc4c15de",
    "data": [
      {
        "text": "obrigado",
        "userDefined": false
      }
    ],
    "isTemplate": false,
    "count": 0,
    "lang": "pt-br",
    "updated": 0
  },
  {
    "id": "21823898-3b78-40bb-aae9-86b750ec6981",
    "data": [
      {
        "text": "Obrigado, era só isso",
        "userDefined": false
      }
    ],
    "isTemplate": false,
    "count": 0,
    "lang": "pt-br",
    "updated": 0
  },
  {
    "id": "ed9c0539-4fda-46d4-bb90-17c5a0cf2d18",
    "data": [
      {
        "text": "Não, era só isso",
        "userDefined": false
      }
    ],
    "isTemplate": false,
    "count": 0,
    "lang": "pt-br",
    "updated": 0
  },
  {
    "id": "1bac60c0-5d3f-4542-af34-dcb410a17f4a",
    "data": [
      {
        "text": "encerramento",
        "userDefined": false
      }
    ],
    "isTemplate": false,
    "count": 0,
    "lang": "pt-br",
    "updated": 0
  }
]