[
  {
    "id": "0c51291e-70dc-4978-b093-b6d23bc5d916",
    "data": [
      {
        "text": "sim, mostrar menu",
        "userDefined": false
      }
    ],
    "isTemplate": false,
    "count": 0,
    "lang": "pt-br",
    "updated": 0
  },
  {
    "id": "96e96c44-56e4-44c4-b869-984510fd1f56",
    "data": [
      {
        "text": "quais opções tenho aqui ?",
        "userDefined": false
      }
    ],
    "isTemplate": false,
    "count": 0,
    "lang": "pt-br",
    "updated": 0
  },
  {
    "id": "2f28da14-e5ce-47ab-9c7a-9f7c7169b47f",
    "data": [
      {
        "text": "no que vc pode me ajudar",
        "userDefined": false
      }
    ],
    "isTemplate": false,
    "count": 0,
    "lang": "pt-br",
    "updated": 0
  },
  {
    "id": "ff33b106-8257-40a0-a9ba-4df87cea01c3",
    "data": [
      {
        "text": "me mostre seus serviços",
        "userDefined": false
      }
    ],
    "isTemplate": false,
    "count": 0,
    "lang": "pt-br",
    "updated": 0
  },
  {
    "id": "93d4d3b4-81df-4006-91b3-95270619566c",
    "data": [
      {
        "text": "quais seus pontos positivos",
        "userDefined": false
      }
    ],
    "isTemplate": false,
    "count": 0,
    "lang": "pt-br",
    "updated": 0
  },
  {
    "id": "e760c72f-b567-40ab-9096-9532f7e6eb3b",
    "data": [
      {
        "text": "O que você tem a oferecer",
        "userDefined": false
      }
    ],
    "isTemplate": false,
    "count": 0,
    "lang": "pt-br",
    "updated": 0
  },
  {
    "id": "beed08a7-784b-4d87-9e49-32ea8e765b32",
    "data": [
      {
        "text": "quais suas utilidades",
        "userDefined": false
      }
    ],
    "isTemplate": false,
    "count": 0,
    "lang": "pt-br",
    "updated": 0
  },
  {
    "id": "656fffae-30f2-4919-a5b6-3b9fda12b433",
    "data": [
      {
        "text": "servicos",
        "userDefined": false
      }
    ],
    "isTemplate": false,
    "count": 0,
    "lang": "pt-br",
    "updated": 0
  },
  {
    "id": "45028489-e8e1-4974-b1dc-182b888da2cb",
    "data": [
      {
        "text": "opcoes",
        "userDefined": false
      }
    ],
    "isTemplate": false,
    "count": 0,
    "lang": "pt-br",
    "updated": 0
  },
  {
    "id": "ad0255e5-19c4-4b0d-ab94-a20df49670d4",
    "data": [
      {
        "text": "ajuda",
        "userDefined": false
      }
    ],
    "isTemplate": false,
    "count": 0,
    "lang": "pt-br",
    "updated": 0
  },
  {
    "id": "edfd61b5-f8f5-4df2-a9d4-950d08cd9eba",
    "data": [
      {
        "text": "Menu",
        "userDefined": false
      }
    ],
    "isTemplate": false,
    "count": 0,
    "lang": "pt-br",
    "updated": 0
  }
]