[
  {
    "id": "c9b7d670-8008-4fe4-9160-e18f90719c21",
    "data": [
      {
        "text": "tive febre de 35",
        "userDefined": false
      }
    ],
    "isTemplate": false,
    "count": 0,
    "lang": "pt-br",
    "updated": 0
  },
  {
    "id": "88ad68c7-b86b-4fb4-af89-6312b6718860",
    "data": [
      {
        "text": "tive febre ",
        "userDefined": false
      },
      {
        "text": "de 36",
        "userDefined": false
      }
    ],
    "isTemplate": false,
    "count": 0,
    "lang": "pt-br",
    "updated": 0
  },
  {
    "id": "1bd4e2a8-f436-4208-bbe9-e3293ea03bf1",
    "data": [
      {
        "text": "febre ",
        "userDefined": false
      },
      {
        "text": "35",
        "userDefined": false
      }
    ],
    "isTemplate": false,
    "count": 0,
    "lang": "pt-br",
    "updated": 0
  },
  {
    "id": "ad626225-5d38-4d54-b1ab-f1356dbbaedf",
    "data": [
      {
        "text": "febre ",
        "userDefined": false
      },
      {
        "text": "36",
        "userDefined": false
      }
    ],
    "isTemplate": false,
    "count": 0,
    "lang": "pt-br",
    "updated": 0
  },
  {
    "id": "82186628-dcc9-4126-8d74-bc9161dd28bb",
    "data": [
      {
        "text": "37,7",
        "userDefined": false
      }
    ],
    "isTemplate": false,
    "count": 0,
    "lang": "pt-br",
    "updated": 0
  },
  {
    "id": "e60b2956-84c7-45fd-a80a-553dcfe875f9",
    "data": [
      {
        "text": "37,4",
        "userDefined": false
      }
    ],
    "isTemplate": false,
    "count": 0,
    "lang": "pt-br",
    "updated": 0
  },
  {
    "id": "34ac03ce-4117-4f53-b0ba-ae43c1782619",
    "data": [
      {
        "text": "37,5",
        "userDefined": false
      }
    ],
    "isTemplate": false,
    "count": 0,
    "lang": "pt-br",
    "updated": 0
  },
  {
    "id": "d05c4a8f-f770-4fd0-95f5-e0fbd4e8dfeb",
    "data": [
      {
        "text": "37,6",
        "userDefined": false
      }
    ],
    "isTemplate": false,
    "count": 0,
    "lang": "pt-br",
    "updated": 0
  },
  {
    "id": "462f5bd2-0070-4919-bb39-ccb59bf78dac",
    "data": [
      {
        "text": "34",
        "userDefined": false
      }
    ],
    "isTemplate": false,
    "count": 0,
    "lang": "pt-br",
    "updated": 0
  },
  {
    "id": "e2b8f2ef-8948-4b5f-9fc9-c82c68eca885",
    "data": [
      {
        "text": "35",
        "userDefined": false
      }
    ],
    "isTemplate": false,
    "count": 0,
    "lang": "pt-br",
    "updated": 0
  },
  {
    "id": "d012b7e9-75ec-48af-b3b1-c988749da016",
    "data": [
      {
        "text": "36",
        "userDefined": false
      }
    ],
    "isTemplate": false,
    "count": 0,
    "lang": "pt-br",
    "updated": 0
  },
  {
    "id": "53361dca-1d9b-46a9-b142-8cfcf38c255a",
    "data": [
      {
        "text": "menor ",
        "userDefined": false
      },
      {
        "text": "37,8",
        "userDefined": false
      }
    ],
    "isTemplate": false,
    "count": 0,
    "lang": "pt-br",
    "updated": 0
  },
  {
    "id": "acc459f1-090d-4980-be7b-a0f29e8a8666",
    "data": [
      {
        "text": "não tive",
        "userDefined": false
      }
    ],
    "isTemplate": false,
    "count": 0,
    "lang": "pt-br",
    "updated": 0
  },
  {
    "id": "286541f9-57c5-4a57-9822-41b88d754374",
    "data": [
      {
        "text": "nao tive febre",
        "userDefined": false
      }
    ],
    "isTemplate": false,
    "count": 0,
    "lang": "pt-br",
    "updated": 0
  },
  {
    "id": "03db6045-7e45-443d-a1cd-b44299845027",
    "data": [
      {
        "text": "nao",
        "userDefined": false
      }
    ],
    "isTemplate": false,
    "count": 1,
    "lang": "pt-br",
    "updated": 0
  },
  {
    "id": "e5db14c5-7aca-443d-bda6-5fb22151f5b6",
    "data": [
      {
        "text": "nunca tive febre",
        "userDefined": false
      }
    ],
    "isTemplate": false,
    "count": 0,
    "lang": "pt-br",
    "updated": 0
  },
  {
    "id": "f4c33c9e-b65a-4bd6-9d71-d68ed3bc5019",
    "data": [
      {
        "text": "não contei febre",
        "userDefined": false
      }
    ],
    "isTemplate": false,
    "count": 0,
    "lang": "pt-br",
    "updated": 0
  },
  {
    "id": "f260553f-8858-4f83-8e98-ba96fce11354",
    "data": [
      {
        "text": "nos ",
        "userDefined": false
      },
      {
        "text": "ultimos sete dias",
        "userDefined": false
      },
      {
        "text": " não tive febre",
        "userDefined": false
      }
    ],
    "isTemplate": false,
    "count": 0,
    "lang": "pt-br",
    "updated": 0
  },
  {
    "id": "2d5f0caa-cf80-49d9-b476-b8c71cdebab4",
    "data": [
      {
        "text": "não apresentei febre",
        "userDefined": false
      }
    ],
    "isTemplate": false,
    "count": 0,
    "lang": "pt-br",
    "updated": 0
  },
  {
    "id": "c25eb3aa-a5e5-4c0b-8b52-b77d35599b1e",
    "data": [
      {
        "text": "nunca contive febre",
        "userDefined": false
      }
    ],
    "isTemplate": false,
    "count": 0,
    "lang": "pt-br",
    "updated": 0
  },
  {
    "id": "679895a6-685d-4c42-9e9e-b69c50960b09",
    "data": [
      {
        "text": "não possui febre",
        "userDefined": false
      }
    ],
    "isTemplate": false,
    "count": 0,
    "lang": "pt-br",
    "updated": 0
  },
  {
    "id": "bc0ce260-4d6a-4fc2-a15b-b81f568d6cdf",
    "data": [
      {
        "text": "minha febre não passou de ",
        "userDefined": false
      },
      {
        "text": "37,8°C",
        "userDefined": false
      }
    ],
    "isTemplate": false,
    "count": 0,
    "lang": "pt-br",
    "updated": 0
  },
  {
    "id": "fbcaa1ee-58df-4493-8893-28e1e55e039a",
    "data": [
      {
        "text": "não tive febre",
        "userDefined": false
      }
    ],
    "isTemplate": false,
    "count": 0,
    "lang": "pt-br",
    "updated": 0
  },
  {
    "id": "993efc7f-4a1d-4ef8-a35a-270be31caa0d",
    "data": [
      {
        "text": "negativo",
        "userDefined": false
      }
    ],
    "isTemplate": false,
    "count": 0,
    "lang": "pt-br",
    "updated": 0
  },
  {
    "id": "6d999bc6-6b97-47d3-a33d-cd73ac7f318a",
    "data": [
      {
        "text": "não",
        "userDefined": false
      }
    ],
    "isTemplate": false,
    "count": 1,
    "lang": "pt-br",
    "updated": 0
  }
]