[
  {
    "id": "2178a5ca-8270-4c11-92a0-b4789200a371",
    "data": [
      {
        "text": "não melhorei",
        "userDefined": false
      }
    ],
    "isTemplate": false,
    "count": 0,
    "lang": "pt-br",
    "updated": 0
  },
  {
    "id": "0c8774c2-e37f-44fc-8277-31f6753c871a",
    "data": [
      {
        "text": "nao",
        "userDefined": false
      }
    ],
    "isTemplate": false,
    "count": 0,
    "lang": "pt-br",
    "updated": 0
  },
  {
    "id": "f1bf056f-e075-46bd-9fc2-cc34490bf45c",
    "data": [
      {
        "text": "ainda possuo dor de garganta",
        "userDefined": false
      }
    ],
    "isTemplate": false,
    "count": 0,
    "lang": "pt-br",
    "updated": 0
  },
  {
    "id": "7046bdfe-5f7c-47c9-8262-17971d996a73",
    "data": [
      {
        "text": "ainda sinto cansaço",
        "userDefined": false
      }
    ],
    "isTemplate": false,
    "count": 0,
    "lang": "pt-br",
    "updated": 0
  },
  {
    "id": "805c479e-7ff5-4cac-9f34-8deb21d4eb0f",
    "data": [
      {
        "text": "sem sinais de melhora",
        "userDefined": false
      }
    ],
    "isTemplate": false,
    "count": 0,
    "lang": "pt-br",
    "updated": 0
  },
  {
    "id": "6dd4130f-df4d-4739-a76d-195055bcf1f7",
    "data": [
      {
        "text": "estou ruim ainda",
        "userDefined": false
      }
    ],
    "isTemplate": false,
    "count": 0,
    "lang": "pt-br",
    "updated": 0
  },
  {
    "id": "0d85de78-c3e9-495c-8361-c738a52b0f48",
    "data": [
      {
        "text": "não apresentei melhora",
        "userDefined": false
      }
    ],
    "isTemplate": false,
    "count": 0,
    "lang": "pt-br",
    "updated": 0
  },
  {
    "id": "6c5f2641-6b0c-41ef-98ec-e0017b8df129",
    "data": [
      {
        "text": "ainda tenho dor de cabeça",
        "userDefined": false
      }
    ],
    "isTemplate": false,
    "count": 0,
    "lang": "pt-br",
    "updated": 0
  },
  {
    "id": "3e7b9efe-f81c-4064-8346-6dd200b9cb3b",
    "data": [
      {
        "text": "não melhorei nada",
        "userDefined": false
      }
    ],
    "isTemplate": false,
    "count": 0,
    "lang": "pt-br",
    "updated": 0
  },
  {
    "id": "ba6c8c7a-294c-4901-8544-d279d258abdd",
    "data": [
      {
        "text": "ainda estou com",
        "userDefined": false
      },
      {
        "text": " os sintomas",
        "userDefined": false
      }
    ],
    "isTemplate": false,
    "count": 0,
    "lang": "pt-br",
    "updated": 0
  },
  {
    "id": "7c65a086-1937-41e9-b0f9-a8fa1c97846b",
    "data": [
      {
        "text": "não tive melhoras",
        "userDefined": false
      }
    ],
    "isTemplate": false,
    "count": 0,
    "lang": "pt-br",
    "updated": 0
  },
  {
    "id": "71936de4-b928-4d2c-bb7b-0e992ef02589",
    "data": [
      {
        "text": "negativo",
        "userDefined": false
      }
    ],
    "isTemplate": false,
    "count": 0,
    "lang": "pt-br",
    "updated": 0
  },
  {
    "id": "36255672-7fe0-4fe5-a117-c7d5d4d0be58",
    "data": [
      {
        "text": "não",
        "userDefined": false
      }
    ],
    "isTemplate": false,
    "count": 0,
    "lang": "pt-br",
    "updated": 0
  }
]