[
  {
    "id": "c551a4af-9dda-44af-99d6-0d905dcd55d4",
    "data": [
      {
        "text": "Não estou em qualquer grupo",
        "userDefined": false
      }
    ],
    "isTemplate": false,
    "count": 0,
    "lang": "pt-br",
    "updated": 0
  },
  {
    "id": "eee04aaa-e952-4df5-a460-a9176de19be5",
    "data": [
      {
        "text": "Não faço parte",
        "userDefined": false
      }
    ],
    "isTemplate": false,
    "count": 0,
    "lang": "pt-br",
    "updated": 0
  },
  {
    "id": "623a1b79-04ad-4a93-90a2-2cae08e9a99b",
    "data": [
      {
        "text": "Não combino com",
        "userDefined": false
      },
      {
        "text": " nem ",
        "userDefined": false
      },
      {
        "text": "um",
        "userDefined": false
      }
    ],
    "isTemplate": false,
    "count": 0,
    "lang": "pt-br",
    "updated": 0
  },
  {
    "id": "e833d18e-507b-4313-ba04-b56f8e5e8e22",
    "data": [
      {
        "text": "nenhum condiz comigo",
        "userDefined": false
      }
    ],
    "isTemplate": false,
    "count": 0,
    "lang": "pt-br",
    "updated": 0
  },
  {
    "id": "6c9e8c7e-2ce2-4967-854f-a714f3fbb8f9",
    "data": [
      {
        "text": "não faço parte desses grupo",
        "userDefined": false
      }
    ],
    "isTemplate": false,
    "count": 0,
    "lang": "pt-br",
    "updated": 0
  },
  {
    "id": "b8135e7c-07e3-4a87-8722-f434f1128a96",
    "data": [
      {
        "text": "Não me encaixo em nenhum grupo",
        "userDefined": false
      }
    ],
    "isTemplate": false,
    "count": 0,
    "lang": "pt-br",
    "updated": 0
  },
  {
    "id": "cec0e309-57d8-4ff8-952f-9715828a1b52",
    "data": [
      {
        "text": "Não sou de nenhum grupo",
        "userDefined": false
      }
    ],
    "isTemplate": false,
    "count": 0,
    "lang": "pt-br",
    "updated": 0
  },
  {
    "id": "5da0cceb-0847-47fd-81e5-44319e2b0827",
    "data": [
      {
        "text": "Não pertenço",
        "userDefined": false
      }
    ],
    "isTemplate": false,
    "count": 0,
    "lang": "pt-br",
    "updated": 0
  },
  {
    "id": "0563f1a3-17e4-4527-a0a2-aa148715152b",
    "data": [
      {
        "text": "negativo",
        "userDefined": false
      }
    ],
    "isTemplate": false,
    "count": 0,
    "lang": "pt-br",
    "updated": 0
  },
  {
    "id": "3438dfe2-bb66-4bfd-8b3b-2d565a481cc5",
    "data": [
      {
        "text": "Não",
        "userDefined": false
      }
    ],
    "isTemplate": false,
    "count": 0,
    "lang": "pt-br",
    "updated": 0
  },
  {
    "id": "71e3dfbf-5882-4388-8393-cf18b4febc9f",
    "data": [
      {
        "text": "nao",
        "userDefined": false
      }
    ],
    "isTemplate": false,
    "count": 1,
    "lang": "pt-br",
    "updated": 0
  },
  {
    "id": "bbaf3f26-b6d2-49c9-a469-be77d7f47ed7",
    "data": [
      {
        "text": "nao",
        "meta": "@sys.music-artist",
        "alias": "music-artist",
        "userDefined": false
      }
    ],
    "isTemplate": false,
    "count": 2,
    "lang": "pt-br",
    "updated": 0
  },
  {
    "id": "add55899-9ed2-4d01-a44e-78f2864b74b4",
    "data": [
      {
        "text": "nao pertenco",
        "userDefined": false
      }
    ],
    "isTemplate": false,
    "count": 0,
    "lang": "pt-br",
    "updated": 0
  }
]