[
  {
    "id": "acc459f1-090d-4980-be7b-a0f29e8a8666",
    "data": [
      {
        "text": "não tive",
        "userDefined": false
      }
    ],
    "isTemplate": false,
    "count": 0,
    "lang": "pt-br",
    "updated": 0
  },
  {
    "id": "286541f9-57c5-4a57-9822-41b88d754374",
    "data": [
      {
        "text": "nao tive febre",
        "userDefined": false
      }
    ],
    "isTemplate": false,
    "count": 0,
    "lang": "pt-br",
    "updated": 0
  },
  {
    "id": "03db6045-7e45-443d-a1cd-b44299845027",
    "data": [
      {
        "text": "nao",
        "userDefined": false
      }
    ],
    "isTemplate": false,
    "count": 1,
    "lang": "pt-br",
    "updated": 0
  },
  {
    "id": "e5db14c5-7aca-443d-bda6-5fb22151f5b6",
    "data": [
      {
        "text": "nunca tive febre",
        "userDefined": false
      }
    ],
    "isTemplate": false,
    "count": 0,
    "lang": "pt-br",
    "updated": 0
  },
  {
    "id": "f4c33c9e-b65a-4bd6-9d71-d68ed3bc5019",
    "data": [
      {
        "text": "não contei febre",
        "userDefined": false
      }
    ],
    "isTemplate": false,
    "count": 0,
    "lang": "pt-br",
    "updated": 0
  },
  {
    "id": "f260553f-8858-4f83-8e98-ba96fce11354",
    "data": [
      {
        "text": "nos ",
        "userDefined": false
      },
      {
        "text": "ultimos sete dias",
        "userDefined": false
      },
      {
        "text": " não tive febre",
        "userDefined": false
      }
    ],
    "isTemplate": false,
    "count": 0,
    "lang": "pt-br",
    "updated": 0
  },
  {
    "id": "2d5f0caa-cf80-49d9-b476-b8c71cdebab4",
    "data": [
      {
        "text": "não apresentei febre",
        "userDefined": false
      }
    ],
    "isTemplate": false,
    "count": 0,
    "lang": "pt-br",
    "updated": 0
  },
  {
    "id": "c25eb3aa-a5e5-4c0b-8b52-b77d35599b1e",
    "data": [
      {
        "text": "nunca contive febre",
        "userDefined": false
      }
    ],
    "isTemplate": false,
    "count": 0,
    "lang": "pt-br",
    "updated": 0
  },
  {
    "id": "679895a6-685d-4c42-9e9e-b69c50960b09",
    "data": [
      {
        "text": "não possui febre",
        "userDefined": false
      }
    ],
    "isTemplate": false,
    "count": 0,
    "lang": "pt-br",
    "updated": 0
  },
  {
    "id": "bc0ce260-4d6a-4fc2-a15b-b81f568d6cdf",
    "data": [
      {
        "text": "minha febre não passou de ",
        "userDefined": false
      },
      {
        "text": "37,8°C",
        "userDefined": false
      }
    ],
    "isTemplate": false,
    "count": 0,
    "lang": "pt-br",
    "updated": 0
  },
  {
    "id": "fbcaa1ee-58df-4493-8893-28e1e55e039a",
    "data": [
      {
        "text": "não tive febre",
        "userDefined": false
      }
    ],
    "isTemplate": false,
    "count": 0,
    "lang": "pt-br",
    "updated": 0
  },
  {
    "id": "993efc7f-4a1d-4ef8-a35a-270be31caa0d",
    "data": [
      {
        "text": "negativo",
        "userDefined": false
      }
    ],
    "isTemplate": false,
    "count": 0,
    "lang": "pt-br",
    "updated": 0
  },
  {
    "id": "6d999bc6-6b97-47d3-a33d-cd73ac7f318a",
    "data": [
      {
        "text": "não",
        "userDefined": false
      }
    ],
    "isTemplate": false,
    "count": 1,
    "lang": "pt-br",
    "updated": 0
  }
]