[
  {
    "id": "1d7a9b03-9847-456f-ae4d-33b2bbc08c7a",
    "data": [
      {
        "text": "nao",
        "userDefined": false
      }
    ],
    "isTemplate": false,
    "count": 0,
    "lang": "pt-br",
    "updated": 0
  },
  {
    "id": "d209acfa-2227-4661-a0b4-ce688bc8bfd1",
    "data": [
      {
        "text": "não tratei os sintomas",
        "userDefined": false
      }
    ],
    "isTemplate": false,
    "count": 0,
    "lang": "pt-br",
    "updated": 0
  },
  {
    "id": "d4dac9e4-9529-432d-952d-df147b5b2655",
    "data": [
      {
        "text": "não ",
        "userDefined": false
      },
      {
        "text": "tomei",
        "userDefined": false
      },
      {
        "text": " nada",
        "userDefined": false
      }
    ],
    "isTemplate": false,
    "count": 0,
    "lang": "pt-br",
    "updated": 0
  },
  {
    "id": "e15908cf-ad2d-4292-8dcd-fc54e9400741",
    "data": [
      {
        "text": "nunca fiz o uso de rémedios",
        "userDefined": false
      }
    ],
    "isTemplate": false,
    "count": 0,
    "lang": "pt-br",
    "updated": 0
  },
  {
    "id": "2daf2aad-80ba-480c-ae12-18cfc31729e1",
    "data": [
      {
        "text": "Não utilizei nada ",
        "userDefined": false
      },
      {
        "text": "para",
        "userDefined": false
      },
      {
        "text": " tratar os sintomas",
        "userDefined": false
      }
    ],
    "isTemplate": false,
    "count": 0,
    "lang": "pt-br",
    "updated": 0
  },
  {
    "id": "6a123f3b-2aab-4261-a204-d1cda59d484b",
    "data": [
      {
        "text": "nunca tratei os sintomas",
        "userDefined": false
      }
    ],
    "isTemplate": false,
    "count": 0,
    "lang": "pt-br",
    "updated": 0
  },
  {
    "id": "7efdf0b9-2c83-42e6-bb84-712590534e50",
    "data": [
      {
        "text": "não fiz o uso de medicamentos",
        "userDefined": false
      }
    ],
    "isTemplate": false,
    "count": 0,
    "lang": "pt-br",
    "updated": 0
  },
  {
    "id": "9df03a90-362f-4462-bb38-72c8c991e9e9",
    "data": [
      {
        "text": "não ",
        "userDefined": false
      },
      {
        "text": "tomei",
        "userDefined": false
      },
      {
        "text": " medicamentos",
        "userDefined": false
      }
    ],
    "isTemplate": false,
    "count": 0,
    "lang": "pt-br",
    "updated": 0
  },
  {
    "id": "3f74c7ee-f15a-4b07-86c6-05f1fa8c96d7",
    "data": [
      {
        "text": "não usei remedio",
        "userDefined": false
      }
    ],
    "isTemplate": false,
    "count": 0,
    "lang": "pt-br",
    "updated": 0
  },
  {
    "id": "799518ef-1d00-46f8-9188-b2c9b7f40015",
    "data": [
      {
        "text": "negativo",
        "userDefined": false
      }
    ],
    "isTemplate": false,
    "count": 0,
    "lang": "pt-br",
    "updated": 0
  },
  {
    "id": "ea23ee77-2206-4d38-982f-69f1d41d8d8c",
    "data": [
      {
        "text": "não",
        "userDefined": false
      }
    ],
    "isTemplate": false,
    "count": 0,
    "lang": "pt-br",
    "updated": 0
  }
]