[
  {
    "id": "bcdb33ed-67ad-4c66-b79a-67123d271411",
    "data": [
      {
        "text": "não tive",
        "userDefined": false
      }
    ],
    "isTemplate": false,
    "count": 0,
    "lang": "pt-br",
    "updated": 0
  },
  {
    "id": "8e97d79d-2f3c-4794-915f-a810ee649436",
    "data": [
      {
        "text": "nao apresentei",
        "userDefined": false
      }
    ],
    "isTemplate": false,
    "count": 0,
    "lang": "pt-br",
    "updated": 0
  },
  {
    "id": "3483b660-a114-47d3-b600-4433db893531",
    "data": [
      {
        "text": "estou ",
        "userDefined": false
      },
      {
        "text": "bem",
        "userDefined": false
      }
    ],
    "isTemplate": false,
    "count": 0,
    "lang": "pt-br",
    "updated": 0
  },
  {
    "id": "6303c933-3cfa-41ad-b15d-b1aebe707968",
    "data": [
      {
        "text": "sem sintomas",
        "userDefined": false
      }
    ],
    "isTemplate": false,
    "count": 0,
    "lang": "pt-br",
    "updated": 0
  },
  {
    "id": "ebf11a35-f571-45c7-a755-6a48589f0485",
    "data": [
      {
        "text": "não obtive sintomas",
        "userDefined": false
      }
    ],
    "isTemplate": false,
    "count": 0,
    "lang": "pt-br",
    "updated": 0
  },
  {
    "id": "1fbe06da-8add-42b0-871c-a935f7fea9ac",
    "data": [
      {
        "text": "não apresentei esses sintomas",
        "userDefined": false
      }
    ],
    "isTemplate": false,
    "count": 0,
    "lang": "pt-br",
    "updated": 0
  },
  {
    "id": "0b26aaef-5766-4bea-8e17-1b6bf79e8b0f",
    "data": [
      {
        "text": "nunca tive sintomas",
        "userDefined": false
      }
    ],
    "isTemplate": false,
    "count": 0,
    "lang": "pt-br",
    "updated": 0
  },
  {
    "id": "2360552b-1a07-4095-86ae-ed9a6400e845",
    "data": [
      {
        "text": "zero",
        "userDefined": false
      }
    ],
    "isTemplate": false,
    "count": 0,
    "lang": "pt-br",
    "updated": 0
  },
  {
    "id": "8fa86f53-6c90-42a9-abc7-845ec513f168",
    "data": [
      {
        "text": "nenhum",
        "userDefined": false
      }
    ],
    "isTemplate": false,
    "count": 0,
    "lang": "pt-br",
    "updated": 0
  },
  {
    "id": "75066365-076b-4974-966c-cb3ee051fba1",
    "data": [
      {
        "text": "não tive sintomas leves",
        "userDefined": false
      }
    ],
    "isTemplate": false,
    "count": 0,
    "lang": "pt-br",
    "updated": 0
  },
  {
    "id": "d9b6bb01-a9d4-4c1b-b5da-9b90d575f6b2",
    "data": [
      {
        "text": "negativo",
        "userDefined": false
      }
    ],
    "isTemplate": false,
    "count": 0,
    "lang": "pt-br",
    "updated": 0
  },
  {
    "id": "c7eb896d-591d-4f76-b1e6-8c99d9c3ec46",
    "data": [
      {
        "text": "não",
        "userDefined": false
      }
    ],
    "isTemplate": false,
    "count": 0,
    "lang": "pt-br",
    "updated": 0
  }
]