[
  {
    "id": "1949d8a6-8101-4884-9a55-c1f4d1e43f1c",
    "data": [
      {
        "text": "não senti esses ai",
        "userDefined": false
      }
    ],
    "isTemplate": false,
    "count": 0,
    "lang": "pt-br",
    "updated": 0
  },
  {
    "id": "5bee70ce-40ed-4046-9de5-e655032e9db0",
    "data": [
      {
        "text": "não senti",
        "userDefined": false
      }
    ],
    "isTemplate": false,
    "count": 0,
    "lang": "pt-br",
    "updated": 0
  },
  {
    "id": "9e392fe7-e9f2-4db5-acff-4f94cb0adf2e",
    "data": [
      {
        "text": "nao",
        "userDefined": false
      }
    ],
    "isTemplate": false,
    "count": 0,
    "lang": "pt-br",
    "updated": 0
  },
  {
    "id": "47e995c0-c8c2-4210-b8df-b43f9d9bc133",
    "data": [
      {
        "text": "não senti esses sintomas",
        "userDefined": false
      }
    ],
    "isTemplate": false,
    "count": 0,
    "lang": "pt-br",
    "updated": 0
  },
  {
    "id": "4fddcd2c-a2f7-4711-8a6d-887cac310dee",
    "data": [
      {
        "text": "não obtive sintomas graves",
        "userDefined": false
      }
    ],
    "isTemplate": false,
    "count": 0,
    "lang": "pt-br",
    "updated": 0
  },
  {
    "id": "676540a5-3661-4ffb-8e6c-e68293bf7660",
    "data": [
      {
        "text": "zero",
        "userDefined": false
      }
    ],
    "isTemplate": false,
    "count": 0,
    "lang": "pt-br",
    "updated": 0
  },
  {
    "id": "debb9cf2-7ba1-4055-8ff0-0fb697d8ff7c",
    "data": [
      {
        "text": "nenhum",
        "userDefined": false
      }
    ],
    "isTemplate": false,
    "count": 0,
    "lang": "pt-br",
    "updated": 0
  },
  {
    "id": "c046959d-bb3b-45a5-89d4-3f97c3bbd6b0",
    "data": [
      {
        "text": "sem sintomas graves",
        "userDefined": false
      }
    ],
    "isTemplate": false,
    "count": 0,
    "lang": "pt-br",
    "updated": 0
  },
  {
    "id": "6c0ea608-ec47-49c3-a11a-3833f3c09489",
    "data": [
      {
        "text": "nenhum sintoma grave",
        "userDefined": false
      }
    ],
    "isTemplate": false,
    "count": 0,
    "lang": "pt-br",
    "updated": 0
  },
  {
    "id": "c5c67e1f-aa92-43ab-b074-c24374a1c2c1",
    "data": [
      {
        "text": "não tive nenhum desses sintomas graves ai",
        "userDefined": false
      }
    ],
    "isTemplate": false,
    "count": 0,
    "lang": "pt-br",
    "updated": 0
  },
  {
    "id": "d85bf372-ec67-44b1-b359-723e3ae12ae8",
    "data": [
      {
        "text": "Não tive sintomas graves",
        "userDefined": false
      }
    ],
    "isTemplate": false,
    "count": 0,
    "lang": "pt-br",
    "updated": 0
  },
  {
    "id": "7215523a-820f-4e49-b146-2af54abfdaa3",
    "data": [
      {
        "text": "não apresentei ",
        "userDefined": false
      },
      {
        "text": "um",
        "userDefined": false
      },
      {
        "text": " desses sintomas",
        "userDefined": false
      }
    ],
    "isTemplate": false,
    "count": 0,
    "lang": "pt-br",
    "updated": 0
  },
  {
    "id": "d3981758-1bf1-4505-929c-c48b4b76db3b",
    "data": [
      {
        "text": "negativo",
        "userDefined": false
      }
    ],
    "isTemplate": false,
    "count": 1,
    "lang": "pt-br",
    "updated": 0
  },
  {
    "id": "9707f4b9-c51f-4096-9b68-3fe5bda93a89",
    "data": [
      {
        "text": "não",
        "userDefined": false
      }
    ],
    "isTemplate": false,
    "count": 0,
    "lang": "pt-br",
    "updated": 0
  }
]