[
  {
    "id": "b70f5c59-d9ef-4ea5-9b80-f47ea6de728d",
    "data": [
      {
        "text": "Preciso realizar ",
        "userDefined": false
      },
      {
        "text": "um",
        "userDefined": false
      },
      {
        "text": " pré-diagnóstico",
        "userDefined": false
      }
    ],
    "isTemplate": false,
    "count": 0,
    "lang": "pt-br",
    "updated": 0
  },
  {
    "id": "3d149407-72fe-4aa6-b2fe-4a6a69173de8",
    "data": [
      {
        "text": "Realizar diagnostico covid",
        "userDefined": false
      }
    ],
    "isTemplate": false,
    "count": 0,
    "lang": "pt-br",
    "updated": 0
  },
  {
    "id": "a5b7cd0e-8251-45d2-9b99-2b635a456f86",
    "data": [
      {
        "text": "Pré-diagnóstico covid-",
        "userDefined": false
      },
      {
        "text": "19",
        "userDefined": false
      }
    ],
    "isTemplate": false,
    "count": 0,
    "lang": "pt-br",
    "updated": 0
  },
  {
    "id": "a71753ba-8f00-4747-8e6b-84f4d74da7d7",
    "data": [
      {
        "text": "teste covid",
        "userDefined": false
      }
    ],
    "isTemplate": false,
    "count": 0,
    "lang": "pt-br",
    "updated": 0
  },
  {
    "id": "90e127a2-4e5d-4620-9d15-57d35da465d2",
    "data": [
      {
        "text": "Estou com",
        "userDefined": false
      },
      {
        "text": " febre, tenho covid ?",
        "userDefined": false
      }
    ],
    "isTemplate": false,
    "count": 0,
    "lang": "pt-br",
    "updated": 0
  },
  {
    "id": "02b684c1-ea43-437f-a262-a258280079eb",
    "data": [
      {
        "text": "como saber se tenho covid ?",
        "userDefined": false
      }
    ],
    "isTemplate": false,
    "count": 0,
    "lang": "pt-br",
    "updated": 0
  },
  {
    "id": "d5f4abab-1a1e-4b16-bb7f-f057ddcf8b86",
    "data": [
      {
        "text": "Ver se eu tenho covid",
        "userDefined": false
      }
    ],
    "isTemplate": false,
    "count": 0,
    "lang": "pt-br",
    "updated": 0
  },
  {
    "id": "d9a98ced-85b6-4cec-bff5-2ecf05884c4d",
    "data": [
      {
        "text": "Quero fazer ",
        "userDefined": false
      },
      {
        "text": "um",
        "userDefined": false
      },
      {
        "text": " pré-diagnóstico",
        "userDefined": false
      }
    ],
    "isTemplate": false,
    "count": 0,
    "lang": "pt-br",
    "updated": 0
  },
  {
    "id": "9259adfb-f546-43da-be5f-ff5608650d62",
    "data": [
      {
        "text": "Fazer ",
        "userDefined": false
      },
      {
        "text": "um",
        "userDefined": false
      },
      {
        "text": " pre diagnostico",
        "userDefined": false
      }
    ],
    "isTemplate": false,
    "count": 0,
    "lang": "pt-br",
    "updated": 0
  },
  {
    "id": "549e09ed-73ec-44a4-b151-b63ab6fe7e3e",
    "data": [
      {
        "text": "Pre diagnostico",
        "userDefined": false
      }
    ],
    "isTemplate": false,
    "count": 0,
    "lang": "pt-br",
    "updated": 0
  },
  {
    "id": "47a75d99-4312-426c-82ff-5a647d9b8de0",
    "data": [
      {
        "text": "pre diagnostico",
        "userDefined": false
      }
    ],
    "isTemplate": false,
    "count": 6,
    "lang": "pt-br",
    "updated": 0
  }
]