[
  {
    "id": "68543a97-0945-4ec5-b50c-42fb858a30d3",
    "data": [
      {
        "text": "um",
        "meta": "@qtdSintomasLeve",
        "alias": "qtdSintomasLeves",
        "userDefined": false
      }
    ],
    "isTemplate": false,
    "count": 0,
    "lang": "pt-br",
    "updated": 0
  },
  {
    "id": "b497f9b1-e81e-4fbc-8e06-66f96ebf6174",
    "data": [
      {
        "text": "tres",
        "meta": "@qtdSintomasLeve",
        "alias": "qtdSintomasLeves",
        "userDefined": false
      }
    ],
    "isTemplate": false,
    "count": 0,
    "lang": "pt-br",
    "updated": 0
  },
  {
    "id": "ab9ffb4b-fcae-419b-8ae8-732ff9b25075",
    "data": [
      {
        "text": "dois",
        "meta": "@qtdSintomasLeve",
        "alias": "qtdSintomasLeves",
        "userDefined": false
      }
    ],
    "isTemplate": false,
    "count": 0,
    "lang": "pt-br",
    "updated": 0
  },
  {
    "id": "d0a53f9c-a29d-41a4-8c47-b12c269aacad",
    "data": [
      {
        "text": "tive ",
        "userDefined": false
      },
      {
        "text": "mais de três",
        "meta": "@qtdSintomasLeve",
        "alias": "qtdSintomasLeves",
        "userDefined": false
      },
      {
        "text": " sintomas",
        "userDefined": false
      }
    ],
    "isTemplate": false,
    "count": 0,
    "lang": "pt-br",
    "updated": 0
  },
  {
    "id": "7949b14f-3812-4213-9404-a5ee749946ec",
    "data": [
      {
        "text": "só ",
        "userDefined": false
      },
      {
        "text": "dois sintomas",
        "meta": "@qtdSintomasLeve",
        "alias": "qtdSintomasLeves",
        "userDefined": false
      }
    ],
    "isTemplate": false,
    "count": 0,
    "lang": "pt-br",
    "updated": 0
  },
  {
    "id": "fa99239c-a85a-4dc3-b304-3050c1f9b1fd",
    "data": [
      {
        "text": "so ",
        "userDefined": false
      },
      {
        "text": "dois sintomas",
        "meta": "@qtdSintomasLeve",
        "alias": "qtdSintomasLeves",
        "userDefined": false
      }
    ],
    "isTemplate": false,
    "count": 0,
    "lang": "pt-br",
    "updated": 0
  },
  {
    "id": "a7797957-04c5-4607-af9c-83f83d9c54d5",
    "data": [
      {
        "text": "tive apenas ",
        "userDefined": false
      },
      {
        "text": "um sintoma",
        "meta": "@qtdSintomasLeve",
        "alias": "qtdSintomasLeves",
        "userDefined": false
      }
    ],
    "isTemplate": false,
    "count": 0,
    "lang": "pt-br",
    "updated": 0
  },
  {
    "id": "860479f2-a1ad-4171-ad70-155a0fb97dbe",
    "data": [
      {
        "text": "tive ",
        "userDefined": false
      },
      {
        "text": "4",
        "meta": "@qtdSintomasLeve",
        "alias": "qtdSintomasLeves",
        "userDefined": false
      },
      {
        "text": " desse sintomas",
        "userDefined": false
      }
    ],
    "isTemplate": false,
    "count": 0,
    "lang": "pt-br",
    "updated": 0
  },
  {
    "id": "d0d1d6d4-3ab3-48ad-b3df-3c73d1a124dd",
    "data": [
      {
        "text": "mais de três",
        "meta": "@qtdSintomasLeve",
        "alias": "qtdSintomasLeves",
        "userDefined": true
      }
    ],
    "isTemplate": false,
    "count": 0,
    "lang": "pt-br",
    "updated": 0
  },
  {
    "id": "930fd2ef-ce57-4598-9e9e-2cff735ac02e",
    "data": [
      {
        "text": "3",
        "meta": "@qtdSintomasLeve",
        "alias": "qtdSintomasLeves",
        "userDefined": false
      }
    ],
    "isTemplate": false,
    "count": 0,
    "lang": "pt-br",
    "updated": 0
  },
  {
    "id": "8dae9cb5-e20e-4d08-ac40-39d7a58c7c09",
    "data": [
      {
        "text": "2",
        "meta": "@qtdSintomasLeve",
        "alias": "qtdSintomasLeves",
        "userDefined": false
      }
    ],
    "isTemplate": false,
    "count": 0,
    "lang": "pt-br",
    "updated": 0
  },
  {
    "id": "121e5286-0ce3-444d-af3d-bd91af517480",
    "data": [
      {
        "text": "1",
        "meta": "@qtdSintomasLeve",
        "alias": "qtdSintomasLeves",
        "userDefined": false
      }
    ],
    "isTemplate": false,
    "count": 1,
    "lang": "pt-br",
    "updated": 0
  }
]