[
  {
    "id": "ec5c4b97-ffc1-48c3-b85d-ec2d7d4005b4",
    "data": [
      {
        "text": "Usei",
        "userDefined": false
      },
      {
        "text": " medicamentos",
        "userDefined": false
      }
    ],
    "isTemplate": false,
    "count": 0,
    "lang": "pt-br",
    "updated": 0
  },
  {
    "id": "3ab8644b-712a-4179-9db6-6fc672e51c03",
    "data": [
      {
        "text": "Usei",
        "userDefined": false
      },
      {
        "text": " medicamentos ",
        "userDefined": false
      },
      {
        "text": "para",
        "userDefined": false
      },
      {
        "text": " melhorar os sintomas",
        "userDefined": false
      }
    ],
    "isTemplate": false,
    "count": 0,
    "lang": "pt-br",
    "updated": 0
  },
  {
    "id": "6c0ce532-165a-4c51-8b0b-6bbe467c6bee",
    "data": [
      {
        "text": "Tratei os sintomas leves com",
        "userDefined": false
      },
      {
        "text": " remédios",
        "userDefined": false
      }
    ],
    "isTemplate": false,
    "count": 0,
    "lang": "pt-br",
    "updated": 0
  },
  {
    "id": "66f7c410-54d8-4b38-abab-56a975dcf731",
    "data": [
      {
        "text": "tratei os sintomas",
        "userDefined": false
      }
    ],
    "isTemplate": false,
    "count": 0,
    "lang": "pt-br",
    "updated": 0
  },
  {
    "id": "adf5c844-fabb-4d7a-8a20-b62235e550a8",
    "data": [
      {
        "text": "Usei",
        "userDefined": false
      },
      {
        "text": " ",
        "userDefined": false
      },
      {
        "text": "remédio",
        "userDefined": false
      },
      {
        "text": " ",
        "userDefined": false
      },
      {
        "text": "para",
        "userDefined": false
      },
      {
        "text": " tratar os sintomas",
        "userDefined": false
      }
    ],
    "isTemplate": false,
    "count": 0,
    "lang": "pt-br",
    "updated": 0
  },
  {
    "id": "80c9699a-a8a1-4fa7-a9fd-f6a7997ff996",
    "data": [
      {
        "text": "me mediquei",
        "userDefined": false
      }
    ],
    "isTemplate": false,
    "count": 0,
    "lang": "pt-br",
    "updated": 0
  },
  {
    "id": "3ef43242-afb1-4c32-a3d2-5f875e69ee05",
    "data": [
      {
        "text": "tomei",
        "userDefined": false
      },
      {
        "text": " medicamentos",
        "userDefined": false
      }
    ],
    "isTemplate": false,
    "count": 0,
    "lang": "pt-br",
    "updated": 0
  },
  {
    "id": "2685a62c-e7f1-47dc-9f8f-aed52b8c7a51",
    "data": [
      {
        "text": "tomei",
        "userDefined": false
      },
      {
        "text": " remedio",
        "userDefined": false
      }
    ],
    "isTemplate": false,
    "count": 0,
    "lang": "pt-br",
    "updated": 0
  },
  {
    "id": "b85880a3-0fdc-49ef-b371-94261e4841e3",
    "data": [
      {
        "text": "positivo",
        "userDefined": false
      }
    ],
    "isTemplate": false,
    "count": 0,
    "lang": "pt-br",
    "updated": 0
  },
  {
    "id": "92ed39e1-48f3-45ab-aaf1-15f191338430",
    "data": [
      {
        "text": "sim",
        "userDefined": false
      }
    ],
    "isTemplate": false,
    "count": 0,
    "lang": "pt-br",
    "updated": 0
  }
]