[
  {
    "id": "dc9a8c13-60c2-4639-91dc-c85d5efc8adf",
    "data": [
      {
        "text": "sim apresentei",
        "userDefined": false
      }
    ],
    "isTemplate": false,
    "count": 0,
    "lang": "pt-br",
    "updated": 0
  },
  {
    "id": "67f0bb91-84f1-4bf1-a510-73d16d6d1856",
    "data": [
      {
        "text": "sim apresentei esses sintomas",
        "userDefined": false
      }
    ],
    "isTemplate": false,
    "count": 0,
    "lang": "pt-br",
    "updated": 0
  },
  {
    "id": "2e334783-7718-44e0-a453-ac4cb72985a8",
    "data": [
      {
        "text": "perdi o paladar",
        "userDefined": false
      }
    ],
    "isTemplate": false,
    "count": 0,
    "lang": "pt-br",
    "updated": 0
  },
  {
    "id": "2f88c188-1365-4912-b6f7-7b36fe654b57",
    "data": [
      {
        "text": "perdi o olfato",
        "userDefined": false
      }
    ],
    "isTemplate": false,
    "count": 0,
    "lang": "pt-br",
    "updated": 0
  },
  {
    "id": "1d3d3334-5cc4-4ea4-96e5-4d92a04079a2",
    "data": [
      {
        "text": "tive tosse",
        "userDefined": false
      }
    ],
    "isTemplate": false,
    "count": 0,
    "lang": "pt-br",
    "updated": 0
  },
  {
    "id": "f8936bb5-9ba0-403e-896f-b3e0df974898",
    "data": [
      {
        "text": "tive diarreia",
        "userDefined": false
      }
    ],
    "isTemplate": false,
    "count": 0,
    "lang": "pt-br",
    "updated": 0
  },
  {
    "id": "00cb2df6-c668-48b1-910f-f7bc3bd431b1",
    "data": [
      {
        "text": "tive dor de garganta",
        "userDefined": false
      }
    ],
    "isTemplate": false,
    "count": 0,
    "lang": "pt-br",
    "updated": 0
  },
  {
    "id": "082e9730-3526-45dc-af6b-7c801c42d5d4",
    "data": [
      {
        "text": "dores no corpo",
        "userDefined": false
      }
    ],
    "isTemplate": false,
    "count": 0,
    "lang": "pt-br",
    "updated": 0
  },
  {
    "id": "bd8982d3-263c-4584-8240-27d76da70365",
    "data": [
      {
        "text": "tive dor de cabeça",
        "userDefined": false
      }
    ],
    "isTemplate": false,
    "count": 0,
    "lang": "pt-br",
    "updated": 0
  },
  {
    "id": "fa4e1d77-dc1f-4595-883a-eeda8e43447b",
    "data": [
      {
        "text": "tive cansaço",
        "userDefined": false
      }
    ],
    "isTemplate": false,
    "count": 0,
    "lang": "pt-br",
    "updated": 0
  },
  {
    "id": "7612b640-51f8-4496-8797-a4af94d08321",
    "data": [
      {
        "text": "tive coriza",
        "userDefined": false
      }
    ],
    "isTemplate": false,
    "count": 0,
    "lang": "pt-br",
    "updated": 0
  },
  {
    "id": "802f0e38-476c-40a8-9ec6-ea1690506918",
    "data": [
      {
        "text": "Tive ",
        "userDefined": false
      },
      {
        "text": "um",
        "userDefined": false
      },
      {
        "text": " desses sintomas",
        "userDefined": false
      }
    ],
    "isTemplate": false,
    "count": 1,
    "lang": "pt-br",
    "updated": 0
  },
  {
    "id": "ffd897be-3354-430d-8d6e-5a144ee35c9a",
    "data": [
      {
        "text": "positivo",
        "userDefined": false
      }
    ],
    "isTemplate": false,
    "count": 0,
    "lang": "pt-br",
    "updated": 0
  },
  {
    "id": "d0becd94-568f-464d-8ac6-54ba55b9f765",
    "data": [
      {
        "text": "sim",
        "userDefined": false
      }
    ],
    "isTemplate": false,
    "count": 0,
    "lang": "pt-br",
    "updated": 0
  }
]