[
  {
    "id": "5137995b-ee16-4ec0-8f23-5b839fdf29cd",
    "data": [
      {
        "text": "tive",
        "userDefined": false
      }
    ],
    "isTemplate": false,
    "count": 0,
    "lang": "pt-br",
    "updated": 0
  },
  {
    "id": "337b4ede-4091-4102-a9ca-38970c2d5a89",
    "data": [
      {
        "text": "estava pegando fogo",
        "userDefined": false
      }
    ],
    "isTemplate": false,
    "count": 0,
    "lang": "pt-br",
    "updated": 0
  },
  {
    "id": "451b1fdf-cd8b-47d6-b07a-f9c62663d069",
    "data": [
      {
        "text": "tive muita febre",
        "userDefined": false
      }
    ],
    "isTemplate": false,
    "count": 0,
    "lang": "pt-br",
    "updated": 0
  },
  {
    "id": "88baf7b2-5d53-47bd-978b-8d9328b7459c",
    "data": [
      {
        "text": "estava ardendo de quente",
        "userDefined": false
      }
    ],
    "isTemplate": false,
    "count": 0,
    "lang": "pt-br",
    "updated": 0
  },
  {
    "id": "63150c15-5aed-4c9e-a579-4a2f77eea951",
    "data": [
      {
        "text": "nas ",
        "userDefined": false
      },
      {
        "text": "ultimas duas semanas",
        "userDefined": false
      },
      {
        "text": " tive febre",
        "userDefined": false
      }
    ],
    "isTemplate": false,
    "count": 0,
    "lang": "pt-br",
    "updated": 0
  },
  {
    "id": "49c3a730-8c85-49e9-8a03-82c5c2fe8ada",
    "data": [
      {
        "text": "nos ",
        "userDefined": false
      },
      {
        "text": "ultimos sete dias",
        "userDefined": false
      },
      {
        "text": " tive febre",
        "userDefined": false
      }
    ],
    "isTemplate": false,
    "count": 0,
    "lang": "pt-br",
    "updated": 0
  },
  {
    "id": "c405731f-b42a-43df-8cd9-18e86cc57f4a",
    "data": [
      {
        "text": "Sim tive febre nos ",
        "userDefined": false
      },
      {
        "text": "últimos sete dias",
        "userDefined": false
      }
    ],
    "isTemplate": false,
    "count": 0,
    "lang": "pt-br",
    "updated": 0
  },
  {
    "id": "92f4523f-bfc9-4294-bfb4-77f865e9977a",
    "data": [
      {
        "text": "Minha temperatura estava maior que ",
        "userDefined": false
      },
      {
        "text": "37,8 °C",
        "userDefined": false
      }
    ],
    "isTemplate": false,
    "count": 0,
    "lang": "pt-br",
    "updated": 0
  },
  {
    "id": "ff782c32-6a2c-4ca0-b6b7-f2ba417d8671",
    "data": [
      {
        "text": "Tive febre",
        "userDefined": false
      }
    ],
    "isTemplate": false,
    "count": 0,
    "lang": "pt-br",
    "updated": 0
  },
  {
    "id": "71f7f167-f3b3-4716-8655-47d0ec0f7e97",
    "data": [
      {
        "text": "positivo",
        "userDefined": false
      }
    ],
    "isTemplate": false,
    "count": 0,
    "lang": "pt-br",
    "updated": 0
  },
  {
    "id": "9521e7b6-1f20-403f-8c75-2889e6778568",
    "data": [
      {
        "text": "sim",
        "userDefined": false
      }
    ],
    "isTemplate": false,
    "count": 0,
    "lang": "pt-br",
    "updated": 0
  }
]