[
  {
    "id": "61fcd670-adb7-4fd8-a576-809c6030ee57",
    "data": [
      {
        "text": "sim melhorei",
        "userDefined": false
      }
    ],
    "isTemplate": false,
    "count": 0,
    "lang": "pt-br",
    "updated": 0
  },
  {
    "id": "fad264d2-5855-4451-9c02-2bd895bf8ac8",
    "data": [
      {
        "text": "após ",
        "userDefined": false
      },
      {
        "text": "tomar",
        "userDefined": false
      },
      {
        "text": " alguns remédios apresentei ",
        "userDefined": false
      },
      {
        "text": "uma",
        "userDefined": false
      },
      {
        "text": " melhora",
        "userDefined": false
      }
    ],
    "isTemplate": false,
    "count": 0,
    "lang": "pt-br",
    "updated": 0
  },
  {
    "id": "d8316e48-9306-4398-a800-0e8765d2ecbf",
    "data": [
      {
        "text": "melhorei com",
        "userDefined": false
      },
      {
        "text": " o uso de medicamentos",
        "userDefined": false
      }
    ],
    "isTemplate": false,
    "count": 0,
    "lang": "pt-br",
    "updated": 0
  },
  {
    "id": "07edba16-73b9-412c-aaf6-e9f060e5976a",
    "data": [
      {
        "text": "agora",
        "userDefined": false
      },
      {
        "text": " não tenho sintomas",
        "userDefined": false
      }
    ],
    "isTemplate": false,
    "count": 0,
    "lang": "pt-br",
    "updated": 0
  },
  {
    "id": "cd2fdcaa-4d98-4e4f-a54a-f1cbc21833c0",
    "data": [
      {
        "text": "estou curado",
        "userDefined": false
      }
    ],
    "isTemplate": false,
    "count": 0,
    "lang": "pt-br",
    "updated": 0
  },
  {
    "id": "4e23f3c8-a0f7-4030-9964-1fac76ab6696",
    "data": [
      {
        "text": "melhorei de todos os sintomas",
        "userDefined": false
      }
    ],
    "isTemplate": false,
    "count": 0,
    "lang": "pt-br",
    "updated": 0
  },
  {
    "id": "4a6cf6c5-e229-4025-ad31-6b703ed076eb",
    "data": [
      {
        "text": "sem sintomas",
        "userDefined": false
      }
    ],
    "isTemplate": false,
    "count": 0,
    "lang": "pt-br",
    "updated": 0
  },
  {
    "id": "e6e74440-f48f-4fbe-b694-be47abb05506",
    "data": [
      {
        "text": "me sinto ",
        "userDefined": false
      },
      {
        "text": "bem",
        "userDefined": false
      }
    ],
    "isTemplate": false,
    "count": 0,
    "lang": "pt-br",
    "updated": 0
  },
  {
    "id": "ed6df462-2251-4cfb-84af-9524a49da795",
    "data": [
      {
        "text": "estou melhor",
        "userDefined": false
      }
    ],
    "isTemplate": false,
    "count": 0,
    "lang": "pt-br",
    "updated": 0
  },
  {
    "id": "db08806f-4237-4dee-880e-7a13baf8619b",
    "data": [
      {
        "text": "melhorei",
        "userDefined": false
      }
    ],
    "isTemplate": false,
    "count": 0,
    "lang": "pt-br",
    "updated": 0
  },
  {
    "id": "f10fe45b-2a26-4830-a27d-85fd9b3ece9e",
    "data": [
      {
        "text": "positivo",
        "userDefined": false
      }
    ],
    "isTemplate": false,
    "count": 0,
    "lang": "pt-br",
    "updated": 0
  },
  {
    "id": "f7d3b2ed-02b2-4cd3-a4e3-8c523b25534b",
    "data": [
      {
        "text": "sim",
        "userDefined": false
      }
    ],
    "isTemplate": false,
    "count": 0,
    "lang": "pt-br",
    "updated": 0
  }
]