[
  {
    "id": "db569bcd-78dc-4c06-aa9d-4619d045b528",
    "data": [
      {
        "text": "vamos fazer o pre diagnostico",
        "userDefined": false
      }
    ],
    "isTemplate": false,
    "count": 0,
    "lang": "pt-br",
    "updated": 0
  },
  {
    "id": "fd084482-b909-4e8a-a8d0-848b405fe28b",
    "data": [
      {
        "text": "vamos",
        "userDefined": false
      }
    ],
    "isTemplate": false,
    "count": 0,
    "lang": "pt-br",
    "updated": 0
  },
  {
    "id": "e0a8d2ac-a58a-46c7-aa11-6e49eed64ee6",
    "data": [
      {
        "text": "quero realizar pre diagnostico",
        "userDefined": false
      }
    ],
    "isTemplate": false,
    "count": 0,
    "lang": "pt-br",
    "updated": 0
  },
  {
    "id": "954a9cc2-7daa-41f8-9d74-e22b5d3e6692",
    "data": [
      {
        "text": "faça isso",
        "userDefined": false
      }
    ],
    "isTemplate": false,
    "count": 0,
    "lang": "pt-br",
    "updated": 0
  },
  {
    "id": "3b46c4c1-14b4-42bb-b7d5-38e7d2043d80",
    "data": [
      {
        "text": "confirmar",
        "userDefined": false
      }
    ],
    "isTemplate": false,
    "count": 3,
    "lang": "pt-br",
    "updated": 0
  },
  {
    "id": "9deec0c3-c469-4877-9f1b-901e88ae842f",
    "data": [
      {
        "text": "sim",
        "userDefined": false
      }
    ],
    "isTemplate": false,
    "count": 3,
    "lang": "pt-br",
    "updated": 0
  },
  {
    "id": "ee44902c-4d1e-41f7-942a-ea2932a587dd",
    "data": [
      {
        "text": "isso mesmo",
        "userDefined": false
      }
    ],
    "isTemplate": false,
    "count": 1,
    "lang": "pt-br",
    "updated": 0
  },
  {
    "id": "e1e3af12-9b71-4d8a-bf67-f52ad8e59c7e",
    "data": [
      {
        "text": "concordo",
        "userDefined": false
      }
    ],
    "isTemplate": false,
    "count": 0,
    "lang": "pt-br",
    "updated": 0
  },
  {
    "id": "48b56467-9832-488f-b4e3-c416f288f0e6",
    "data": [
      {
        "text": "parece bom",
        "userDefined": false
      }
    ],
    "isTemplate": false,
    "count": 1,
    "lang": "pt-br",
    "updated": 0
  },
  {
    "id": "81a4475b-a451-4bea-b3ff-2c34dadfae25",
    "data": [
      {
        "text": "claro",
        "userDefined": false
      }
    ],
    "isTemplate": false,
    "count": 2,
    "lang": "pt-br",
    "updated": 0
  },
  {
    "id": "6d1510d2-fe02-4d00-8969-0ef77840ca97",
    "data": [
      {
        "text": "exatamente",
        "userDefined": false
      }
    ],
    "isTemplate": false,
    "count": 1,
    "lang": "pt-br",
    "updated": 0
  },
  {
    "id": "86f78960-fcbf-41b9-9270-96380099f21c",
    "data": [
      {
        "text": "com certeza",
        "userDefined": false
      }
    ],
    "isTemplate": false,
    "count": 0,
    "lang": "pt-br",
    "updated": 0
  },
  {
    "id": "f4c4b6e8-8ffc-4767-8987-b4475d050eeb",
    "data": [
      {
        "text": "sim",
        "userDefined": false
      }
    ],
    "isTemplate": false,
    "count": 1,
    "lang": "pt-br",
    "updated": 0
  },
  {
    "id": "69f055b8-cdd1-420e-8b94-444466bb6f80",
    "data": [
      {
        "text": "sim",
        "meta": "@sys.location",
        "alias": "location",
        "userDefined": false
      }
    ],
    "isTemplate": false,
    "count": 2,
    "lang": "pt-br",
    "updated": 0
  },
  {
    "id": "57602f23-19b6-4fd6-87b1-1a89d294e1d1",
    "data": [
      {
        "text": "vamos la",
        "userDefined": false
      }
    ],
    "isTemplate": false,
    "count": 0,
    "lang": "pt-br",
    "updated": 0
  }
]