[
  {
    "id": "12e39805-7d0c-4b29-ad81-0d3040fc0779",
    "data": [
      {
        "text": "pertenço",
        "userDefined": false
      }
    ],
    "isTemplate": false,
    "count": 0,
    "lang": "pt-br",
    "updated": 0
  },
  {
    "id": "3d78eeac-fce9-4cca-a017-03518f3733ba",
    "data": [
      {
        "text": "Tenho pressão alta",
        "userDefined": false
      }
    ],
    "isTemplate": false,
    "count": 0,
    "lang": "pt-br",
    "updated": 0
  },
  {
    "id": "42e06ce8-a1c9-4d0b-b829-392a9142cad4",
    "data": [
      {
        "text": "Eu fumo",
        "userDefined": false
      }
    ],
    "isTemplate": false,
    "count": 0,
    "lang": "pt-br",
    "updated": 0
  },
  {
    "id": "3a88f69d-1ebe-42b0-ba40-e3e74cdc6b2c",
    "data": [
      {
        "text": "Sou fulmante",
        "userDefined": false
      }
    ],
    "isTemplate": false,
    "count": 0,
    "lang": "pt-br",
    "updated": 0
  },
  {
    "id": "819c9083-e049-4a17-826b-80db4da779ba",
    "data": [
      {
        "text": "faço quimioterapia",
        "userDefined": false
      }
    ],
    "isTemplate": false,
    "count": 0,
    "lang": "pt-br",
    "updated": 0
  },
  {
    "id": "85a3229b-e949-4baf-a92d-76f30d8f0d37",
    "data": [
      {
        "text": "Tenho câncer",
        "userDefined": false
      }
    ],
    "isTemplate": false,
    "count": 0,
    "lang": "pt-br",
    "updated": 0
  },
  {
    "id": "56fd38f9-0cc5-4977-ae04-78aa6813ea73",
    "data": [
      {
        "text": "Pessoas em tratamento contra o câncer",
        "userDefined": false
      }
    ],
    "isTemplate": false,
    "count": 0,
    "lang": "pt-br",
    "updated": 0
  },
  {
    "id": "597f2fbe-056f-4a71-96a5-43e20536820a",
    "data": [
      {
        "text": "tenho problema no pulmão",
        "userDefined": false
      }
    ],
    "isTemplate": false,
    "count": 0,
    "lang": "pt-br",
    "updated": 0
  },
  {
    "id": "0be7ab16-d1b6-422f-8d9c-d96c046320f5",
    "data": [
      {
        "text": "Doença pulmonar",
        "userDefined": false
      }
    ],
    "isTemplate": false,
    "count": 0,
    "lang": "pt-br",
    "updated": 0
  },
  {
    "id": "6abb1468-417b-43d5-a629-60a6fd88583c",
    "data": [
      {
        "text": "doenças cardiovasculares",
        "userDefined": false
      }
    ],
    "isTemplate": false,
    "count": 0,
    "lang": "pt-br",
    "updated": 0
  },
  {
    "id": "784a50a0-cda1-4401-a1a6-5beb86d201c4",
    "data": [
      {
        "text": "Possuo problema no coração",
        "userDefined": false
      }
    ],
    "isTemplate": false,
    "count": 0,
    "lang": "pt-br",
    "updated": 0
  },
  {
    "id": "27d6bd1d-c2c4-4f96-bb3e-ffde27aa907d",
    "data": [
      {
        "text": "tenho diabetes",
        "userDefined": false
      }
    ],
    "isTemplate": false,
    "count": 0,
    "lang": "pt-br",
    "updated": 0
  },
  {
    "id": "3c630a23-9cc7-4b7c-81ee-6d9af4a82ff2",
    "data": [
      {
        "text": "doença cronica",
        "userDefined": false
      }
    ],
    "isTemplate": false,
    "count": 0,
    "lang": "pt-br",
    "updated": 0
  },
  {
    "id": "59f164d1-5ee7-401b-b07d-ed2863933460",
    "data": [
      {
        "text": "vou ter ",
        "userDefined": false
      },
      {
        "text": "um",
        "userDefined": false
      },
      {
        "text": " bebe",
        "userDefined": false
      }
    ],
    "isTemplate": false,
    "count": 0,
    "lang": "pt-br",
    "updated": 0
  },
  {
    "id": "f3a910e8-e05c-4e6f-a788-fbe7e7c0c172",
    "data": [
      {
        "text": "estou grávida",
        "userDefined": false
      }
    ],
    "isTemplate": false,
    "count": 0,
    "lang": "pt-br",
    "updated": 0
  },
  {
    "id": "8a03a36d-54b5-43f7-b715-1c30b0cbd57b",
    "data": [
      {
        "text": "gestantes",
        "userDefined": false
      }
    ],
    "isTemplate": false,
    "count": 0,
    "lang": "pt-br",
    "updated": 0
  },
  {
    "id": "c4e6adfc-046e-469d-ba4e-70706f076e05",
    "data": [
      {
        "text": "sou idosa",
        "userDefined": false
      }
    ],
    "isTemplate": false,
    "count": 0,
    "lang": "pt-br",
    "updated": 0
  },
  {
    "id": "e77b52e3-050b-42a6-868c-8955dd528baa",
    "data": [
      {
        "text": "tenho ",
        "userDefined": false
      },
      {
        "text": "mais de sessenta anos",
        "userDefined": false
      }
    ],
    "isTemplate": false,
    "count": 0,
    "lang": "pt-br",
    "updated": 0
  },
  {
    "id": "b25d3f8d-3779-4f4d-8502-ac7163a1361b",
    "data": [
      {
        "text": "Pessoas com",
        "userDefined": false
      },
      {
        "text": " ",
        "userDefined": false
      },
      {
        "text": "mais de 60 anos",
        "userDefined": false
      }
    ],
    "isTemplate": false,
    "count": 0,
    "lang": "pt-br",
    "updated": 0
  },
  {
    "id": "ab298223-17f7-4fd1-8343-51b80997b040",
    "data": [
      {
        "text": "faço parte de ",
        "userDefined": false
      },
      {
        "text": "um",
        "userDefined": false
      },
      {
        "text": " grupo",
        "userDefined": false
      }
    ],
    "isTemplate": false,
    "count": 1,
    "lang": "pt-br",
    "updated": 0
  },
  {
    "id": "cb0dbd07-007d-4f24-9581-8d0ff5bdd742",
    "data": [
      {
        "text": "sim",
        "userDefined": false
      }
    ],
    "isTemplate": false,
    "count": 0,
    "lang": "pt-br",
    "updated": 0
  }
]