[
  {
    "id": "e4101f05-14ba-48cd-9201-c573c94e9f62",
    "data": [
      {
        "text": "sim senti desses ai",
        "userDefined": false
      }
    ],
    "isTemplate": false,
    "count": 0,
    "lang": "pt-br",
    "updated": 0
  },
  {
    "id": "2a91d0bf-fe61-4da0-9e16-5bd88513ae35",
    "data": [
      {
        "text": "senti",
        "userDefined": false
      }
    ],
    "isTemplate": false,
    "count": 0,
    "lang": "pt-br",
    "updated": 0
  },
  {
    "id": "47960758-ca7b-447e-a6b6-7edb784a9f59",
    "data": [
      {
        "text": "meus dedos ficaram ",
        "userDefined": false
      },
      {
        "text": "azul",
        "userDefined": false
      }
    ],
    "isTemplate": false,
    "count": 0,
    "lang": "pt-br",
    "updated": 0
  },
  {
    "id": "c443a9bb-6f23-423c-8537-309fb8395137",
    "data": [
      {
        "text": "Dedos azulados  e pálidos",
        "userDefined": false
      }
    ],
    "isTemplate": false,
    "count": 0,
    "lang": "pt-br",
    "updated": 0
  },
  {
    "id": "bacca035-1406-4f2e-8757-a79e397e7eac",
    "data": [
      {
        "text": "desmaiei",
        "userDefined": false
      }
    ],
    "isTemplate": false,
    "count": 0,
    "lang": "pt-br",
    "updated": 0
  },
  {
    "id": "c5f71cd5-aa35-4683-b50b-c2a4b1fd7d5d",
    "data": [
      {
        "text": "tive sensação de desmaio",
        "userDefined": false
      }
    ],
    "isTemplate": false,
    "count": 0,
    "lang": "pt-br",
    "updated": 0
  },
  {
    "id": "4a241152-d073-4859-a896-3cb37bde0f29",
    "data": [
      {
        "text": "fiquei com",
        "userDefined": false
      },
      {
        "text": " falta de ar",
        "userDefined": false
      }
    ],
    "isTemplate": false,
    "count": 0,
    "lang": "pt-br",
    "updated": 0
  },
  {
    "id": "05476c59-7068-4d7e-93e5-6c0e3081f3cf",
    "data": [
      {
        "text": "Tive dificuldade ",
        "userDefined": false
      },
      {
        "text": "para",
        "userDefined": false
      },
      {
        "text": " respirar",
        "userDefined": false
      }
    ],
    "isTemplate": false,
    "count": 0,
    "lang": "pt-br",
    "updated": 0
  },
  {
    "id": "3c4ae0cc-fdc6-4800-87f8-0fc4b98b7c8c",
    "data": [
      {
        "text": "tive vomito",
        "userDefined": false
      }
    ],
    "isTemplate": false,
    "count": 0,
    "lang": "pt-br",
    "updated": 0
  },
  {
    "id": "173704db-ab6e-4fb9-8975-56deef817e09",
    "data": [
      {
        "text": "vomitei",
        "userDefined": false
      }
    ],
    "isTemplate": false,
    "count": 0,
    "lang": "pt-br",
    "updated": 0
  },
  {
    "id": "e2b8b4f6-37c4-4d04-a54b-68222e7f265a",
    "data": [
      {
        "text": "tive convulsão",
        "userDefined": false
      }
    ],
    "isTemplate": false,
    "count": 0,
    "lang": "pt-br",
    "updated": 0
  },
  {
    "id": "6c2e59a7-d754-4ac9-a588-8987068f4adf",
    "data": [
      {
        "text": "Obtive ",
        "userDefined": false
      },
      {
        "text": "um",
        "userDefined": false
      },
      {
        "text": " desses sintomas",
        "userDefined": false
      }
    ],
    "isTemplate": false,
    "count": 0,
    "lang": "pt-br",
    "updated": 0
  },
  {
    "id": "04a84875-c983-46de-9c81-3ca8112f30bc",
    "data": [
      {
        "text": "Tive esses sintomas",
        "userDefined": false
      }
    ],
    "isTemplate": false,
    "count": 0,
    "lang": "pt-br",
    "updated": 0
  },
  {
    "id": "c4af7827-5e1e-4a0b-9f39-d8e26464bb29",
    "data": [
      {
        "text": "Apresentei ",
        "userDefined": false
      },
      {
        "text": "dois sintomas",
        "userDefined": false
      },
      {
        "text": " desse",
        "userDefined": false
      }
    ],
    "isTemplate": false,
    "count": 0,
    "lang": "pt-br",
    "updated": 0
  },
  {
    "id": "e6d01f85-59a8-4811-aa6f-3a0c8127bc29",
    "data": [
      {
        "text": "positivo",
        "userDefined": false
      }
    ],
    "isTemplate": false,
    "count": 0,
    "lang": "pt-br",
    "updated": 0
  },
  {
    "id": "71d50e8b-bfff-4ae0-b9b6-928103a4c7b6",
    "data": [
      {
        "text": "sim",
        "userDefined": false
      }
    ],
    "isTemplate": false,
    "count": 0,
    "lang": "pt-br",
    "updated": 0
  }
]