[
  {
    "id": "5100b855-13f5-46ca-b9f9-674c13d8f945",
    "data": [
      {
        "text": "ações ",
        "userDefined": false
      },
      {
        "text": "para",
        "userDefined": false
      },
      {
        "text": " não pegar covid",
        "userDefined": false
      }
    ],
    "isTemplate": false,
    "count": 0,
    "lang": "pt-br",
    "updated": 0
  },
  {
    "id": "b609fbf3-9f1b-44b8-862b-b653df20a54f",
    "data": [
      {
        "text": "cautelas crucias ",
        "userDefined": false
      },
      {
        "text": "para",
        "userDefined": false
      },
      {
        "text": " não pegar coronavírus",
        "userDefined": false
      }
    ],
    "isTemplate": false,
    "count": 0,
    "lang": "pt-br",
    "updated": 0
  },
  {
    "id": "bdf26ded-a435-447b-8beb-c55db51dfb6c",
    "data": [
      {
        "text": "medidas fundamentais contra a covid",
        "userDefined": false
      }
    ],
    "isTemplate": false,
    "count": 0,
    "lang": "pt-br",
    "updated": 0
  },
  {
    "id": "322a2789-5738-4f37-bc5d-6b71b14efd15",
    "data": [
      {
        "text": "cuidados indispensáveis contra o coronavirus",
        "userDefined": false
      }
    ],
    "isTemplate": false,
    "count": 0,
    "lang": "pt-br",
    "updated": 0
  },
  {
    "id": "0067fe0b-6871-41d4-af79-7eb5a8a5e6c7",
    "data": [
      {
        "text": "precauções que ",
        "userDefined": false
      },
      {
        "text": "devo",
        "userDefined": false
      },
      {
        "text": " ",
        "userDefined": false
      },
      {
        "text": "tomar para",
        "userDefined": false
      },
      {
        "text": " não pegar covid",
        "userDefined": false
      }
    ],
    "isTemplate": false,
    "count": 0,
    "lang": "pt-br",
    "updated": 0
  },
  {
    "id": "c5b53ef3-149d-4b0b-9bb4-03eac2293a46",
    "data": [
      {
        "text": "cautelas que ",
        "userDefined": false
      },
      {
        "text": "devo",
        "userDefined": false
      },
      {
        "text": " ter",
        "userDefined": false
      }
    ],
    "isTemplate": false,
    "count": 0,
    "lang": "pt-br",
    "updated": 0
  },
  {
    "id": "bec3d22c-3533-4f5b-8fa6-39c5ef3632ea",
    "data": [
      {
        "text": "cuidados que ",
        "userDefined": false
      },
      {
        "text": "devo",
        "userDefined": false
      },
      {
        "text": " ",
        "userDefined": false
      },
      {
        "text": "tomar",
        "userDefined": false
      }
    ],
    "isTemplate": false,
    "count": 0,
    "lang": "pt-br",
    "updated": 0
  },
  {
    "id": "69bf02eb-5b40-4b1f-8923-b4623c194f22",
    "data": [
      {
        "text": "medidas básicas de ",
        "userDefined": false
      },
      {
        "text": "segurança",
        "userDefined": false
      }
    ],
    "isTemplate": false,
    "count": 0,
    "lang": "pt-br",
    "updated": 0
  },
  {
    "id": "09f3ed32-7999-455d-9682-daa010cb39d2",
    "data": [
      {
        "text": "cuidados básicos",
        "userDefined": false
      }
    ],
    "isTemplate": false,
    "count": 0,
    "lang": "pt-br",
    "updated": 0
  },
  {
    "id": "67295e5c-88e0-423e-8459-e05927c7669b",
    "data": [
      {
        "text": "cuidados basicos",
        "userDefined": false
      }
    ],
    "isTemplate": false,
    "count": 0,
    "lang": "pt-br",
    "updated": 0
  }
]