[
  {
    "id": "ad48f768-3b2a-4bcc-9e4c-adccfd15809e",
    "data": [
      {
        "text": "como não ter covid",
        "userDefined": false
      }
    ],
    "isTemplate": false,
    "count": 0,
    "lang": "pt-br",
    "updated": 0
  },
  {
    "id": "7c5e83d0-22b2-46bd-9fa7-0c34a0ac02b8",
    "data": [
      {
        "text": "cuidados ",
        "userDefined": false
      },
      {
        "text": "para tomar",
        "userDefined": false
      },
      {
        "text": " em relação a covid",
        "userDefined": false
      }
    ],
    "isTemplate": false,
    "count": 0,
    "lang": "pt-br",
    "updated": 0
  },
  {
    "id": "b79396aa-3790-433a-91cf-d9add7dfff05",
    "data": [
      {
        "text": "como estar seguro",
        "userDefined": false
      }
    ],
    "isTemplate": false,
    "count": 0,
    "lang": "pt-br",
    "updated": 0
  },
  {
    "id": "74e34605-73e6-4686-a677-666187afc784",
    "data": [
      {
        "text": "medidas de ",
        "userDefined": false
      },
      {
        "text": "segurança",
        "userDefined": false
      }
    ],
    "isTemplate": false,
    "count": 0,
    "lang": "pt-br",
    "updated": 0
  },
  {
    "id": "cfecd747-70d0-4430-8516-4bb3e6ba4e2a",
    "data": [
      {
        "text": "cuidados a se ",
        "userDefined": false
      },
      {
        "text": "tomar",
        "userDefined": false
      }
    ],
    "isTemplate": false,
    "count": 0,
    "lang": "pt-br",
    "updated": 0
  },
  {
    "id": "06757c3b-f7f8-4b62-86c0-20e6b11fc503",
    "data": [
      {
        "text": "como não pegar covid ?",
        "userDefined": false
      }
    ],
    "isTemplate": false,
    "count": 0,
    "lang": "pt-br",
    "updated": 0
  },
  {
    "id": "25c02797-8386-4ac0-b820-cfced01d3405",
    "data": [
      {
        "text": "o que fazer ",
        "userDefined": false
      },
      {
        "text": "para",
        "userDefined": false
      },
      {
        "text": " não pegar covid ?",
        "userDefined": false
      }
    ],
    "isTemplate": false,
    "count": 0,
    "lang": "pt-br",
    "updated": 0
  },
  {
    "id": "35495114-2312-468a-9a9c-474b6914d123",
    "data": [
      {
        "text": "quais cuidados ",
        "userDefined": false
      },
      {
        "text": "tomar",
        "userDefined": false
      }
    ],
    "isTemplate": false,
    "count": 0,
    "lang": "pt-br",
    "updated": 0
  },
  {
    "id": "78a33cd0-0bdf-495e-93b7-0dd28fab7448",
    "data": [
      {
        "text": "prevenção",
        "userDefined": false
      }
    ],
    "isTemplate": false,
    "count": 0,
    "lang": "pt-br",
    "updated": 0
  },
  {
    "id": "4c148541-5d86-4c55-bd27-f3314e1b949d",
    "data": [
      {
        "text": "prevencao",
        "userDefined": false
      }
    ],
    "isTemplate": false,
    "count": 0,
    "lang": "pt-br",
    "updated": 0
  }
]