[
  {
    "value": "tela",
    "synonyms": [
      "tela",
      "monitor"
    ]
  },
  {
    "value": "mouse",
    "synonyms": [
      "mouse"
    ]
  },
  {
    "value": "teclado",
    "synonyms": [
      "teclado"
    ]
  },
  {
    "value": "gabinete",
    "synonyms": [
      "gabinete",
      "cpu"
    ]
  },
  {
    "value": "webcam",
    "synonyms": [
      "webcam",
      "camera"
    ]
  },
  {
    "value": "roteador",
    "synonyms": [
      "roteador"
    ]
  },
  {
    "value": "computador",
    "synonyms": [
      "computador",
      "pc"
    ]
  },
  {
    "value": "caixaDeSom",
    "synonyms": [
      "caixaDeSom",
      "caixinha de som"
    ]
  }
]