[
  {
    "value": "naoLiga",
    "synonyms": [
      "não liga",
      "não funciona",
      "não conecta"
    ]
  },
  {
    "value": "quebrou",
    "synonyms": [
      "quebrou",
      "não presta",
      "destruiu",
      "trocar",
      "explodiu"
    ]
  },
  {
    "value": "lento",
    "synonyms": [
      "lento",
      "travando",
      "devagar"
    ]
  },
  {
    "value": "barulho",
    "synonyms": [
      "barulho",
      "sons esquisitos"
    ]
  },
  {
    "value": "semSom",
    "synonyms": [
      "sem som"
    ]
  },
  {
    "value": "semInternet",
    "synonyms": [
      "sem conexao",
      "sem internet"
    ]
  }
]