[
  {
    "id": "79afe1a5-9def-4107-8324-0f7150778b64",
    "data": [
      {
        "text": "como ficar seguro contra o ",
        "userDefined": false
      },
      {
        "text": "corona",
        "userDefined": false
      }
    ],
    "isTemplate": false,
    "count": 1,
    "lang": "pt-br",
    "updated": 0
  },
  {
    "id": "8ffd9112-8d49-4fec-a6de-2b8506b07775",
    "data": [
      {
        "text": "quero me blindar contra covid",
        "userDefined": false
      }
    ],
    "isTemplate": false,
    "count": 0,
    "lang": "pt-br",
    "updated": 0
  },
  {
    "id": "6ec849fb-7448-47e3-b35d-e7a537e99453",
    "data": [
      {
        "text": "é perigoso ir ver meus amigos ?",
        "userDefined": false
      }
    ],
    "isTemplate": false,
    "count": 0,
    "lang": "pt-br",
    "updated": 0
  },
  {
    "id": "19576e23-692d-4294-8c1e-0a270ecee6fa",
    "data": [
      {
        "text": "posso sair de casa ?",
        "userDefined": false
      }
    ],
    "isTemplate": false,
    "count": 0,
    "lang": "pt-br",
    "updated": 0
  },
  {
    "id": "0a09eb6b-39a5-413e-8bf0-b654b0d80b09",
    "data": [
      {
        "text": "formas de prevencao básica",
        "userDefined": false
      }
    ],
    "isTemplate": false,
    "count": 0,
    "lang": "pt-br",
    "updated": 0
  },
  {
    "id": "ffe0a0c7-80d3-4744-a516-b21f3876e3be",
    "data": [
      {
        "text": "maneiras de se proteger do ",
        "userDefined": false
      },
      {
        "text": "corona",
        "userDefined": false
      }
    ],
    "isTemplate": false,
    "count": 0,
    "lang": "pt-br",
    "updated": 0
  },
  {
    "id": "f746f58b-5617-4683-ac1e-7f38181ef88c",
    "data": [
      {
        "text": "como evito de contrair a doença ?",
        "userDefined": false
      }
    ],
    "isTemplate": false,
    "count": 0,
    "lang": "pt-br",
    "updated": 0
  },
  {
    "id": "21810c05-c331-40e2-8892-b470ed2a42f5",
    "data": [
      {
        "text": "alcool em gel funciona ?",
        "userDefined": false
      }
    ],
    "isTemplate": false,
    "count": 0,
    "lang": "pt-br",
    "updated": 0
  },
  {
    "id": "a4b8f30b-8922-4e16-bbf4-3b805f480ad5",
    "data": [
      {
        "text": "preciso usar mascara ?",
        "userDefined": false
      }
    ],
    "isTemplate": false,
    "count": 0,
    "lang": "pt-br",
    "updated": 0
  },
  {
    "id": "5b9d7d7b-d54c-4050-9aa9-75a602adc137",
    "data": [
      {
        "text": "Prevenção básica",
        "userDefined": false
      }
    ],
    "isTemplate": false,
    "count": 0,
    "lang": "pt-br",
    "updated": 0
  },
  {
    "id": "e3336833-1b5d-4e1a-a0f6-a243de25ee64",
    "data": [
      {
        "text": "Básica",
        "userDefined": false
      }
    ],
    "isTemplate": false,
    "count": 0,
    "lang": "pt-br",
    "updated": 0
  }
]