[
  {
    "id": "8c199681-20e2-4334-bd67-3465b825f85f",
    "data": [
      {
        "text": "virus em territorio nacional",
        "userDefined": false
      }
    ],
    "isTemplate": false,
    "count": 0,
    "lang": "pt-br",
    "updated": 0
  },
  {
    "id": "97d2e704-6b8c-405c-816e-9e72d1b049cc",
    "data": [
      {
        "text": "corona",
        "userDefined": false
      },
      {
        "text": " no ",
        "userDefined": false
      },
      {
        "text": "Brasil",
        "userDefined": false
      }
    ],
    "isTemplate": false,
    "count": 0,
    "lang": "pt-br",
    "updated": 0
  },
  {
    "id": "718d2157-0db5-4ebb-ba1b-83ec1aa9938f",
    "data": [
      {
        "text": "Casos no ",
        "userDefined": false
      },
      {
        "text": "Brasil",
        "userDefined": false
      }
    ],
    "isTemplate": false,
    "count": 0,
    "lang": "pt-br",
    "updated": 0
  }
]