[
  {
    "id": "2b050a7d-aacf-45e2-a87b-5eec92e1f0d6",
    "data": [
      {
        "text": "disseminação do ",
        "userDefined": false
      },
      {
        "text": "corona",
        "userDefined": false
      }
    ],
    "isTemplate": false,
    "count": 0,
    "lang": "pt-br",
    "updated": 0
  },
  {
    "id": "6b314958-86f9-4960-a79d-2f2393d66d3e",
    "data": [
      {
        "text": "contaminação do virus",
        "userDefined": false
      }
    ],
    "isTemplate": false,
    "count": 0,
    "lang": "pt-br",
    "updated": 0
  },
  {
    "id": "70c7c096-1814-4a69-9486-5e23791c3415",
    "data": [
      {
        "text": "infecção por convid",
        "userDefined": false
      }
    ],
    "isTemplate": false,
    "count": 0,
    "lang": "pt-br",
    "updated": 0
  },
  {
    "id": "2c08ff06-4230-48c8-b432-b0f60629dd55",
    "data": [
      {
        "text": "Inoculação",
        "userDefined": false
      }
    ],
    "isTemplate": false,
    "count": 0,
    "lang": "pt-br",
    "updated": 0
  },
  {
    "id": "acde84ba-3c68-4f03-ae87-0207d2d8217b",
    "data": [
      {
        "text": "Propagação da doença",
        "userDefined": false
      }
    ],
    "isTemplate": false,
    "count": 0,
    "lang": "pt-br",
    "updated": 0
  },
  {
    "id": "1d0b96ca-6b53-4956-831f-2049a00b44f1",
    "data": [
      {
        "text": "Contágio",
        "userDefined": false
      }
    ],
    "isTemplate": false,
    "count": 0,
    "lang": "pt-br",
    "updated": 0
  }
]