[
  {
    "id": "f9ff4bec-11a0-4950-b08d-3ab1760fe690",
    "data": [
      {
        "text": "me ",
        "userDefined": false
      },
      {
        "text": "fale",
        "userDefined": false
      },
      {
        "text": " as formas que a doença se espalha",
        "userDefined": false
      }
    ],
    "isTemplate": false,
    "count": 0,
    "lang": "pt-br",
    "updated": 0
  },
  {
    "id": "cacbb2ff-5421-47ef-9979-fa5e03abae2a",
    "data": [
      {
        "text": "jeito do virus se espalhar",
        "userDefined": false
      }
    ],
    "isTemplate": false,
    "count": 0,
    "lang": "pt-br",
    "updated": 0
  },
  {
    "id": "1b550abd-b5e6-481f-be31-3b82a0383bb2",
    "data": [
      {
        "text": "como se fica doente ?",
        "userDefined": false
      }
    ],
    "isTemplate": false,
    "count": 0,
    "lang": "pt-br",
    "updated": 0
  },
  {
    "id": "47553bea-3481-49ff-b11d-b4fb48c34fa8",
    "data": [
      {
        "text": "o covid é igual a gripe ?",
        "userDefined": false
      }
    ],
    "isTemplate": false,
    "count": 0,
    "lang": "pt-br",
    "updated": 0
  },
  {
    "id": "83200da6-ba2d-4ddc-b931-0ff869ac8684",
    "data": [
      {
        "text": "se eu beijar posso pegar covid ?",
        "userDefined": false
      }
    ],
    "isTemplate": false,
    "count": 0,
    "lang": "pt-br",
    "updated": 0
  },
  {
    "id": "66cd3c55-5a66-4a0f-9348-23e3adc97ac3",
    "data": [
      {
        "text": "maneiras de disseminação",
        "userDefined": false
      }
    ],
    "isTemplate": false,
    "count": 0,
    "lang": "pt-br",
    "updated": 0
  },
  {
    "id": "0314c0c9-e167-469e-9306-284023e86864",
    "data": [
      {
        "text": "como pego covid ?",
        "userDefined": false
      }
    ],
    "isTemplate": false,
    "count": 0,
    "lang": "pt-br",
    "updated": 0
  },
  {
    "id": "77c54859-d11a-438a-9cce-a420c94a1d8e",
    "data": [
      {
        "text": "como posso ser contaminado ?",
        "userDefined": false
      }
    ],
    "isTemplate": false,
    "count": 0,
    "lang": "pt-br",
    "updated": 0
  },
  {
    "id": "888079f2-97e1-4dc7-832b-b517aae63245",
    "data": [
      {
        "text": "como o vírus se ",
        "userDefined": false
      },
      {
        "text": "espalha",
        "userDefined": false
      },
      {
        "text": " ?",
        "userDefined": false
      }
    ],
    "isTemplate": false,
    "count": 0,
    "lang": "pt-br",
    "updated": 0
  },
  {
    "id": "a825cd40-7e0e-4f98-abad-4da61fa9fb3e",
    "data": [
      {
        "text": "Formas de contágio",
        "userDefined": false
      }
    ],
    "isTemplate": false,
    "count": 0,
    "lang": "pt-br",
    "updated": 0
  }
]