[
  {
    "id": "8423dc17-22b5-4648-881c-97046e1ea353",
    "data": [
      {
        "text": "quero falar com vc",
        "userDefined": false
      }
    ],
    "isTemplate": false,
    "count": 0,
    "lang": "pt-br",
    "updated": 0
  },
  {
    "id": "3b70e424-88dc-4756-accf-e7fba633f8b4",
    "data": [
      {
        "text": "queria falar com",
        "userDefined": false
      },
      {
        "text": " você",
        "userDefined": false
      }
    ],
    "isTemplate": false,
    "count": 0,
    "lang": "pt-br",
    "updated": 0
  },
  {
    "id": "d1c8db66-fa1b-46bc-a8da-5f4bc9bd16a2",
    "data": [
      {
        "text": "boa ",
        "userDefined": false
      },
      {
        "text": "noite",
        "userDefined": false
      }
    ],
    "isTemplate": false,
    "count": 0,
    "lang": "pt-br",
    "updated": 0
  },
  {
    "id": "f08ab3f1-b863-4973-8074-ceb70db6501d",
    "data": [
      {
        "text": "boa ",
        "userDefined": false
      },
      {
        "text": "tarde",
        "userDefined": false
      }
    ],
    "isTemplate": false,
    "count": 0,
    "lang": "pt-br",
    "updated": 0
  },
  {
    "id": "5e2f5a08-b9f5-413f-8528-60bc1c57e7fc",
    "data": [
      {
        "text": "bom dia",
        "userDefined": false
      }
    ],
    "isTemplate": false,
    "count": 0,
    "lang": "pt-br",
    "updated": 0
  },
  {
    "id": "9db250dc-23a9-4eaf-b26e-bb5965e3af26",
    "data": [
      {
        "text": "posso falar com",
        "userDefined": false
      },
      {
        "text": " voce ?",
        "userDefined": false
      }
    ],
    "isTemplate": false,
    "count": 0,
    "lang": "pt-br",
    "updated": 0
  },
  {
    "id": "ac898dd8-cae3-4dca-843e-f2996a8ed2e4",
    "data": [
      {
        "text": "vc está ai ?",
        "userDefined": false
      }
    ],
    "isTemplate": false,
    "count": 0,
    "lang": "pt-br",
    "updated": 0
  },
  {
    "id": "42aeb1c3-ec6f-4f79-9e65-c847ed5ca817",
    "data": [
      {
        "text": "tudo bom",
        "userDefined": false
      },
      {
        "text": " ?",
        "userDefined": false
      }
    ],
    "isTemplate": false,
    "count": 0,
    "lang": "pt-br",
    "updated": 0
  },
  {
    "id": "1572e613-9f69-4008-ae52-d79a504aae7e",
    "data": [
      {
        "text": "td ",
        "userDefined": false
      },
      {
        "text": "bem",
        "userDefined": false
      },
      {
        "text": " ?",
        "userDefined": false
      }
    ],
    "isTemplate": false,
    "count": 0,
    "lang": "pt-br",
    "updated": 0
  },
  {
    "id": "ce703589-6b8b-4b55-b8e8-4c7811eeeb3a",
    "data": [
      {
        "text": "qualé",
        "userDefined": false
      }
    ],
    "isTemplate": false,
    "count": 0,
    "lang": "pt-br",
    "updated": 0
  },
  {
    "id": "49bd9d5a-f206-4223-b689-4f81f4f9d369",
    "data": [
      {
        "text": "salve",
        "userDefined": false
      }
    ],
    "isTemplate": false,
    "count": 0,
    "lang": "pt-br",
    "updated": 0
  },
  {
    "id": "d84cafe8-d664-4f90-a0ec-896ba11ddac0",
    "data": [
      {
        "text": "eai",
        "userDefined": false
      }
    ],
    "isTemplate": false,
    "count": 0,
    "lang": "pt-br",
    "updated": 0
  },
  {
    "id": "e0554b7a-55ea-410a-878f-7af3fcaee265",
    "data": [
      {
        "text": "há quanto tempo",
        "userDefined": false
      }
    ],
    "isTemplate": false,
    "count": 0,
    "lang": "pt-br",
    "updated": 0
  },
  {
    "id": "11aba751-d095-4baa-8eb8-21fe0dd8f9d5",
    "data": [
      {
        "text": "olá",
        "userDefined": false
      }
    ],
    "isTemplate": false,
    "count": 0,
    "lang": "pt-br",
    "updated": 0
  },
  {
    "id": "b55c53e0-eb79-4e1c-a5c6-98393f8c8806",
    "data": [
      {
        "text": "oi",
        "userDefined": false
      }
    ],
    "isTemplate": false,
    "count": 0,
    "lang": "pt-br",
    "updated": 0
  },
  {
    "id": "a91bec34-6a0d-4ce5-a4a1-ab0055e44b0b",
    "data": [
      {
        "text": "opa",
        "userDefined": false
      }
    ],
    "isTemplate": false,
    "count": 0,
    "lang": "pt-br",
    "updated": 0
  },
  {
    "id": "237dbbfb-b3cc-4f34-9823-a3804f8b0573",
    "data": [
      {
        "text": "fala aí",
        "userDefined": false
      }
    ],
    "isTemplate": false,
    "count": 0,
    "lang": "pt-br",
    "updated": 0
  },
  {
    "id": "aeee484e-2000-4dd7-86df-e39e64259281",
    "data": [
      {
        "text": "fala",
        "userDefined": false
      }
    ],
    "isTemplate": false,
    "count": 0,
    "lang": "pt-br",
    "updated": 0
  },
  {
    "id": "d180ec20-08a7-40b8-ab7e-137c4512e2df",
    "data": [
      {
        "text": "saudações",
        "userDefined": false
      }
    ],
    "isTemplate": false,
    "count": 0,
    "lang": "pt-br",
    "updated": 0
  },
  {
    "id": "f0840911-ee79-44fb-a719-198bd8fffe6f",
    "data": [
      {
        "text": "oi tudo bem",
        "userDefined": false
      }
    ],
    "isTemplate": false,
    "count": 0,
    "lang": "pt-br",
    "updated": 0
  },
  {
    "id": "abbe3e10-f7b6-48c3-9211-578e4b460c6e",
    "data": [
      {
        "text": "e aí",
        "userDefined": false
      }
    ],
    "isTemplate": false,
    "count": 0,
    "lang": "pt-br",
    "updated": 0
  },
  {
    "id": "9ad95226-a85f-43d1-b444-8b1a773ab1ba",
    "data": [
      {
        "text": "eae",
        "userDefined": false
      }
    ],
    "isTemplate": false,
    "count": 0,
    "lang": "pt-br",
    "updated": 0
  }
]