[
  {
    "id": "517c48c4-5dc4-4128-9b1d-2b21de0a7520",
    "data": [
      {
        "text": "outras duvidas",
        "userDefined": false
      }
    ],
    "isTemplate": false,
    "count": 0,
    "lang": "pt-br",
    "updated": 0
  },
  {
    "id": "da279377-9031-447c-a23e-73a7ce855679",
    "data": [
      {
        "text": "perguntas frequentes",
        "userDefined": false
      }
    ],
    "isTemplate": false,
    "count": 0,
    "lang": "pt-br",
    "updated": 0
  },
  {
    "id": "60f7d194-de31-4daf-bdd4-5b72476e74bb",
    "data": [
      {
        "text": "FAQ",
        "userDefined": false
      }
    ],
    "isTemplate": false,
    "count": 0,
    "lang": "pt-br",
    "updated": 0
  }
]