[
  {
    "id": "0761b7d6-3309-49f8-bdd8-33a26d29b8bb",
    "data": [
      {
        "text": "obrigado pela informação",
        "userDefined": false
      }
    ],
    "isTemplate": false,
    "count": 0,
    "lang": "pt-br",
    "updated": 0
  },
  {
    "id": "f15715ca-1994-44ee-ad60-201eda9fcb7d",
    "data": [
      {
        "text": "muito obrigado pela ajuda",
        "userDefined": false
      }
    ],
    "isTemplate": false,
    "count": 0,
    "lang": "pt-br",
    "updated": 0
  },
  {
    "id": "3a8627b4-39ae-4366-8e87-cb1337802e1f",
    "data": [
      {
        "text": "até logo",
        "userDefined": false
      }
    ],
    "isTemplate": false,
    "count": 0,
    "lang": "pt-br",
    "updated": 0
  },
  {
    "id": "8a73f937-0d60-45a7-80f9-8a6598e48faa",
    "data": [
      {
        "text": "até mais",
        "userDefined": false
      }
    ],
    "isTemplate": false,
    "count": 0,
    "lang": "pt-br",
    "updated": 0
  },
  {
    "id": "f17fee80-6472-4249-9090-170bdf98e88f",
    "data": [
      {
        "text": "tchau",
        "userDefined": false
      }
    ],
    "isTemplate": false,
    "count": 0,
    "lang": "pt-br",
    "updated": 0
  }
]