[
  {
    "id": "f52bc664-90e3-48fd-99e6-78c05b80bdbb",
    "data": [
      {
        "text": "não faço parte",
        "meta": "@RiskGroupsResponse",
        "alias": "response",
        "userDefined": false
      }
    ],
    "isTemplate": false,
    "count": 0,
    "lang": "pt-br",
    "updated": 0
  },
  {
    "id": "a0c3b422-d198-41b8-b764-532e3eed96d2",
    "data": [
      {
        "text": "tenho cistos ",
        "userDefined": false
      },
      {
        "text": "pulmonares",
        "meta": "@RiskGroupsResponse",
        "alias": "response",
        "userDefined": false
      }
    ],
    "isTemplate": false,
    "count": 0,
    "lang": "pt-br",
    "updated": 0
  },
  {
    "id": "e3240a3c-0d42-40ca-83f8-408da6b3568f",
    "data": [
      {
        "text": "sou grupo de risco",
        "meta": "@RiskGroupsResponse",
        "alias": "response",
        "userDefined": false
      }
    ],
    "isTemplate": false,
    "count": 0,
    "lang": "pt-br",
    "updated": 0
  },
  {
    "id": "736cad88-29d4-41cf-8711-630377150b75",
    "data": [
      {
        "text": "sou idoso",
        "meta": "@RiskGroupsResponse",
        "alias": "response",
        "userDefined": false
      }
    ],
    "isTemplate": false,
    "count": 0,
    "lang": "pt-br",
    "updated": 0
  },
  {
    "id": "916d4f28-78b3-454d-a8f9-d1f30e226082",
    "data": [
      {
        "text": "faço tratamento ",
        "userDefined": false
      },
      {
        "text": "para",
        "userDefined": false
      },
      {
        "text": " ",
        "userDefined": false
      },
      {
        "text": "cancer",
        "meta": "@RiskGroupsResponse",
        "alias": "response",
        "userDefined": false
      }
    ],
    "isTemplate": false,
    "count": 0,
    "lang": "pt-br",
    "updated": 0
  },
  {
    "id": "238be73f-3d1f-4652-8f29-5c281b1f7d36",
    "data": [
      {
        "text": "tenho leucemia",
        "meta": "@RiskGroupsResponse",
        "alias": "response",
        "userDefined": false
      }
    ],
    "isTemplate": false,
    "count": 0,
    "lang": "pt-br",
    "updated": 0
  },
  {
    "id": "8bd54ddd-a7b1-4a2a-ac1e-ae9d7e920e06",
    "data": [
      {
        "text": "não estou em grupo de risco",
        "meta": "@RiskGroupsResponse",
        "alias": "response",
        "userDefined": false
      }
    ],
    "isTemplate": false,
    "count": 0,
    "lang": "pt-br",
    "updated": 0
  },
  {
    "id": "e819ba7b-76a0-4169-871c-036cd46ae0b0",
    "data": [
      {
        "text": "Não",
        "meta": "@BooleanResponse",
        "alias": "boolResponse",
        "userDefined": false
      }
    ],
    "isTemplate": false,
    "count": 0,
    "lang": "pt-br",
    "updated": 0
  },
  {
    "id": "65546387-0746-446a-a5d2-1a3a19c2e0d3",
    "data": [
      {
        "text": "Sim",
        "meta": "@BooleanResponse",
        "alias": "boolResponse",
        "userDefined": false
      }
    ],
    "isTemplate": false,
    "count": 0,
    "lang": "pt-br",
    "updated": 0
  },
  {
    "id": "6f863711-60e1-489f-b0b9-e3b96e7e2387",
    "data": [
      {
        "text": "Não pertenço",
        "meta": "@RiskGroupsResponse",
        "alias": "response",
        "userDefined": false
      }
    ],
    "isTemplate": false,
    "count": 0,
    "lang": "pt-br",
    "updated": 0
  },
  {
    "id": "5bc3e93f-8c51-4d34-aa23-eae439fcea15",
    "data": [
      {
        "text": "Pertenço",
        "meta": "@RiskGroupsResponse",
        "alias": "response",
        "userDefined": false
      }
    ],
    "isTemplate": false,
    "count": 0,
    "lang": "pt-br",
    "updated": 0
  }
]