[
  {
    "id": "e819ba7b-76a0-4169-871c-036cd46ae0b0",
    "data": [
      {
        "text": "Não",
        "meta": "@BooleanResponse",
        "alias": "boolResponse",
        "userDefined": false
      }
    ],
    "isTemplate": false,
    "count": 0,
    "lang": "pt-br",
    "updated": 0
  },
  {
    "id": "65546387-0746-446a-a5d2-1a3a19c2e0d3",
    "data": [
      {
        "text": "Sim",
        "meta": "@BooleanResponse",
        "alias": "boolResponse",
        "userDefined": false
      }
    ],
    "isTemplate": false,
    "count": 0,
    "lang": "pt-br",
    "updated": 0
  },
  {
    "id": "6f863711-60e1-489f-b0b9-e3b96e7e2387",
    "data": [
      {
        "text": "Não pertenço",
        "meta": "@RiskGroupsResponse",
        "alias": "response",
        "userDefined": false
      }
    ],
    "isTemplate": false,
    "count": 0,
    "lang": "pt-br",
    "updated": 0
  },
  {
    "id": "5bc3e93f-8c51-4d34-aa23-eae439fcea15",
    "data": [
      {
        "text": "Pertenço",
        "meta": "@RiskGroupsResponse",
        "alias": "response",
        "userDefined": false
      }
    ],
    "isTemplate": false,
    "count": 0,
    "lang": "pt-br",
    "updated": 0
  }
]