[
  {
    "id": "e6a99c8b-fccc-4690-bf13-000a0544af97",
    "data": [
      {
        "text": "como enfermeiros evitam a doença ?",
        "userDefined": false
      }
    ],
    "isTemplate": false,
    "count": 0,
    "lang": "pt-br",
    "updated": 0
  },
  {
    "id": "761a7a7a-afdc-4365-9e69-dbce3d2fa019",
    "data": [
      {
        "text": "protecao profissional",
        "userDefined": false
      }
    ],
    "isTemplate": false,
    "count": 0,
    "lang": "pt-br",
    "updated": 0
  },
  {
    "id": "1eaf4bb9-d908-48ec-bcd7-ed177ad94e2c",
    "data": [
      {
        "text": "como ",
        "userDefined": false
      },
      {
        "text": "o hospital protege",
        "userDefined": false
      },
      {
        "text": " os funcionarios ?",
        "userDefined": false
      }
    ],
    "isTemplate": false,
    "count": 0,
    "lang": "pt-br",
    "updated": 0
  },
  {
    "id": "c9388a37-f73f-43cd-ad71-3abaaa8b22d1",
    "data": [
      {
        "text": "como o virus nao adoece os enfermeiros ?",
        "userDefined": false
      }
    ],
    "isTemplate": false,
    "count": 0,
    "lang": "pt-br",
    "updated": 0
  },
  {
    "id": "ec874540-cd4e-4b5d-96d6-a3472ec48ff7",
    "data": [
      {
        "text": "o ",
        "userDefined": false
      },
      {
        "text": "corona",
        "userDefined": false
      },
      {
        "text": " não se espalha no ",
        "userDefined": false
      },
      {
        "text": "hospital",
        "userDefined": false
      },
      {
        "text": " ?",
        "userDefined": false
      }
    ],
    "isTemplate": false,
    "count": 0,
    "lang": "pt-br",
    "updated": 0
  },
  {
    "id": "682970d1-b5d5-4a8a-a163-69d7e82f297a",
    "data": [
      {
        "text": "como ",
        "userDefined": false
      },
      {
        "text": "medicos",
        "userDefined": false
      },
      {
        "text": " n pegam covid",
        "userDefined": false
      }
    ],
    "isTemplate": false,
    "count": 0,
    "lang": "pt-br",
    "updated": 0
  },
  {
    "id": "368b9f0b-ad31-4a7d-a119-bd2a6abb213c",
    "data": [
      {
        "text": "proteção ",
        "userDefined": false
      },
      {
        "text": "para",
        "userDefined": false
      },
      {
        "text": " enfermeiros",
        "userDefined": false
      }
    ],
    "isTemplate": false,
    "count": 0,
    "lang": "pt-br",
    "updated": 0
  },
  {
    "id": "7cab2da8-ce30-4848-b9b4-6b37ce3850a3",
    "data": [
      {
        "text": "como os ",
        "userDefined": false
      },
      {
        "text": "agentes de saude se",
        "userDefined": false
      },
      {
        "text": " protegem ?",
        "userDefined": false
      }
    ],
    "isTemplate": false,
    "count": 0,
    "lang": "pt-br",
    "updated": 0
  },
  {
    "id": "c22f3f34-fc59-460f-9872-dafbbe8a4034",
    "data": [
      {
        "text": "Prevenção profissional",
        "userDefined": false
      }
    ],
    "isTemplate": false,
    "count": 0,
    "lang": "pt-br",
    "updated": 0
  },
  {
    "id": "887b6969-8585-4745-b731-a1d614d01d44",
    "data": [
      {
        "text": "Profissional",
        "userDefined": false
      }
    ],
    "isTemplate": false,
    "count": 0,
    "lang": "pt-br",
    "updated": 0
  }
]