[
  {
    "id": "f767dfbe-6d5d-4889-b6a1-978f63364389",
    "data": [
      {
        "text": "etapa de incubacao do ",
        "userDefined": false
      },
      {
        "text": "corona",
        "userDefined": false
      }
    ],
    "isTemplate": false,
    "count": 0,
    "lang": "pt-br",
    "updated": 0
  },
  {
    "id": "78613995-c0a5-4ab1-b12b-de45c2fa9246",
    "data": [
      {
        "text": "ql o tempo do virus da as caras ?",
        "userDefined": false
      }
    ],
    "isTemplate": false,
    "count": 0,
    "lang": "pt-br",
    "updated": 0
  },
  {
    "id": "206d2d87-7185-433b-8503-cf3ba8742a5b",
    "data": [
      {
        "text": "o ",
        "userDefined": false
      },
      {
        "text": "corona",
        "userDefined": false
      },
      {
        "text": " demora ",
        "userDefined": false
      },
      {
        "text": "para",
        "userDefined": false
      },
      {
        "text": " aparecer ?",
        "userDefined": false
      }
    ],
    "isTemplate": false,
    "count": 0,
    "lang": "pt-br",
    "updated": 0
  },
  {
    "id": "dc966e10-6a24-4224-a2ec-6e1f27634db6",
    "data": [
      {
        "text": "qnt tempo de confinamento",
        "userDefined": false
      }
    ],
    "isTemplate": false,
    "count": 0,
    "lang": "pt-br",
    "updated": 0
  },
  {
    "id": "7745816d-e023-49ca-be55-27e541320ea6",
    "data": [
      {
        "text": "tempo de isolamento",
        "userDefined": false
      }
    ],
    "isTemplate": false,
    "count": 0,
    "lang": "pt-br",
    "updated": 0
  },
  {
    "id": "ce21f9af-f9e7-42e4-9445-0ffe107ce32c",
    "data": [
      {
        "text": "estágio de incubação do covid",
        "userDefined": false
      }
    ],
    "isTemplate": false,
    "count": 0,
    "lang": "pt-br",
    "updated": 0
  },
  {
    "id": "b9d7591a-e915-4067-b6ad-0f68fa942695",
    "data": [
      {
        "text": "quanto tempo preciso ficar de quarentena ?",
        "userDefined": false
      }
    ],
    "isTemplate": false,
    "count": 0,
    "lang": "pt-br",
    "updated": 0
  },
  {
    "id": "2f285d82-ac36-4020-985a-a877a5ddcc11",
    "data": [
      {
        "text": "incubação do virus",
        "userDefined": false
      }
    ],
    "isTemplate": false,
    "count": 0,
    "lang": "pt-br",
    "updated": 0
  },
  {
    "id": "6c8ec7f3-1dc2-4e70-ab8b-a7c6d7b6884b",
    "data": [
      {
        "text": "tempo que demora pros sintomas aparecerem",
        "userDefined": false
      }
    ],
    "isTemplate": false,
    "count": 0,
    "lang": "pt-br",
    "updated": 0
  },
  {
    "id": "b176b178-9716-4351-b6cd-d2bc24db6305",
    "data": [
      {
        "text": "Período de incubação",
        "userDefined": false
      }
    ],
    "isTemplate": false,
    "count": 0,
    "lang": "pt-br",
    "updated": 0
  }
]