[
  {
    "id": "38917cf7-2674-4163-809e-1a7dae82c943",
    "data": [
      {
        "text": "vai la p comeco",
        "userDefined": false
      }
    ],
    "isTemplate": false,
    "count": 0,
    "lang": "pt-br",
    "updated": 0
  },
  {
    "id": "83377d67-6db1-4e7a-9742-683207186d1c",
    "data": [
      {
        "text": "ql as opcoes",
        "userDefined": false
      }
    ],
    "isTemplate": false,
    "count": 0,
    "lang": "pt-br",
    "updated": 0
  },
  {
    "id": "03638cd0-cc57-4d2a-8dff-6ff64b78ba7e",
    "data": [
      {
        "text": "menuzinho",
        "userDefined": false
      }
    ],
    "isTemplate": false,
    "count": 0,
    "lang": "pt-br",
    "updated": 0
  },
  {
    "id": "d2862b1d-4877-44cd-a94f-5e8050c68548",
    "data": [
      {
        "text": "ir ao começo",
        "userDefined": false
      }
    ],
    "isTemplate": false,
    "count": 0,
    "lang": "pt-br",
    "updated": 0
  },
  {
    "id": "6bed4927-8b24-4843-ba13-43a925937b59",
    "data": [
      {
        "text": "acessar opções",
        "userDefined": false
      }
    ],
    "isTemplate": false,
    "count": 0,
    "lang": "pt-br",
    "updated": 0
  },
  {
    "id": "4a0f5bec-7679-4ccd-8e3a-2e8c860f7a77",
    "data": [
      {
        "text": "acessar menu",
        "userDefined": false
      }
    ],
    "isTemplate": false,
    "count": 0,
    "lang": "pt-br",
    "updated": 0
  },
  {
    "id": "2294e95e-af5d-47fa-b15a-1a179bef3e4b",
    "data": [
      {
        "text": "ir ao menu",
        "userDefined": false
      }
    ],
    "isTemplate": false,
    "count": 0,
    "lang": "pt-br",
    "updated": 0
  },
  {
    "id": "9fa098fc-e305-47f8-a58d-41a73e485c94",
    "data": [
      {
        "text": "mostre menu",
        "userDefined": false
      }
    ],
    "isTemplate": false,
    "count": 0,
    "lang": "pt-br",
    "updated": 0
  },
  {
    "id": "64756b83-9f93-4f3a-995e-183fc63a8452",
    "data": [
      {
        "text": "como vc funciona ?",
        "userDefined": false
      }
    ],
    "isTemplate": false,
    "count": 0,
    "lang": "pt-br",
    "updated": 0
  },
  {
    "id": "4d03d3e3-b375-4604-98c1-f165052bfad6",
    "data": [
      {
        "text": "estou perdido",
        "userDefined": false
      }
    ],
    "isTemplate": false,
    "count": 0,
    "lang": "pt-br",
    "updated": 0
  },
  {
    "id": "5352cfcc-328f-4b12-8bad-af536f00be0c",
    "data": [
      {
        "text": "voltar ao ",
        "userDefined": false
      },
      {
        "text": "começo",
        "userDefined": false
      }
    ],
    "isTemplate": false,
    "count": 0,
    "lang": "pt-br",
    "updated": 0
  },
  {
    "id": "005ca529-13b3-4fac-949d-caaf4f5aa543",
    "data": [
      {
        "text": "voltar ao inicio",
        "userDefined": false
      }
    ],
    "isTemplate": false,
    "count": 0,
    "lang": "pt-br",
    "updated": 0
  },
  {
    "id": "2f0e535d-fa41-46b6-bcb4-8f0728de1ff9",
    "data": [
      {
        "text": "preciso ajuda",
        "userDefined": false
      }
    ],
    "isTemplate": false,
    "count": 0,
    "lang": "pt-br",
    "updated": 0
  },
  {
    "id": "e82cdc07-b6ca-4d06-932f-798f0a4ee204",
    "data": [
      {
        "text": "mostre opções",
        "userDefined": false
      }
    ],
    "isTemplate": false,
    "count": 0,
    "lang": "pt-br",
    "updated": 0
  },
  {
    "id": "5a462f56-72a9-4609-a0a9-ec8412f5375e",
    "data": [
      {
        "text": "Menu principal",
        "userDefined": false
      }
    ],
    "isTemplate": false,
    "count": 0,
    "lang": "pt-br",
    "updated": 0
  },
  {
    "id": "270fe85c-6700-4477-8a6d-c29257a100b2",
    "data": [
      {
        "text": "Menu",
        "userDefined": false
      }
    ],
    "isTemplate": false,
    "count": 0,
    "lang": "pt-br",
    "updated": 0
  }
]