[
  {
    "id": "03ddd5db-8351-4716-a114-77d9e17842d3",
    "data": [
      {
        "text": "apenas ",
        "userDefined": false
      },
      {
        "text": "cansaço",
        "meta": "@MildSymptomsResponses",
        "alias": "symptoms",
        "userDefined": true
      }
    ],
    "isTemplate": false,
    "count": 0,
    "lang": "pt-br",
    "updated": 0
  },
  {
    "id": "8d776100-0b82-4686-9414-93ba65712eaa",
    "data": [
      {
        "text": "só estou ",
        "userDefined": false
      },
      {
        "text": "tossindo",
        "meta": "@MildSymptomsResponses",
        "alias": "symptoms",
        "userDefined": true
      }
    ],
    "isTemplate": false,
    "count": 0,
    "lang": "pt-br",
    "updated": 0
  },
  {
    "id": "50f756cc-6aee-432c-a699-442b1577f554",
    "data": [
      {
        "text": "não estou sentindo ",
        "userDefined": false
      },
      {
        "text": "nada",
        "meta": "@MildSymptomsResponses",
        "alias": "response",
        "userDefined": true
      }
    ],
    "isTemplate": false,
    "count": 0,
    "lang": "pt-br",
    "updated": 0
  },
  {
    "id": "84ce813f-740a-4025-a7ce-eb508c92ab21",
    "data": [
      {
        "text": "não tive ",
        "userDefined": false
      },
      {
        "text": "nenhum",
        "meta": "@MildSymptomsResponses",
        "alias": "response",
        "userDefined": false
      },
      {
        "text": " sintoma",
        "userDefined": false
      }
    ],
    "isTemplate": false,
    "count": 0,
    "lang": "pt-br",
    "updated": 0
  },
  {
    "id": "e2fbf863-30f7-47e5-bc8e-5e5fdf7881a3",
    "data": [
      {
        "text": "estou com",
        "userDefined": false
      },
      {
        "text": " ",
        "userDefined": false
      },
      {
        "text": "dores no corpo",
        "meta": "@MildSymptomsResponses",
        "alias": "symptoms",
        "userDefined": true
      },
      {
        "text": ", ",
        "userDefined": false
      },
      {
        "text": "garganta",
        "meta": "@MildSymptomsResponses",
        "alias": "symptoms",
        "userDefined": true
      },
      {
        "text": " ruim e muita ",
        "userDefined": false
      },
      {
        "text": "tosse",
        "meta": "@MildSymptomsResponses",
        "alias": "symptoms",
        "userDefined": true
      }
    ],
    "isTemplate": false,
    "count": 0,
    "lang": "pt-br",
    "updated": 0
  },
  {
    "id": "b5bfb42f-2556-4cf7-afc5-04b2c082265e",
    "data": [
      {
        "text": "tive ",
        "userDefined": false
      },
      {
        "text": "diarreia",
        "meta": "@MildSymptomsResponses",
        "alias": "symptoms",
        "userDefined": true
      },
      {
        "text": " e ",
        "userDefined": false
      },
      {
        "text": "dor de cabeça",
        "meta": "@MildSymptomsResponses",
        "alias": "symptoms",
        "userDefined": true
      }
    ],
    "isTemplate": false,
    "count": 0,
    "lang": "pt-br",
    "updated": 0
  },
  {
    "id": "72d35642-20bf-48e5-9d18-dbc052b633bf",
    "data": [
      {
        "text": "Mais de 3",
        "meta": "@MildSymptomsResponses",
        "alias": "response",
        "userDefined": false
      },
      {
        "text": " sintomas",
        "userDefined": false
      }
    ],
    "isTemplate": false,
    "count": 0,
    "lang": "pt-br",
    "updated": 0
  },
  {
    "id": "3314ac70-842f-4d39-b048-bc77a2bfcdc3",
    "data": [
      {
        "text": "três",
        "meta": "@MildSymptomsResponses",
        "alias": "response",
        "userDefined": false
      }
    ],
    "isTemplate": false,
    "count": 0,
    "lang": "pt-br",
    "updated": 0
  },
  {
    "id": "9f689795-0343-49e5-ae8b-124bd8e00c93",
    "data": [
      {
        "text": "2",
        "meta": "@MildSymptomsResponses",
        "alias": "response",
        "userDefined": false
      }
    ],
    "isTemplate": false,
    "count": 0,
    "lang": "pt-br",
    "updated": 0
  },
  {
    "id": "bf41168a-0313-4535-ba8c-15a48b1fcec3",
    "data": [
      {
        "text": "1",
        "meta": "@MildSymptomsResponses",
        "alias": "response",
        "userDefined": false
      }
    ],
    "isTemplate": false,
    "count": 0,
    "lang": "pt-br",
    "updated": 0
  },
  {
    "id": "de765259-2d54-4468-b346-25bded063125",
    "data": [
      {
        "text": "Nenhum",
        "meta": "@MildSymptomsResponses",
        "alias": "response",
        "userDefined": false
      }
    ],
    "isTemplate": false,
    "count": 0,
    "lang": "pt-br",
    "updated": 0
  }
]