[
  {
    "id": "72d35642-20bf-48e5-9d18-dbc052b633bf",
    "data": [
      {
        "text": "Mais de 3",
        "meta": "@MildSymptomsResponses",
        "alias": "response",
        "userDefined": false
      },
      {
        "text": " sintomas",
        "userDefined": false
      }
    ],
    "isTemplate": false,
    "count": 0,
    "lang": "pt-br",
    "updated": 0
  },
  {
    "id": "3314ac70-842f-4d39-b048-bc77a2bfcdc3",
    "data": [
      {
        "text": "três",
        "meta": "@MildSymptomsResponses",
        "alias": "response",
        "userDefined": false
      }
    ],
    "isTemplate": false,
    "count": 0,
    "lang": "pt-br",
    "updated": 0
  },
  {
    "id": "9f689795-0343-49e5-ae8b-124bd8e00c93",
    "data": [
      {
        "text": "2",
        "meta": "@MildSymptomsResponses",
        "alias": "response",
        "userDefined": false
      }
    ],
    "isTemplate": false,
    "count": 0,
    "lang": "pt-br",
    "updated": 0
  },
  {
    "id": "bf41168a-0313-4535-ba8c-15a48b1fcec3",
    "data": [
      {
        "text": "1",
        "meta": "@MildSymptomsResponses",
        "alias": "response",
        "userDefined": false
      }
    ],
    "isTemplate": false,
    "count": 0,
    "lang": "pt-br",
    "updated": 0
  },
  {
    "id": "de765259-2d54-4468-b346-25bded063125",
    "data": [
      {
        "text": "Nenhum",
        "meta": "@MildSymptomsResponses",
        "alias": "response",
        "userDefined": false
      }
    ],
    "isTemplate": false,
    "count": 0,
    "lang": "pt-br",
    "updated": 0
  }
]