[
  {
    "id": "701a1a9c-0a01-434d-b96f-edcc2a58c63b",
    "data": [
      {
        "text": "Não, era só isso",
        "userDefined": false
      }
    ],
    "isTemplate": false,
    "count": 1,
    "lang": "pt-br",
    "updated": 0
  },
  {
    "id": "230b7037-d186-4489-a1ee-0c4db354874c",
    "data": [
      {
        "text": "Não usei",
        "meta": "@DrugsTakenResponseNegative",
        "alias": "drugsTakenResponse",
        "userDefined": true
      },
      {
        "text": " medicamentos",
        "userDefined": false
      }
    ],
    "isTemplate": false,
    "count": 0,
    "lang": "pt-br",
    "updated": 0
  },
  {
    "id": "b23731bf-98c3-4236-996f-284cc9160c8f",
    "data": [
      {
        "text": "Não tive febre",
        "meta": "@FeverResponseNegative",
        "alias": "feverResponse",
        "userDefined": true
      }
    ],
    "isTemplate": false,
    "count": 0,
    "lang": "pt-br",
    "updated": 0
  },
  {
    "id": "012de8d6-4d37-47c5-8af5-919da5e24864",
    "data": [
      {
        "text": "Não",
        "userDefined": false
      }
    ],
    "isTemplate": false,
    "count": 0,
    "lang": "pt-br",
    "updated": 0
  }
]