[
  {
    "id": "c549b6c0-7945-4da3-8029-750f09ad2ba0",
    "data": [
      {
        "text": "tive ",
        "userDefined": false
      },
      {
        "text": "nenhum",
        "meta": "@SevereSymptomsResponseNegative",
        "alias": "severeSymptomsResponse",
        "userDefined": true
      },
      {
        "text": " sintoma grave",
        "userDefined": false
      }
    ],
    "isTemplate": false,
    "count": 0,
    "lang": "pt-br",
    "updated": 0
  },
  {
    "id": "b9e98342-4e76-4bcc-bdda-a6162f1a70fe",
    "data": [
      {
        "text": "Não tomei nada",
        "meta": "@DrugsTakenResponseNegative",
        "alias": "drugsTakenResponse",
        "userDefined": false
      }
    ],
    "isTemplate": false,
    "count": 0,
    "lang": "pt-br",
    "updated": 0
  },
  {
    "id": "c8dd2574-53ff-4ce1-887d-052cea450557",
    "data": [
      {
        "text": "não sinto",
        "meta": "@SevereSymptomsResponseNegative",
        "alias": "severeSymptomsResponse",
        "userDefined": true
      },
      {
        "text": " nada",
        "userDefined": false
      }
    ],
    "isTemplate": false,
    "count": 1,
    "lang": "pt-br",
    "updated": 0
  },
  {
    "id": "fe43ee0d-ae04-4ef2-8aad-b6bb688cc49d",
    "data": [
      {
        "text": "Negativo",
        "meta": "@BooleanResponse",
        "alias": "booleanResponse",
        "userDefined": false
      }
    ],
    "isTemplate": false,
    "count": 0,
    "lang": "pt-br",
    "updated": 0
  },
  {
    "id": "0de721f5-593c-43e0-a1e6-5368aff4639f",
    "data": [
      {
        "text": "Não",
        "meta": "@BooleanResponse",
        "alias": "booleanResponse",
        "userDefined": false
      },
      {
        "text": ", obrigado",
        "userDefined": false
      }
    ],
    "isTemplate": false,
    "count": 0,
    "lang": "pt-br",
    "updated": 0
  },
  {
    "id": "963639fc-5c81-4ea3-9d78-181bafaa46d4",
    "data": [
      {
        "text": "estou ",
        "userDefined": false
      },
      {
        "text": "sem sintomas",
        "meta": "@SevereSymptomsResponseNegative",
        "alias": "severeSymptomsResponse",
        "userDefined": true
      }
    ],
    "isTemplate": false,
    "count": 0,
    "lang": "pt-br",
    "updated": 0
  },
  {
    "id": "d5ee6d2e-6d33-4c87-8ea8-8b055535f659",
    "data": [
      {
        "text": "não senti",
        "meta": "@SevereSymptomsResponseNegative",
        "alias": "severeSymptomsResponse",
        "userDefined": true
      },
      {
        "text": " nenhum sintoma grave",
        "userDefined": false
      }
    ],
    "isTemplate": false,
    "count": 0,
    "lang": "pt-br",
    "updated": 0
  },
  {
    "id": "8e0db289-b877-427c-b1b2-aca1a4a4bd7e",
    "data": [
      {
        "text": "ainda estou mal",
        "meta": "@GotWellResponseNegative",
        "alias": "gotWellResponse",
        "userDefined": false
      }
    ],
    "isTemplate": false,
    "count": 0,
    "lang": "pt-br",
    "updated": 0
  },
  {
    "id": "209de7cb-a8fe-4014-953c-93c5dd5ee750",
    "data": [
      {
        "text": "sintomas ainda persistem",
        "meta": "@GotWellResponseNegative",
        "alias": "gotWellResponse",
        "userDefined": true
      }
    ],
    "isTemplate": false,
    "count": 0,
    "lang": "pt-br",
    "updated": 0
  },
  {
    "id": "16d85e4b-0639-40da-8af3-624214990a0b",
    "data": [
      {
        "text": "desistir",
        "meta": "@PreDiagnosticResponseNegative",
        "alias": "preDiagnosticResponse",
        "userDefined": false
      },
      {
        "text": " do prediagnostico",
        "userDefined": false
      }
    ],
    "isTemplate": false,
    "count": 0,
    "lang": "pt-br",
    "updated": 0
  },
  {
    "id": "1e97d915-8c64-4ab4-b4a1-20c807268c46",
    "data": [
      {
        "text": "abortar",
        "meta": "@PreDiagnosticResponseNegative",
        "alias": "preDiagnosticResponse",
        "userDefined": true
      }
    ],
    "isTemplate": false,
    "count": 0,
    "lang": "pt-br",
    "updated": 0
  },
  {
    "id": "701a1a9c-0a01-434d-b96f-edcc2a58c63b",
    "data": [
      {
        "text": "Não, era só isso",
        "meta": "@BooleanResponse",
        "alias": "booleanResponse",
        "userDefined": true
      }
    ],
    "isTemplate": false,
    "count": 1,
    "lang": "pt-br",
    "updated": 0
  },
  {
    "id": "e55b0192-b34f-44a0-8e5b-2a46a570e7c0",
    "data": [
      {
        "text": "Minha ",
        "userDefined": false
      },
      {
        "text": "temperatura foi normal",
        "meta": "@FeverResponseNegative",
        "alias": "feverResponse",
        "userDefined": true
      }
    ],
    "isTemplate": false,
    "count": 0,
    "lang": "pt-br",
    "updated": 0
  },
  {
    "id": "230b7037-d186-4489-a1ee-0c4db354874c",
    "data": [
      {
        "text": "Não usei",
        "meta": "@DrugsTakenResponseNegative",
        "alias": "drugsTakenResponse",
        "userDefined": true
      },
      {
        "text": " medicamentos",
        "userDefined": false
      }
    ],
    "isTemplate": false,
    "count": 0,
    "lang": "pt-br",
    "updated": 0
  },
  {
    "id": "b23731bf-98c3-4236-996f-284cc9160c8f",
    "data": [
      {
        "text": "Não tive febre",
        "meta": "@FeverResponseNegative",
        "alias": "feverResponse",
        "userDefined": true
      }
    ],
    "isTemplate": false,
    "count": 0,
    "lang": "pt-br",
    "updated": 0
  },
  {
    "id": "012de8d6-4d37-47c5-8af5-919da5e24864",
    "data": [
      {
        "text": "Não",
        "meta": "@BooleanResponse",
        "alias": "booleanResponse",
        "userDefined": true
      }
    ],
    "isTemplate": false,
    "count": 0,
    "lang": "pt-br",
    "updated": 0
  }
]