[
  {
    "id": "b5398024-0323-4a92-bd4c-a78f4c4fc37a",
    "data": [
      {
        "text": "me sinto doente",
        "userDefined": false
      }
    ],
    "isTemplate": false,
    "count": 0,
    "lang": "pt-br",
    "updated": 0
  },
  {
    "id": "cf552e3a-ae87-4b46-b959-00802991ed87",
    "data": [
      {
        "text": "não estou ",
        "userDefined": false
      },
      {
        "text": "bem",
        "userDefined": false
      }
    ],
    "isTemplate": false,
    "count": 0,
    "lang": "pt-br",
    "updated": 0
  },
  {
    "id": "ab4ededf-5b4d-484c-a057-99ef213c3d90",
    "data": [
      {
        "text": "preciso de atendimento médico",
        "userDefined": false
      }
    ],
    "isTemplate": false,
    "count": 0,
    "lang": "pt-br",
    "updated": 0
  },
  {
    "id": "a85c7a3f-5dee-4ca9-9d66-f0fbc08e3092",
    "data": [
      {
        "text": "acho que peguei o virus",
        "userDefined": false
      }
    ],
    "isTemplate": false,
    "count": 0,
    "lang": "pt-br",
    "updated": 0
  },
  {
    "id": "5908afb7-c231-459f-a545-8c5d4315ebb6",
    "data": [
      {
        "text": "estou infectado ?",
        "userDefined": false
      }
    ],
    "isTemplate": false,
    "count": 0,
    "lang": "pt-br",
    "updated": 0
  },
  {
    "id": "dd0c1e1b-8fa1-4da1-b5f3-c9bb2dd8c872",
    "data": [
      {
        "text": "como saber se peguei ",
        "userDefined": false
      },
      {
        "text": "corona",
        "userDefined": false
      },
      {
        "text": " ?",
        "userDefined": false
      }
    ],
    "isTemplate": false,
    "count": 0,
    "lang": "pt-br",
    "updated": 0
  },
  {
    "id": "7cc1102e-93d1-4768-bf1a-84d212c0e29f",
    "data": [
      {
        "text": "triagem",
        "userDefined": false
      }
    ],
    "isTemplate": false,
    "count": 0,
    "lang": "pt-br",
    "updated": 0
  },
  {
    "id": "0610048d-f9b0-490b-bc66-58e24d6b69b4",
    "data": [
      {
        "text": "sera que estou com",
        "userDefined": false
      },
      {
        "text": " covid ?",
        "userDefined": false
      }
    ],
    "isTemplate": false,
    "count": 0,
    "lang": "pt-br",
    "updated": 0
  },
  {
    "id": "c44a5e2a-799f-4e17-aa2d-294f11079e97",
    "data": [
      {
        "text": "quero me consultar",
        "userDefined": false
      }
    ],
    "isTemplate": false,
    "count": 0,
    "lang": "pt-br",
    "updated": 0
  },
  {
    "id": "cfb87a87-e101-45d8-863f-8bb51400b2d0",
    "data": [
      {
        "text": "acho que estou doente",
        "userDefined": false
      }
    ],
    "isTemplate": false,
    "count": 0,
    "lang": "pt-br",
    "updated": 0
  },
  {
    "id": "d157a893-6fcd-4164-94ae-04ecf6d25daa",
    "data": [
      {
        "text": "prediagnostico",
        "userDefined": false
      }
    ],
    "isTemplate": false,
    "count": 0,
    "lang": "pt-br",
    "updated": 0
  },
  {
    "id": "ed8d9106-b4c9-4d2b-bb10-ddb11933e841",
    "data": [
      {
        "text": "Pré-diagnóstico",
        "userDefined": false
      }
    ],
    "isTemplate": false,
    "count": 0,
    "lang": "pt-br",
    "updated": 0
  }
]