[
  {
    "id": "71242874-abf8-438e-82c8-6b9d890dc0d8",
    "data": [
      {
        "text": "preocupado com",
        "userDefined": false
      },
      {
        "text": " o ",
        "userDefined": false
      },
      {
        "text": "corona",
        "userDefined": false
      },
      {
        "text": " vírus",
        "userDefined": false
      }
    ],
    "isTemplate": false,
    "count": 0,
    "lang": "pt-br",
    "updated": 0
  },
  {
    "id": "54500386-2b28-4046-a9ba-d08f639b3cbd",
    "data": [
      {
        "text": "medidas de cautela ",
        "userDefined": false
      },
      {
        "text": "para",
        "userDefined": false
      },
      {
        "text": " o covid",
        "userDefined": false
      }
    ],
    "isTemplate": false,
    "count": 0,
    "lang": "pt-br",
    "updated": 0
  },
  {
    "id": "a48ce19b-3b89-4071-ae37-d89e15384c3c",
    "data": [
      {
        "text": "previdencias a serem tomadas contra a doença",
        "userDefined": false
      }
    ],
    "isTemplate": false,
    "count": 0,
    "lang": "pt-br",
    "updated": 0
  },
  {
    "id": "a291444d-b980-4694-ace5-a3a87005e5f4",
    "data": [
      {
        "text": "cuidados contra o sars cov",
        "userDefined": false
      }
    ],
    "isTemplate": false,
    "count": 0,
    "lang": "pt-br",
    "updated": 0
  },
  {
    "id": "328f787f-7eac-4c93-be58-5eb6704bc4f6",
    "data": [
      {
        "text": "tenho medo do covid",
        "userDefined": false
      }
    ],
    "isTemplate": false,
    "count": 0,
    "lang": "pt-br",
    "updated": 0
  },
  {
    "id": "22159e5a-cb45-45e5-8544-c548dbd0e76f",
    "data": [
      {
        "text": "não quero ficar doente",
        "userDefined": false
      }
    ],
    "isTemplate": false,
    "count": 0,
    "lang": "pt-br",
    "updated": 0
  },
  {
    "id": "2f5b7c95-172a-4ee4-813b-6d50e548ac20",
    "data": [
      {
        "text": "quero me prevenir do vírus",
        "userDefined": false
      }
    ],
    "isTemplate": false,
    "count": 0,
    "lang": "pt-br",
    "updated": 0
  },
  {
    "id": "6cc58bc6-7f15-4e8d-b090-53accce2d8ac",
    "data": [
      {
        "text": "estou com",
        "userDefined": false
      },
      {
        "text": " medo do ",
        "userDefined": false
      },
      {
        "text": "corona",
        "userDefined": false
      }
    ],
    "isTemplate": false,
    "count": 0,
    "lang": "pt-br",
    "updated": 0
  },
  {
    "id": "8d48e2c5-8c6a-498b-8434-269247aa0efd",
    "data": [
      {
        "text": "como me protejo ?",
        "userDefined": false
      }
    ],
    "isTemplate": false,
    "count": 0,
    "lang": "pt-br",
    "updated": 0
  },
  {
    "id": "6c50d65a-4da5-49d1-81d8-2d30cbf4ccc4",
    "data": [
      {
        "text": "Prevenção",
        "userDefined": false
      }
    ],
    "isTemplate": false,
    "count": 0,
    "lang": "pt-br",
    "updated": 0
  }
]