[
  {
    "id": "9b9d6a4a-485f-4734-99f9-6877ed1a1df3",
    "data": [
      {
        "text": "Usei medicamentos",
        "meta": "@DrugsTakenResponsePositive",
        "alias": "drugsTakenResponse",
        "userDefined": true
      }
    ],
    "isTemplate": false,
    "count": 1,
    "lang": "pt-br",
    "updated": 0
  },
  {
    "id": "168d2528-600d-4386-9a2b-874ad7927689",
    "data": [
      {
        "text": "Tive febre",
        "meta": "@FeverResponsePositive",
        "alias": "feverResponse",
        "userDefined": true
      }
    ],
    "isTemplate": false,
    "count": 0,
    "lang": "pt-br",
    "updated": 0
  },
  {
    "id": "64d6d454-12e6-4ba6-8554-91b9fd53aa72",
    "data": [
      {
        "text": "Sim",
        "userDefined": true
      }
    ],
    "isTemplate": false,
    "count": 0,
    "lang": "pt-br",
    "updated": 0
  }
]