[
  {
    "id": "6e0c263e-c9ab-4245-b339-6fdf509a074f",
    "data": [
      {
        "text": "Afirmativo",
        "meta": "@BooleanResponse",
        "alias": "booleanResponse",
        "userDefined": false
      }
    ],
    "isTemplate": false,
    "count": 1,
    "lang": "pt-br",
    "updated": 0
  },
  {
    "id": "33fb7e77-f53d-46da-bd3a-944905c1bd59",
    "data": [
      {
        "text": "Sim",
        "meta": "@BooleanResponse",
        "alias": "booleanResponse",
        "userDefined": false
      },
      {
        "text": ", ",
        "userDefined": false
      },
      {
        "text": "por",
        "userDefined": false
      },
      {
        "text": " favor",
        "userDefined": false
      }
    ],
    "isTemplate": false,
    "count": 0,
    "lang": "pt-br",
    "updated": 0
  },
  {
    "id": "e27afc3c-8844-49a0-a8a0-bf5637437281",
    "data": [
      {
        "text": "estou com sintomas",
        "meta": "@SevereSymptomsResponsePositive",
        "alias": "severeSymptomsResponse",
        "userDefined": false
      },
      {
        "text": " graves",
        "userDefined": false
      }
    ],
    "isTemplate": false,
    "count": 0,
    "lang": "pt-br",
    "updated": 0
  },
  {
    "id": "e6d7da78-ab0c-4962-b76b-fdb22d2ab7c6",
    "data": [
      {
        "text": "estou com",
        "userDefined": false
      },
      {
        "text": " ",
        "userDefined": false
      },
      {
        "text": "convulsão",
        "meta": "@SevereSymptomsResponsePositive",
        "alias": "severeSymptomsResponse",
        "userDefined": true
      }
    ],
    "isTemplate": false,
    "count": 0,
    "lang": "pt-br",
    "updated": 0
  },
  {
    "id": "e0836fd2-66c2-4b2c-b2ef-7befa1791aa3",
    "data": [
      {
        "text": "estou melhor",
        "meta": "@GotWellResponsePositive",
        "alias": "gotWellResponse",
        "userDefined": true
      }
    ],
    "isTemplate": false,
    "count": 0,
    "lang": "pt-br",
    "updated": 0
  },
  {
    "id": "09ebdc5a-4755-4268-941a-6ec646073df2",
    "data": [
      {
        "text": "Positivo",
        "meta": "@BooleanResponse",
        "alias": "booleanResponse",
        "userDefined": false
      }
    ],
    "isTemplate": false,
    "count": 0,
    "lang": "pt-br",
    "updated": 0
  },
  {
    "id": "e00a5c04-952f-4a6d-bfee-b9d9dfa1bf2a",
    "data": [
      {
        "text": "estou febril",
        "meta": "@FeverResponsePositive",
        "alias": "feverResponse",
        "userDefined": true
      }
    ],
    "isTemplate": false,
    "count": 0,
    "lang": "pt-br",
    "updated": 0
  },
  {
    "id": "d57f121b-5c35-4d8e-81e7-b8364940dd18",
    "data": [
      {
        "text": "me mediquei",
        "meta": "@DrugsTakenResponsePositive",
        "alias": "drugsTakenResponse",
        "userDefined": false
      }
    ],
    "isTemplate": false,
    "count": 0,
    "lang": "pt-br",
    "updated": 0
  },
  {
    "id": "1a0db7a9-fc34-4e5a-beee-22d433bc96f3",
    "data": [
      {
        "text": "bora",
        "meta": "@PreDiagnosticResponsePositive",
        "alias": "preDiagnosticResponse",
        "userDefined": false
      }
    ],
    "isTemplate": false,
    "count": 0,
    "lang": "pt-br",
    "updated": 0
  },
  {
    "id": "e9f0af81-8f80-4d96-9036-0fcaf8ad7560",
    "data": [
      {
        "text": "quero ",
        "userDefined": false
      },
      {
        "text": "continuar",
        "meta": "@PreDiagnosticResponsePositive",
        "alias": "preDiagnosticResponse",
        "userDefined": true
      }
    ],
    "isTemplate": false,
    "count": 0,
    "lang": "pt-br",
    "updated": 0
  },
  {
    "id": "9b9d6a4a-485f-4734-99f9-6877ed1a1df3",
    "data": [
      {
        "text": "Usei medicamentos",
        "meta": "@DrugsTakenResponsePositive",
        "alias": "drugsTakenResponse",
        "userDefined": true
      }
    ],
    "isTemplate": false,
    "count": 1,
    "lang": "pt-br",
    "updated": 0
  },
  {
    "id": "168d2528-600d-4386-9a2b-874ad7927689",
    "data": [
      {
        "text": "Tive febre",
        "meta": "@FeverResponsePositive",
        "alias": "feverResponse",
        "userDefined": true
      }
    ],
    "isTemplate": false,
    "count": 0,
    "lang": "pt-br",
    "updated": 0
  },
  {
    "id": "64d6d454-12e6-4ba6-8554-91b9fd53aa72",
    "data": [
      {
        "text": "Sim",
        "meta": "@BooleanResponse",
        "alias": "booleanResponse",
        "userDefined": true
      }
    ],
    "isTemplate": false,
    "count": 0,
    "lang": "pt-br",
    "updated": 0
  }
]