[
  {
    "id": "daf48d6a-41f9-4f05-9523-ed5051e4a2ed",
    "data": [
      {
        "text": "nao obrigado",
        "userDefined": false
      }
    ],
    "isTemplate": false,
    "count": 0,
    "lang": "pt-br",
    "updated": 0
  },
  {
    "id": "6d0eec5f-5a97-4e90-b5f4-0d18d5350487",
    "data": [
      {
        "text": "nao",
        "userDefined": false
      }
    ],
    "isTemplate": false,
    "count": 0,
    "lang": "pt-br",
    "updated": 0
  },
  {
    "id": "bf4fb0bc-a5b6-48bb-8a17-aecabea0a49f",
    "data": [
      {
        "text": "fico agradecido",
        "userDefined": false
      }
    ],
    "isTemplate": false,
    "count": 0,
    "lang": "pt-br",
    "updated": 0
  },
  {
    "id": "04a897da-53e3-4d43-abe7-212610328fa3",
    "data": [
      {
        "text": "até logo",
        "userDefined": false
      }
    ],
    "isTemplate": false,
    "count": 0,
    "lang": "pt-br",
    "updated": 0
  },
  {
    "id": "5b38182b-1ee4-44f3-b034-fec65f9fa3ae",
    "data": [
      {
        "text": "até breve",
        "userDefined": false
      }
    ],
    "isTemplate": false,
    "count": 0,
    "lang": "pt-br",
    "updated": 0
  },
  {
    "id": "83eca2d0-ba9d-4e0f-a73c-20f4bf589f66",
    "data": [
      {
        "text": "somente",
        "userDefined": false
      }
    ],
    "isTemplate": false,
    "count": 0,
    "lang": "pt-br",
    "updated": 0
  },
  {
    "id": "1cd126f1-3337-42fe-9329-55aba8b96a3c",
    "data": [
      {
        "text": "adeus",
        "userDefined": false
      }
    ],
    "isTemplate": false,
    "count": 0,
    "lang": "pt-br",
    "updated": 0
  },
  {
    "id": "5ea4b2fd-cb48-44bf-8cf2-c8d3fff7201d",
    "data": [
      {
        "text": "muito obrigada",
        "userDefined": false
      }
    ],
    "isTemplate": false,
    "count": 0,
    "lang": "pt-br",
    "updated": 0
  },
  {
    "id": "22cb8f21-c5a8-430c-80a7-77d53583740f",
    "data": [
      {
        "text": "obrigada",
        "userDefined": false
      }
    ],
    "isTemplate": false,
    "count": 0,
    "lang": "pt-br",
    "updated": 0
  },
  {
    "id": "54c00599-e9a5-436a-90e0-c2a91d284642",
    "data": [
      {
        "text": "valeu",
        "userDefined": false
      }
    ],
    "isTemplate": false,
    "count": 0,
    "lang": "pt-br",
    "updated": 0
  },
  {
    "id": "61853cea-06f7-4346-a7d0-82071c2e32e7",
    "data": [
      {
        "text": "falou",
        "userDefined": false
      }
    ],
    "isTemplate": false,
    "count": 0,
    "lang": "pt-br",
    "updated": 0
  },
  {
    "id": "eb2f5d83-086d-4af0-aeca-f187eaf9f777",
    "data": [
      {
        "text": "tchau",
        "userDefined": false
      }
    ],
    "isTemplate": false,
    "count": 0,
    "lang": "pt-br",
    "updated": 0
  },
  {
    "id": "d2e8976b-ea34-4d7a-8be0-a45821ed7aad",
    "data": [
      {
        "text": "até mais",
        "userDefined": false
      }
    ],
    "isTemplate": false,
    "count": 0,
    "lang": "pt-br",
    "updated": 0
  },
  {
    "id": "918f4d2c-d7c6-49d8-8e91-ea3ee411c21c",
    "data": [
      {
        "text": "agradeço",
        "userDefined": false
      }
    ],
    "isTemplate": false,
    "count": 0,
    "lang": "pt-br",
    "updated": 0
  },
  {
    "id": "f94041ab-3c8c-48ca-b5a4-1355ab9c5ad2",
    "data": [
      {
        "text": "somente isso",
        "userDefined": false
      }
    ],
    "isTemplate": false,
    "count": 0,
    "lang": "pt-br",
    "updated": 0
  },
  {
    "id": "b7f086ae-13f2-4e4e-9954-2c4dfa1acf82",
    "data": [
      {
        "text": "obrigado",
        "userDefined": false
      }
    ],
    "isTemplate": false,
    "count": 0,
    "lang": "pt-br",
    "updated": 0
  }
]