[
  {
    "id": "5de36bd5-d6fd-4681-adda-6807cb39feba",
    "data": [
      {
        "text": "premiere",
        "meta": "@softwareProblem",
        "alias": "softwareProblem",
        "userDefined": false
      },
      {
        "text": " travou",
        "userDefined": false
      }
    ],
    "isTemplate": false,
    "count": 0,
    "lang": "pt-br",
    "updated": 0
  },
  {
    "id": "e11be079-4a88-4365-b688-97d3c5852561",
    "data": [
      {
        "text": "avast",
        "meta": "@softwareProblem",
        "alias": "softwareProblem",
        "userDefined": false
      }
    ],
    "isTemplate": false,
    "count": 0,
    "lang": "pt-br",
    "updated": 0
  },
  {
    "id": "e1ff84a5-aac7-44e6-8a66-7e31a9602a98",
    "data": [
      {
        "text": "outlook",
        "meta": "@softwareProblem",
        "alias": "softwareProblem",
        "userDefined": false
      },
      {
        "text": " está travando",
        "userDefined": false
      }
    ],
    "isTemplate": false,
    "count": 0,
    "lang": "pt-br",
    "updated": 0
  },
  {
    "id": "d179cfa4-e9c9-4a3f-84e9-8a6834e2b1b2",
    "data": [
      {
        "text": "vpn",
        "meta": "@softwareProblem",
        "alias": "softwareProblem",
        "userDefined": false
      },
      {
        "text": " com lentidão",
        "userDefined": false
      }
    ],
    "isTemplate": false,
    "count": 0,
    "lang": "pt-br",
    "updated": 0
  },
  {
    "id": "c93b123b-aef2-48bb-ae81-1abe19c9cf69",
    "data": [
      {
        "text": "meu ",
        "userDefined": false
      },
      {
        "text": "vpn",
        "meta": "@softwareProblem",
        "alias": "softwareProblem",
        "userDefined": false
      },
      {
        "text": " está lento",
        "userDefined": false
      }
    ],
    "isTemplate": false,
    "count": 0,
    "lang": "pt-br",
    "updated": 0
  },
  {
    "id": "01b68a0c-1290-4fcd-94cb-02bff0020551",
    "data": [
      {
        "text": "meu google ",
        "userDefined": false
      },
      {
        "text": "chrome",
        "meta": "@softwareProblem",
        "alias": "softwareProblem",
        "userDefined": false
      },
      {
        "text": " está lento",
        "userDefined": false
      }
    ],
    "isTemplate": false,
    "count": 0,
    "lang": "pt-br",
    "updated": 0
  },
  {
    "id": "8e574a42-12f2-40e3-ae89-11a1a3d75b71",
    "data": [
      {
        "text": "photoshop",
        "meta": "@softwareProblem",
        "alias": "softwareProblem",
        "userDefined": false
      },
      {
        "text": " não está instalado",
        "userDefined": false
      }
    ],
    "isTemplate": false,
    "count": 0,
    "lang": "pt-br",
    "updated": 0
  },
  {
    "id": "d251bb6e-32e7-460b-9288-c8c4f47246c5",
    "data": [
      {
        "text": "não estou conseguindo acessar o meu ",
        "userDefined": false
      },
      {
        "text": "navegador",
        "meta": "@softwareProblem",
        "alias": "softwareProblem",
        "userDefined": false
      }
    ],
    "isTemplate": false,
    "count": 0,
    "lang": "pt-br",
    "updated": 0
  },
  {
    "id": "5b4ae1c3-c117-4b2f-97e6-441b2fe2b634",
    "data": [
      {
        "text": "não consigo acessar o ",
        "userDefined": false
      },
      {
        "text": "office",
        "meta": "@softwareProblem",
        "alias": "softwareProblem",
        "userDefined": false
      }
    ],
    "isTemplate": false,
    "count": 0,
    "lang": "pt-br",
    "updated": 0
  },
  {
    "id": "65aa9fce-157d-4592-91aa-4cf38c70b78e",
    "data": [
      {
        "text": "meu ",
        "userDefined": false
      },
      {
        "text": "antivirus",
        "meta": "@softwareProblem",
        "alias": "softwareProblem",
        "userDefined": true
      },
      {
        "text": " está desativado",
        "userDefined": false
      }
    ],
    "isTemplate": false,
    "count": 0,
    "lang": "pt-br",
    "updated": 0
  }
]