[
  {
    "id": "5f5cb892-b897-4227-80b9-61aba24f552e",
    "data": [
      {
        "text": "confirma",
        "userDefined": false
      }
    ],
    "isTemplate": false,
    "count": 0,
    "lang": "pt-br",
    "updated": 0
  },
  {
    "id": "ec604df3-3cf1-4dee-96a0-1fd321a6e7d1",
    "data": [
      {
        "text": "estou",
        "userDefined": false
      }
    ],
    "isTemplate": false,
    "count": 0,
    "lang": "pt-br",
    "updated": 0
  },
  {
    "id": "89fc77d7-8adb-4352-86f6-aeac74a584f9",
    "data": [
      {
        "text": "to",
        "userDefined": false
      }
    ],
    "isTemplate": false,
    "count": 0,
    "lang": "pt-br",
    "updated": 0
  },
  {
    "id": "c3ba8c89-dc02-4f10-95d6-bf8ee1b901fd",
    "data": [
      {
        "text": "é",
        "userDefined": false
      }
    ],
    "isTemplate": false,
    "count": 0,
    "lang": "pt-br",
    "updated": 0
  },
  {
    "id": "bc4f236c-6453-411d-aa96-e303ac02ec6a",
    "data": [
      {
        "text": "claro",
        "userDefined": false
      }
    ],
    "isTemplate": false,
    "count": 0,
    "lang": "pt-br",
    "updated": 0
  },
  {
    "id": "72f1379c-26a3-47e8-838a-0efd39be0812",
    "data": [
      {
        "text": "sim sim",
        "userDefined": false
      }
    ],
    "isTemplate": false,
    "count": 0,
    "lang": "pt-br",
    "updated": 0
  },
  {
    "id": "1b7f6ca7-557a-468b-aeda-2aaf3a70953d",
    "data": [
      {
        "text": "correto",
        "userDefined": false
      }
    ],
    "isTemplate": false,
    "count": 0,
    "lang": "pt-br",
    "updated": 0
  },
  {
    "id": "c077344f-b18e-4628-b853-ddcb56448929",
    "data": [
      {
        "text": "sim",
        "userDefined": false
      }
    ],
    "isTemplate": false,
    "count": 0,
    "lang": "pt-br",
    "updated": 0
  },
  {
    "id": "fa5fdf86-81a9-4a6a-9fd2-4bd87141c514",
    "data": [
      {
        "text": "positivo",
        "userDefined": false
      }
    ],
    "isTemplate": false,
    "count": 0,
    "lang": "pt-br",
    "updated": 0
  },
  {
    "id": "e504c447-579f-44af-bd8e-94cce7a4f7d5",
    "data": [
      {
        "text": "afirmativo",
        "userDefined": false
      }
    ],
    "isTemplate": false,
    "count": 0,
    "lang": "pt-br",
    "updated": 0
  },
  {
    "id": "d132db39-fca0-4ee0-96c4-50e195062ee5",
    "data": [
      {
        "text": "certo",
        "userDefined": false
      }
    ],
    "isTemplate": false,
    "count": 0,
    "lang": "pt-br",
    "updated": 0
  },
  {
    "id": "da1420d4-e623-4b40-a233-fb6698b6b826",
    "data": [
      {
        "text": "isso",
        "userDefined": false
      }
    ],
    "isTemplate": false,
    "count": 0,
    "lang": "pt-br",
    "updated": 0
  }
]