[
  {
    "id": "5f97cc42-e4ba-4852-b0b8-c6dd2c3a9f0e",
    "data": [
      {
        "text": "nao consigo identificar meu problema",
        "userDefined": false
      }
    ],
    "isTemplate": false,
    "count": 0,
    "lang": "pt-br",
    "updated": 0
  },
  {
    "id": "41420eb8-1cab-4813-9526-f78e198ddd02",
    "data": [
      {
        "text": "Não sei meu problema",
        "userDefined": false
      }
    ],
    "isTemplate": false,
    "count": 0,
    "lang": "pt-br",
    "updated": 0
  },
  {
    "id": "31a9ed9a-dd83-4421-a8a4-07c11665b7e0",
    "data": [
      {
        "text": "quem é você",
        "userDefined": false
      }
    ],
    "isTemplate": false,
    "count": 0,
    "lang": "pt-br",
    "updated": 0
  },
  {
    "id": "d6a3eb19-6998-477a-90e0-a9922d623bdc",
    "data": [
      {
        "text": "como uso",
        "userDefined": false
      }
    ],
    "isTemplate": false,
    "count": 0,
    "lang": "pt-br",
    "updated": 0
  },
  {
    "id": "9df2abcd-4bbe-43e9-aa55-9149e4903334",
    "data": [
      {
        "text": "como usar",
        "userDefined": false
      }
    ],
    "isTemplate": false,
    "count": 0,
    "lang": "pt-br",
    "updated": 0
  },
  {
    "id": "dd260eaf-68a2-426b-922c-44dc78f25660",
    "data": [
      {
        "text": "o que fazer",
        "userDefined": false
      }
    ],
    "isTemplate": false,
    "count": 0,
    "lang": "pt-br",
    "updated": 0
  },
  {
    "id": "10480d7a-4959-4d7f-af51-6a9c8c7fc384",
    "data": [
      {
        "text": "o que faço",
        "userDefined": false
      }
    ],
    "isTemplate": false,
    "count": 0,
    "lang": "pt-br",
    "updated": 0
  },
  {
    "id": "1e18861b-bd3a-47ee-9dc3-305c5ba3724c",
    "data": [
      {
        "text": "não estou entendendo",
        "userDefined": false
      }
    ],
    "isTemplate": false,
    "count": 0,
    "lang": "pt-br",
    "updated": 0
  },
  {
    "id": "488b6749-1dec-4d18-b5f5-864aa4ad23c5",
    "data": [
      {
        "text": "não entendi",
        "userDefined": false
      }
    ],
    "isTemplate": false,
    "count": 0,
    "lang": "pt-br",
    "updated": 0
  },
  {
    "id": "cc7cd5d7-c379-44e4-9a43-1e856ca26620",
    "data": [
      {
        "text": "estou com dificuldade",
        "userDefined": false
      }
    ],
    "isTemplate": false,
    "count": 0,
    "lang": "pt-br",
    "updated": 0
  },
  {
    "id": "c7b6feba-1fbb-48c0-9a24-8b0c247a9b3a",
    "data": [
      {
        "text": "não consegui",
        "userDefined": false
      }
    ],
    "isTemplate": false,
    "count": 0,
    "lang": "pt-br",
    "updated": 0
  },
  {
    "id": "fac9f834-1edd-4d65-9afd-6aa0e192b3d7",
    "data": [
      {
        "text": "não estou conseguindo",
        "userDefined": false
      }
    ],
    "isTemplate": false,
    "count": 0,
    "lang": "pt-br",
    "updated": 0
  },
  {
    "id": "e1e1feb1-87bb-45fd-a85a-ec028baa386e",
    "data": [
      {
        "text": "socorro",
        "userDefined": false
      }
    ],
    "isTemplate": false,
    "count": 0,
    "lang": "pt-br",
    "updated": 0
  },
  {
    "id": "36863414-9b60-4562-ba76-6dd79aaf4431",
    "data": [
      {
        "text": "me ajude",
        "userDefined": false
      }
    ],
    "isTemplate": false,
    "count": 0,
    "lang": "pt-br",
    "updated": 0
  },
  {
    "id": "3f33f3ca-0c65-4654-9ece-d5b7b5c31a67",
    "data": [
      {
        "text": "me auxilie",
        "userDefined": false
      }
    ],
    "isTemplate": false,
    "count": 0,
    "lang": "pt-br",
    "updated": 0
  },
  {
    "id": "f9879b87-398e-4245-9f99-7fa827c54f05",
    "data": [
      {
        "text": "pode me auxiliar",
        "userDefined": false
      }
    ],
    "isTemplate": false,
    "count": 0,
    "lang": "pt-br",
    "updated": 0
  },
  {
    "id": "a89236ea-1d2b-4218-a1a9-2d332e26113e",
    "data": [
      {
        "text": "quero ajuda",
        "userDefined": false
      }
    ],
    "isTemplate": false,
    "count": 0,
    "lang": "pt-br",
    "updated": 0
  },
  {
    "id": "fcea74cd-ccd4-4bd8-bab2-dc33810c617e",
    "data": [
      {
        "text": "pode me ajudar",
        "userDefined": false
      }
    ],
    "isTemplate": false,
    "count": 0,
    "lang": "pt-br",
    "updated": 0
  },
  {
    "id": "7bf91397-ad33-497e-83a3-879a00fbd40d",
    "data": [
      {
        "text": "preciso de ajuda",
        "userDefined": false
      }
    ],
    "isTemplate": false,
    "count": 0,
    "lang": "pt-br",
    "updated": 0
  },
  {
    "id": "d206e3ec-5aee-4b70-a60a-2fb30993eb1b",
    "data": [
      {
        "text": "ajuda",
        "userDefined": false
      }
    ],
    "isTemplate": false,
    "count": 0,
    "lang": "pt-br",
    "updated": 0
  }
]