[
  {
    "id": "daa156e2-481f-4277-a765-19ce77c18aa1",
    "data": [
      {
        "text": "pode ser ",
        "userDefined": false
      },
      {
        "text": "carlos",
        "meta": "@sys.given-name",
        "alias": "given-name",
        "userDefined": false
      }
    ],
    "isTemplate": false,
    "count": 0,
    "lang": "pt-br",
    "updated": 0
  },
  {
    "id": "420461d4-9baf-4f8e-982c-981d958d69f1",
    "data": [
      {
        "text": "sou o ",
        "userDefined": false
      },
      {
        "text": "carlos",
        "meta": "@sys.given-name",
        "alias": "given-name",
        "userDefined": false
      }
    ],
    "isTemplate": false,
    "count": 0,
    "lang": "pt-br",
    "updated": 0
  },
  {
    "id": "d293f1bd-6e75-4cd5-8564-ae5883dcb6f5",
    "data": [
      {
        "text": "me chamo ",
        "userDefined": false
      },
      {
        "text": "João",
        "meta": "@sys.given-name",
        "alias": "given-name",
        "userDefined": false
      }
    ],
    "isTemplate": false,
    "count": 0,
    "lang": "pt-br",
    "updated": 0
  },
  {
    "id": "9c34c895-6f43-4b84-ab73-c38a6b658753",
    "data": [
      {
        "text": "me chame de ",
        "userDefined": false
      },
      {
        "text": "joão",
        "meta": "@sys.given-name",
        "alias": "given-name",
        "userDefined": false
      }
    ],
    "isTemplate": false,
    "count": 0,
    "lang": "pt-br",
    "updated": 0
  },
  {
    "id": "6695552e-429a-41c8-9526-2b2fd562f122",
    "data": [
      {
        "text": "carlos",
        "meta": "@sys.given-name",
        "alias": "given-name",
        "userDefined": false
      }
    ],
    "isTemplate": false,
    "count": 0,
    "lang": "pt-br",
    "updated": 0
  },
  {
    "id": "dc27f0d3-b38d-4105-84c3-218701682967",
    "data": [
      {
        "text": "pode me chamar de ",
        "userDefined": false
      },
      {
        "text": "carlos",
        "meta": "@sys.given-name",
        "alias": "given-name",
        "userDefined": false
      }
    ],
    "isTemplate": false,
    "count": 0,
    "lang": "pt-br",
    "updated": 0
  },
  {
    "id": "09cd71fc-017d-48c2-aeb0-de150328cf74",
    "data": [
      {
        "text": "meu nome é ",
        "userDefined": false
      },
      {
        "text": "Carlos",
        "meta": "@sys.given-name",
        "alias": "given-name",
        "userDefined": false
      }
    ],
    "isTemplate": false,
    "count": 0,
    "lang": "pt-br",
    "updated": 0
  }
]