[
  {
    "id": "324f325a-3a41-4178-b67a-bc1622e6b384",
    "data": [
      {
        "text": "nome",
        "userDefined": false
      }
    ],
    "isTemplate": false,
    "count": 0,
    "lang": "pt-br",
    "updated": 0
  },
  {
    "id": "a18cac3e-9f0f-48bf-a22b-c6dd0f2321f5",
    "data": [
      {
        "text": "adicionar nome",
        "userDefined": false
      }
    ],
    "isTemplate": false,
    "count": 0,
    "lang": "pt-br",
    "updated": 0
  },
  {
    "id": "5261f6d0-3803-44ce-ae44-8f99b7a7241e",
    "data": [
      {
        "text": "adicionar apelido",
        "userDefined": false
      }
    ],
    "isTemplate": false,
    "count": 0,
    "lang": "pt-br",
    "updated": 0
  },
  {
    "id": "ff6d4f15-3809-426a-b498-335a122b687a",
    "data": [
      {
        "text": "cadastrar",
        "userDefined": false
      }
    ],
    "isTemplate": false,
    "count": 0,
    "lang": "pt-br",
    "updated": 0
  },
  {
    "id": "e330e637-fb7c-4541-88e4-3735947ffa05",
    "data": [
      {
        "text": "apelido",
        "userDefined": false
      }
    ],
    "isTemplate": false,
    "count": 0,
    "lang": "pt-br",
    "updated": 0
  },
  {
    "id": "c867a794-5233-485d-b96a-e92b61b6b283",
    "data": [
      {
        "text": "nomear",
        "userDefined": false
      }
    ],
    "isTemplate": false,
    "count": 0,
    "lang": "pt-br",
    "updated": 0
  },
  {
    "id": "9f1fba0b-d9de-4226-bed0-c25962408fb9",
    "data": [
      {
        "text": "cadastro",
        "userDefined": false
      }
    ],
    "isTemplate": false,
    "count": 0,
    "lang": "pt-br",
    "updated": 0
  },
  {
    "id": "5fec245d-eee8-457c-b1fd-f8a7e16c148f",
    "data": [
      {
        "text": "meu nome",
        "userDefined": false
      }
    ],
    "isTemplate": false,
    "count": 0,
    "lang": "pt-br",
    "updated": 0
  }
]