[
  {
    "id": "4a2fe5df-2147-4d6e-a08a-9776965000a9",
    "data": [
      {
        "text": "Começar",
        "userDefined": false
      }
    ],
    "isTemplate": false,
    "count": 0,
    "lang": "pt-br",
    "updated": 0
  },
  {
    "id": "3d4f2e3e-de01-4ac2-a82a-880d7c69a437",
    "data": [
      {
        "text": "Iniciar",
        "userDefined": false
      }
    ],
    "isTemplate": false,
    "count": 0,
    "lang": "pt-br",
    "updated": 0
  },
  {
    "id": "189f2865-4504-4f5c-8cfc-6e467dfaf419",
    "data": [
      {
        "text": "o que ",
        "userDefined": false
      },
      {
        "text": "devo",
        "userDefined": false
      },
      {
        "text": " fazer?",
        "userDefined": false
      }
    ],
    "isTemplate": false,
    "count": 0,
    "lang": "pt-br",
    "updated": 0
  },
  {
    "id": "1e9886ca-5bdf-4c61-9adf-761fc8500256",
    "data": [
      {
        "text": "como utilizar o sistema",
        "userDefined": false
      }
    ],
    "isTemplate": false,
    "count": 0,
    "lang": "pt-br",
    "updated": 0
  },
  {
    "id": "779f3b30-f4d0-4fa3-bd60-59a6df75a4c6",
    "data": [
      {
        "text": "o que eu posso fazer aqui?",
        "userDefined": false
      }
    ],
    "isTemplate": false,
    "count": 0,
    "lang": "pt-br",
    "updated": 0
  },
  {
    "id": "9d104b38-e063-4d13-85a6-5e6e1400cc46",
    "data": [
      {
        "text": "como ",
        "userDefined": false
      },
      {
        "text": "mexer",
        "userDefined": false
      },
      {
        "text": " ?",
        "userDefined": false
      }
    ],
    "isTemplate": false,
    "count": 0,
    "lang": "pt-br",
    "updated": 0
  },
  {
    "id": "352507be-876c-4b25-9f9d-b868b0c41920",
    "data": [
      {
        "text": "como que faço?",
        "userDefined": false
      }
    ],
    "isTemplate": false,
    "count": 0,
    "lang": "pt-br",
    "updated": 0
  },
  {
    "id": "d4b8298b-8d01-4a17-a137-e1255646ec25",
    "data": [
      {
        "text": "como que eu uso?",
        "userDefined": false
      }
    ],
    "isTemplate": false,
    "count": 0,
    "lang": "pt-br",
    "updated": 0
  },
  {
    "id": "a84eecc8-70c8-41f3-8d97-04de922d08d8",
    "data": [
      {
        "text": "help",
        "userDefined": false
      }
    ],
    "isTemplate": false,
    "count": 0,
    "lang": "pt-br",
    "updated": 0
  },
  {
    "id": "4f8fe44c-8596-403d-bd3f-2aa7adf492af",
    "data": [
      {
        "text": "ayudame",
        "userDefined": false
      }
    ],
    "isTemplate": false,
    "count": 0,
    "lang": "pt-br",
    "updated": 0
  },
  {
    "id": "5def5c59-46c9-47a2-9e81-fb3ff8d84d03",
    "data": [
      {
        "text": "ajudar-me",
        "userDefined": false
      }
    ],
    "isTemplate": false,
    "count": 0,
    "lang": "pt-br",
    "updated": 0
  },
  {
    "id": "3f7ae278-de6d-4405-93f2-e5f522fd43d0",
    "data": [
      {
        "text": "quero que me ajude",
        "userDefined": false
      }
    ],
    "isTemplate": false,
    "count": 0,
    "lang": "pt-br",
    "updated": 0
  },
  {
    "id": "613bfd4e-aa05-40c1-8e59-b28dc83ce821",
    "data": [
      {
        "text": "Por",
        "userDefined": false
      },
      {
        "text": " favor pode me ajudar?",
        "userDefined": false
      }
    ],
    "isTemplate": false,
    "count": 0,
    "lang": "pt-br",
    "updated": 0
  },
  {
    "id": "d9b22e82-9c85-4163-8fad-0c99c7e73ef8",
    "data": [
      {
        "text": "me",
        "userDefined": false
      },
      {
        "text": " ajude",
        "userDefined": false
      }
    ],
    "isTemplate": false,
    "count": 0,
    "lang": "pt-br",
    "updated": 0
  },
  {
    "id": "edc29cca-cb8c-44d2-bce8-0560ff94ecfc",
    "data": [
      {
        "text": "Ajuda",
        "userDefined": false
      }
    ],
    "isTemplate": false,
    "count": 0,
    "lang": "pt-br",
    "updated": 0
  }
]