[
  {
    "id": "e41f8b77-378a-4027-a3be-c20f8404bdf5",
    "data": [
      {
        "text": "até mais ",
        "userDefined": false
      },
      {
        "text": "tarde",
        "userDefined": false
      }
    ],
    "isTemplate": false,
    "count": 0,
    "lang": "pt-br",
    "updated": 0
  },
  {
    "id": "331c2371-b90e-4d5d-95c6-4793a312ed78",
    "data": [
      {
        "text": "até daqui a poco",
        "userDefined": false
      }
    ],
    "isTemplate": false,
    "count": 0,
    "lang": "pt-br",
    "updated": 0
  },
  {
    "id": "43a7073d-1678-4275-aa4d-db81a8b91562",
    "data": [
      {
        "text": "Obrigado bot da previsão do tempo",
        "userDefined": false
      }
    ],
    "isTemplate": false,
    "count": 0,
    "lang": "pt-br",
    "updated": 0
  },
  {
    "id": "8daba068-16aa-4ef9-8998-892e5eb0134c",
    "data": [
      {
        "text": "obrigado ",
        "userDefined": false
      },
      {
        "text": "por",
        "userDefined": false
      },
      {
        "text": " me mostrar a previsão do tempo",
        "userDefined": false
      }
    ],
    "isTemplate": false,
    "count": 0,
    "lang": "pt-br",
    "updated": 0
  },
  {
    "id": "7d43b2ef-8c1f-434f-82aa-f11f56dd1f1a",
    "data": [
      {
        "text": "vlw flw",
        "userDefined": false
      }
    ],
    "isTemplate": false,
    "count": 0,
    "lang": "pt-br",
    "updated": 0
  },
  {
    "id": "823680b9-3bca-444b-81e3-52e78f319875",
    "data": [
      {
        "text": "bye",
        "userDefined": false
      }
    ],
    "isTemplate": false,
    "count": 0,
    "lang": "pt-br",
    "updated": 0
  },
  {
    "id": "ac3d854f-a4e5-44bb-9ee8-cc2cb8064f2d",
    "data": [
      {
        "text": "bye bye",
        "userDefined": false
      }
    ],
    "isTemplate": false,
    "count": 0,
    "lang": "pt-br",
    "updated": 0
  },
  {
    "id": "9bd0a07f-b8e5-4cc7-9265-978953798365",
    "data": [
      {
        "text": "Obrigado, até mais",
        "userDefined": false
      }
    ],
    "isTemplate": false,
    "count": 0,
    "lang": "pt-br",
    "updated": 0
  },
  {
    "id": "d42c6dab-10fb-42c6-b333-9bf7658b70b4",
    "data": [
      {
        "text": "Tchau",
        "userDefined": false
      }
    ],
    "isTemplate": false,
    "count": 0,
    "lang": "pt-br",
    "updated": 0
  },
  {
    "id": "e63112ed-9a1d-43b7-a15b-324df0c86c05",
    "data": [
      {
        "text": "Até logo",
        "userDefined": false
      }
    ],
    "isTemplate": false,
    "count": 0,
    "lang": "pt-br",
    "updated": 0
  },
  {
    "id": "cfffd6e6-3827-47a7-8d10-1c44c9cd0a0c",
    "data": [
      {
        "text": "Até mais",
        "userDefined": false
      }
    ],
    "isTemplate": false,
    "count": 0,
    "lang": "pt-br",
    "updated": 0
  }
]