[
  {
    "id": "777b84a9-dd73-4804-bfe5-fd4d7b9fb7c1",
    "data": [
      {
        "text": "Você é o bot",
        "userDefined": false
      }
    ],
    "isTemplate": false,
    "count": 0,
    "lang": "pt-br",
    "updated": 0
  },
  {
    "id": "352527d4-4868-4f28-891d-a1d2c400fad5",
    "data": [
      {
        "text": "Você é o cara",
        "userDefined": false
      }
    ],
    "isTemplate": false,
    "count": 0,
    "lang": "pt-br",
    "updated": 0
  },
  {
    "id": "594ef4f4-ae2d-487a-90ce-2b6acb94b664",
    "data": [
      {
        "text": "Muito obrigado ",
        "userDefined": false
      },
      {
        "text": "amigo",
        "userDefined": false
      }
    ],
    "isTemplate": false,
    "count": 0,
    "lang": "pt-br",
    "updated": 0
  },
  {
    "id": "7f9732d3-73c6-414f-991d-fb9f89b691b0",
    "data": [
      {
        "text": "Obrigado pela previsão",
        "userDefined": false
      }
    ],
    "isTemplate": false,
    "count": 0,
    "lang": "pt-br",
    "updated": 0
  },
  {
    "id": "5d2cb0d8-0387-4758-a8c3-ac016e083636",
    "data": [
      {
        "text": "Grato pela informação",
        "userDefined": false
      }
    ],
    "isTemplate": false,
    "count": 0,
    "lang": "pt-br",
    "updated": 0
  },
  {
    "id": "5b563344-4840-4d41-bd1b-949fa207a920",
    "data": [
      {
        "text": "Flw",
        "userDefined": false
      }
    ],
    "isTemplate": false,
    "count": 0,
    "lang": "pt-br",
    "updated": 0
  },
  {
    "id": "bc9490e2-51ec-44ba-a200-5e1a581ff697",
    "data": [
      {
        "text": "Falou",
        "userDefined": false
      }
    ],
    "isTemplate": false,
    "count": 0,
    "lang": "pt-br",
    "updated": 0
  },
  {
    "id": "ee2c26cd-a5c9-4a2e-94ff-3aecc0841c79",
    "data": [
      {
        "text": "Vlw",
        "userDefined": false
      }
    ],
    "isTemplate": false,
    "count": 0,
    "lang": "pt-br",
    "updated": 0
  },
  {
    "id": "f37c1424-385b-4a50-8fab-32ccb3b3a7d7",
    "data": [
      {
        "text": "Agradecido",
        "userDefined": false
      }
    ],
    "isTemplate": false,
    "count": 0,
    "lang": "pt-br",
    "updated": 0
  },
  {
    "id": "4eea11e3-9944-48e8-a374-a19b0144e577",
    "data": [
      {
        "text": "Valeu",
        "userDefined": false
      }
    ],
    "isTemplate": false,
    "count": 0,
    "lang": "pt-br",
    "updated": 0
  },
  {
    "id": "f7ebeefb-a38c-46a7-94ee-9462bdf15149",
    "data": [
      {
        "text": "despedida",
        "userDefined": false
      }
    ],
    "isTemplate": false,
    "count": 0,
    "lang": "pt-br",
    "updated": 0
  },
  {
    "id": "eaa9bd9f-4001-4686-8140-ebc8497a9997",
    "data": [
      {
        "text": "Obrigado",
        "userDefined": false
      }
    ],
    "isTemplate": false,
    "count": 0,
    "lang": "pt-br",
    "updated": 0
  }
]