[
  {
    "value": "1",
    "synonyms": [
      "1",
      "um",
      "um sintoma"
    ]
  },
  {
    "value": "2",
    "synonyms": [
      "2",
      "dois",
      "dois sintomas"
    ]
  },
  {
    "value": "3",
    "synonyms": [
      "3",
      "três",
      "três sintomas"
    ]
  },
  {
    "value": "4",
    "synonyms": [
      "4",
      "quatro",
      "quatro sintomas",
      "mais de 3 sintomas",
      "muitos sintomas",
      "mais de três"
    ]
  },
  {
    "value": "5",
    "synonyms": [
      "5",
      "cinco",
      "cinco sintomas"
    ]
  },
  {
    "value": "6",
    "synonyms": [
      "6",
      "seis",
      "seis sintomas"
    ]
  },
  {
    "value": "7",
    "synonyms": [
      "7",
      "sete",
      "sete sintomas"
    ]
  },
  {
    "value": "8",
    "synonyms": [
      "8",
      "oito",
      "oito sintomas"
    ]
  }
]