[
  {
    "id": "f3d37d34-379a-46c0-b496-8c2b3bd7d3a1",
    "data": [
      {
        "text": "agora",
        "userDefined": false
      },
      {
        "text": " sim, eu conectei o cabo de rede",
        "userDefined": false
      }
    ],
    "isTemplate": false,
    "count": 1,
    "lang": "pt-br",
    "updated": 0
  },
  {
    "id": "05050e71-4965-40ed-aefb-43570a230af2",
    "data": [
      {
        "text": "pluguei o cabo do monitor",
        "userDefined": false
      }
    ],
    "isTemplate": false,
    "count": 0,
    "lang": "pt-br",
    "updated": 0
  },
  {
    "id": "d4559a71-d816-45d7-bb48-2ea276755d12",
    "data": [
      {
        "text": "conectei o mouse",
        "userDefined": false
      }
    ],
    "isTemplate": false,
    "count": 0,
    "lang": "pt-br",
    "updated": 0
  },
  {
    "id": "9a50feb1-afa5-45e8-854a-51fc0232ad08",
    "data": [
      {
        "text": "conectei o aparelho",
        "userDefined": false
      }
    ],
    "isTemplate": false,
    "count": 0,
    "lang": "pt-br",
    "updated": 0
  },
  {
    "id": "c6273bad-6f98-458b-bfce-773fe6226711",
    "data": [
      {
        "text": "falha minha, ",
        "userDefined": false
      },
      {
        "text": "agora",
        "userDefined": false
      },
      {
        "text": " tá tudo certo",
        "userDefined": false
      }
    ],
    "isTemplate": false,
    "count": 0,
    "lang": "pt-br",
    "updated": 0
  },
  {
    "id": "ad65e578-e5d6-4115-bb81-9890794aae90",
    "data": [
      {
        "text": "o cabo foi conectado de forma correta",
        "userDefined": false
      }
    ],
    "isTemplate": false,
    "count": 0,
    "lang": "pt-br",
    "updated": 0
  },
  {
    "id": "77ad463c-f59e-457b-ac09-941bb776f527",
    "data": [
      {
        "text": "acho que ",
        "userDefined": false
      },
      {
        "text": "agora",
        "userDefined": false
      },
      {
        "text": " vai funcionar, consegui conectar o cabo no dispositivo",
        "userDefined": false
      }
    ],
    "isTemplate": false,
    "count": 0,
    "lang": "pt-br",
    "updated": 0
  },
  {
    "id": "00100d2b-295d-4f1b-95ae-73b99edadb0f",
    "data": [
      {
        "text": "conectei o aparelho corretamente",
        "userDefined": false
      }
    ],
    "isTemplate": false,
    "count": 0,
    "lang": "pt-br",
    "updated": 0
  },
  {
    "id": "9e38cd29-8ca9-44ef-bddb-52bce002f8d7",
    "data": [
      {
        "text": "o cabo foi conectado ",
        "userDefined": false
      },
      {
        "text": "agora",
        "userDefined": false
      }
    ],
    "isTemplate": false,
    "count": 0,
    "lang": "pt-br",
    "updated": 0
  },
  {
    "id": "a5d38281-a7d4-40b0-9c97-13a09ff3b92d",
    "data": [
      {
        "text": "dei ",
        "userDefined": false
      },
      {
        "text": "uma",
        "userDefined": false
      },
      {
        "text": " olhada nos cabos e conetei",
        "userDefined": false
      }
    ],
    "isTemplate": false,
    "count": 0,
    "lang": "pt-br",
    "updated": 0
  },
  {
    "id": "faced89a-54b9-4ce5-9dc5-e968d6bddbac",
    "data": [
      {
        "text": "verifiquei e conectei o cabo",
        "userDefined": false
      }
    ],
    "isTemplate": false,
    "count": 0,
    "lang": "pt-br",
    "updated": 0
  }
]