[
  {
    "id": "cb1e2607-5bee-4cdd-8bca-018bfd6f677a",
    "data": [
      {
        "text": "consegui resolver o problema aqui, ",
        "userDefined": false
      },
      {
        "text": "valeu",
        "userDefined": false
      }
    ],
    "isTemplate": false,
    "count": 0,
    "lang": "pt-br",
    "updated": 0
  },
  {
    "id": "a0f524b7-e9c1-421d-a57e-5420980cf2d5",
    "data": [
      {
        "text": "funcionou  tchau",
        "userDefined": false
      }
    ],
    "isTemplate": false,
    "count": 0,
    "lang": "pt-br",
    "updated": 0
  },
  {
    "id": "6d1781c7-7405-41c2-a973-9ab81f0398bd",
    "data": [
      {
        "text": "valeu",
        "userDefined": false
      },
      {
        "text": ", até mais",
        "userDefined": false
      }
    ],
    "isTemplate": false,
    "count": 0,
    "lang": "pt-br",
    "updated": 0
  },
  {
    "id": "d56f5131-0b18-46a5-bdc6-4d12c7f2b8de",
    "data": [
      {
        "text": "obrigado pela ajuda, preciso ir",
        "userDefined": false
      }
    ],
    "isTemplate": false,
    "count": 0,
    "lang": "pt-br",
    "updated": 0
  },
  {
    "id": "36eb2289-a7c4-4ea7-8376-635ea83bfa35",
    "data": [
      {
        "text": "preciso ir, tchau",
        "userDefined": false
      }
    ],
    "isTemplate": false,
    "count": 0,
    "lang": "pt-br",
    "updated": 0
  },
  {
    "id": "6ef6cfb7-dd7f-47b8-ae79-37a9d26b818a",
    "data": [
      {
        "text": "até a próxima",
        "userDefined": false
      }
    ],
    "isTemplate": false,
    "count": 0,
    "lang": "pt-br",
    "updated": 0
  },
  {
    "id": "36188952-38b1-4320-adde-8f7a8e460e45",
    "data": [
      {
        "text": "tchau",
        "userDefined": false
      }
    ],
    "isTemplate": false,
    "count": 0,
    "lang": "pt-br",
    "updated": 0
  },
  {
    "id": "3c97a92a-e9b4-4908-a8e0-bb4d14a83f85",
    "data": [
      {
        "text": "vou nessa",
        "userDefined": false
      }
    ],
    "isTemplate": false,
    "count": 0,
    "lang": "pt-br",
    "updated": 0
  },
  {
    "id": "4d9360b5-b0c1-4853-ad47-a6a82b7af794",
    "data": [
      {
        "text": "obrigado, mas já vou indo",
        "userDefined": false
      }
    ],
    "isTemplate": false,
    "count": 1,
    "lang": "pt-br",
    "updated": 0
  },
  {
    "id": "ee9b0931-ba06-4a9a-bd91-4b20aab25fc5",
    "data": [
      {
        "text": "até mais",
        "userDefined": false
      }
    ],
    "isTemplate": false,
    "count": 0,
    "lang": "pt-br",
    "updated": 0
  }
]