[
  {
    "id": "0e63536c-de5c-4a25-a54b-e40f70bd7d0c",
    "data": [
      {
        "text": "está do jeito que eu deixei",
        "userDefined": false
      }
    ],
    "isTemplate": false,
    "count": 0,
    "lang": "pt-br",
    "updated": 0
  },
  {
    "id": "b4490a88-74fd-4f95-b644-650556fdeab1",
    "data": [
      {
        "text": "está na tomada e ligado",
        "userDefined": false
      }
    ],
    "isTemplate": false,
    "count": 0,
    "lang": "pt-br",
    "updated": 0
  },
  {
    "id": "e1105ae9-2ad2-4893-bc63-22bb91c6803a",
    "data": [
      {
        "text": "tá plugado na tomada",
        "userDefined": false
      }
    ],
    "isTemplate": false,
    "count": 0,
    "lang": "pt-br",
    "updated": 0
  },
  {
    "id": "31a7e2e5-323a-4b23-bc0d-153502f86a79",
    "data": [
      {
        "text": "não vi nenhum cabo desconectado",
        "userDefined": false
      }
    ],
    "isTemplate": false,
    "count": 0,
    "lang": "pt-br",
    "updated": 0
  },
  {
    "id": "eda03701-6f13-4f05-bed7-4abe250035cb",
    "data": [
      {
        "text": "tá tudo certo com",
        "userDefined": false
      },
      {
        "text": " os cabos",
        "userDefined": false
      }
    ],
    "isTemplate": false,
    "count": 0,
    "lang": "pt-br",
    "updated": 0
  },
  {
    "id": "9a54ac98-0549-46e5-842e-562319eb218f",
    "data": [
      {
        "text": "tá tudo ok com",
        "userDefined": false
      },
      {
        "text": " os cabos",
        "userDefined": false
      }
    ],
    "isTemplate": false,
    "count": 0,
    "lang": "pt-br",
    "updated": 0
  },
  {
    "id": "4693bfb4-78f7-4c66-99da-76cb6f5be0dc",
    "data": [
      {
        "text": "está sim, o mouse tá plugado direitinho",
        "userDefined": false
      }
    ],
    "isTemplate": false,
    "count": 0,
    "lang": "pt-br",
    "updated": 0
  },
  {
    "id": "5c303389-08eb-42f5-aeb7-439f8b22dd92",
    "data": [
      {
        "text": "sim, o dispositivo está conectado",
        "userDefined": false
      }
    ],
    "isTemplate": false,
    "count": 0,
    "lang": "pt-br",
    "updated": 0
  },
  {
    "id": "bf3303ee-3ae3-4e60-aaaa-729d84885142",
    "data": [
      {
        "text": "olhei aqui e tá tudo certo",
        "userDefined": false
      }
    ],
    "isTemplate": false,
    "count": 0,
    "lang": "pt-br",
    "updated": 0
  },
  {
    "id": "ee72f5f9-6ab5-4d83-a647-c49bed7da58d",
    "data": [
      {
        "text": "está conectado",
        "userDefined": false
      }
    ],
    "isTemplate": false,
    "count": 0,
    "lang": "pt-br",
    "updated": 0
  },
  {
    "id": "3b46c4c1-14b4-42bb-b7d5-38e7d2043d80",
    "data": [
      {
        "text": "confirmar",
        "userDefined": false
      }
    ],
    "isTemplate": false,
    "count": 3,
    "lang": "pt-br",
    "updated": 0
  },
  {
    "id": "9deec0c3-c469-4877-9f1b-901e88ae842f",
    "data": [
      {
        "text": "sim",
        "userDefined": false
      }
    ],
    "isTemplate": false,
    "count": 3,
    "lang": "pt-br",
    "updated": 0
  },
  {
    "id": "ee44902c-4d1e-41f7-942a-ea2932a587dd",
    "data": [
      {
        "text": "isso mesmo",
        "userDefined": false
      }
    ],
    "isTemplate": false,
    "count": 1,
    "lang": "pt-br",
    "updated": 0
  },
  {
    "id": "86f78960-fcbf-41b9-9270-96380099f21c",
    "data": [
      {
        "text": "com certeza",
        "userDefined": false
      }
    ],
    "isTemplate": false,
    "count": 0,
    "lang": "pt-br",
    "updated": 0
  }
]