[
  {
    "id": "184085fd-9c5c-4f73-88db-002f7cd7dbfe",
    "data": [
      {
        "text": "não sei",
        "userDefined": false
      }
    ],
    "isTemplate": false,
    "count": 0,
    "lang": "pt-br",
    "updated": 0
  },
  {
    "id": "4f564971-4707-441a-a7b1-d72153dd4353",
    "data": [
      {
        "text": "parece que o cabo está fora ",
        "userDefined": false
      },
      {
        "text": "da",
        "userDefined": false
      },
      {
        "text": " tomada",
        "userDefined": false
      }
    ],
    "isTemplate": false,
    "count": 0,
    "lang": "pt-br",
    "updated": 0
  },
  {
    "id": "06955f7e-5444-4463-a075-c7cdb975ee05",
    "data": [
      {
        "text": "dei ",
        "userDefined": false
      },
      {
        "text": "uma",
        "userDefined": false
      },
      {
        "text": " olhada aqui e ele não está conectado.",
        "userDefined": false
      }
    ],
    "isTemplate": false,
    "count": 0,
    "lang": "pt-br",
    "updated": 0
  },
  {
    "id": "47b31bc9-01f9-4b56-bf0a-776b5180a0ed",
    "data": [
      {
        "text": "está desconectado",
        "userDefined": false
      }
    ],
    "isTemplate": false,
    "count": 0,
    "lang": "pt-br",
    "updated": 0
  },
  {
    "id": "73b6921b-3dad-44aa-aedf-fcf971f367f9",
    "data": [
      {
        "text": "não estava conectado",
        "userDefined": false
      }
    ],
    "isTemplate": false,
    "count": 0,
    "lang": "pt-br",
    "updated": 0
  },
  {
    "id": "a8f0ed20-6401-4f97-9d17-e9919dbe3365",
    "data": [
      {
        "text": "não está conectado no dispositivo",
        "userDefined": false
      }
    ],
    "isTemplate": false,
    "count": 0,
    "lang": "pt-br",
    "updated": 0
  },
  {
    "id": "d74df7fd-9a07-4b01-84f1-9044d4dc3ae7",
    "data": [
      {
        "text": "aparentemente não está conectado",
        "userDefined": false
      }
    ],
    "isTemplate": false,
    "count": 0,
    "lang": "pt-br",
    "updated": 0
  },
  {
    "id": "64bc545f-3d0b-473c-984f-fd055657f981",
    "data": [
      {
        "text": "não está conectado na tomada",
        "userDefined": false
      }
    ],
    "isTemplate": false,
    "count": 0,
    "lang": "pt-br",
    "updated": 0
  },
  {
    "id": "c62167bd-7703-4085-8010-8bec68a1bdb4",
    "data": [
      {
        "text": "verifiquei e ele não está conectado",
        "userDefined": false
      }
    ],
    "isTemplate": false,
    "count": 0,
    "lang": "pt-br",
    "updated": 0
  },
  {
    "id": "3b7cd8a6-35d4-4c4c-81d8-0105a94a5186",
    "data": [
      {
        "text": "definitivamente não",
        "userDefined": false
      }
    ],
    "isTemplate": false,
    "count": 1,
    "lang": "pt-br",
    "updated": 0
  },
  {
    "id": "10b41714-9064-4dcd-b3f0-8fd9df2ac672",
    "data": [
      {
        "text": "acho que não",
        "userDefined": false
      }
    ],
    "isTemplate": false,
    "count": 0,
    "lang": "pt-br",
    "updated": 0
  },
  {
    "id": "bde2d10c-a5ce-41eb-a561-8e76cb0a54fe",
    "data": [
      {
        "text": "não",
        "userDefined": false
      }
    ],
    "isTemplate": false,
    "count": 4,
    "lang": "pt-br",
    "updated": 0
  },
  {
    "id": "57cb9c30-3725-44e2-bb73-aee05a1089b2",
    "data": [
      {
        "text": "não mesmo",
        "userDefined": false
      }
    ],
    "isTemplate": false,
    "count": 1,
    "lang": "pt-br",
    "updated": 0
  }
]