[
  {
    "id": "eb1f70ef-49c6-47ce-b00b-ab1aca81b48b",
    "data": [
      {
        "text": "como eu ",
        "userDefined": false
      },
      {
        "text": "devo",
        "userDefined": false
      },
      {
        "text": " proceder?",
        "userDefined": false
      }
    ],
    "isTemplate": false,
    "count": 0,
    "lang": "pt-br",
    "updated": 0
  },
  {
    "id": "9a16fe70-9004-492f-ba19-5ee9e4a5127f",
    "data": [
      {
        "text": "preciso de ",
        "userDefined": false
      },
      {
        "text": "um",
        "userDefined": false
      },
      {
        "text": " ajudinha aqui",
        "userDefined": false
      }
    ],
    "isTemplate": false,
    "count": 0,
    "lang": "pt-br",
    "updated": 0
  },
  {
    "id": "6c312fdd-8477-4170-ade9-0f50cb7743a4",
    "data": [
      {
        "text": "me",
        "userDefined": false
      },
      {
        "text": " ajude",
        "userDefined": false
      }
    ],
    "isTemplate": false,
    "count": 0,
    "lang": "pt-br",
    "updated": 0
  },
  {
    "id": "bbd5e50c-022e-43b0-a055-1f09492d09e4",
    "data": [
      {
        "text": "ajuda por favor",
        "userDefined": false
      }
    ],
    "isTemplate": false,
    "count": 1,
    "lang": "pt-br",
    "updated": 0
  },
  {
    "id": "99f8bc81-5108-4c19-aef8-9d98a55148e8",
    "data": [
      {
        "text": "ajuda",
        "userDefined": false
      }
    ],
    "isTemplate": false,
    "count": 0,
    "lang": "pt-br",
    "updated": 0
  },
  {
    "id": "a1acc499-d674-40e7-ad6d-927c4b23a824",
    "data": [
      {
        "text": "não sei como usar",
        "userDefined": false
      }
    ],
    "isTemplate": false,
    "count": 0,
    "lang": "pt-br",
    "updated": 0
  },
  {
    "id": "f3baea93-a5ef-4ecb-9269-623294597fbe",
    "data": [
      {
        "text": "gostaria de ",
        "userDefined": false
      },
      {
        "text": "uma",
        "userDefined": false
      },
      {
        "text": " ajuda",
        "userDefined": false
      }
    ],
    "isTemplate": false,
    "count": 0,
    "lang": "pt-br",
    "updated": 0
  },
  {
    "id": "05f91b9d-b708-4de7-a779-c30e31b7dee5",
    "data": [
      {
        "text": "poderia me informar sobre ",
        "userDefined": false
      },
      {
        "text": "a ferramenta",
        "userDefined": false
      }
    ],
    "isTemplate": false,
    "count": 0,
    "lang": "pt-br",
    "updated": 0
  },
  {
    "id": "43917913-fbf5-4565-97d9-5eca86e015ee",
    "data": [
      {
        "text": "como eu uso isso?",
        "userDefined": false
      }
    ],
    "isTemplate": false,
    "count": 0,
    "lang": "pt-br",
    "updated": 0
  },
  {
    "id": "411a0fdf-5025-42b2-a3a3-2b0291c01a2d",
    "data": [
      {
        "text": "poderia me ajudar?",
        "userDefined": false
      }
    ],
    "isTemplate": false,
    "count": 0,
    "lang": "pt-br",
    "updated": 0
  },
  {
    "id": "146f88c3-63ae-47c9-b968-cfa9be105061",
    "data": [
      {
        "text": "eu preciso de ajuda",
        "userDefined": false
      }
    ],
    "isTemplate": false,
    "count": 0,
    "lang": "pt-br",
    "updated": 0
  }
]