[
  {
    "id": "fe4a79c1-18de-43e4-8f17-e98f66dac952",
    "data": [
      {
        "text": "Nome: ",
        "userDefined": false
      },
      {
        "text": "João Silva",
        "meta": "@sys.person",
        "alias": "person",
        "userDefined": true
      },
      {
        "text": ", telefone: ",
        "userDefined": false
      },
      {
        "text": "11 923143563",
        "meta": "@sys.phone-number",
        "alias": "phone-number",
        "userDefined": true
      },
      {
        "text": ", email: ",
        "userDefined": false
      },
      {
        "text": "joao@email.com",
        "meta": "@sys.email",
        "alias": "email",
        "userDefined": true
      },
      {
        "text": ", CPF: ",
        "userDefined": false
      },
      {
        "text": "00011122233",
        "meta": "@sys.number",
        "alias": "cpf",
        "userDefined": true
      },
      {
        "text": ", descrição do problema: ",
        "userDefined": false
      },
      {
        "text": "Não consigo acessar meu email nesse computador",
        "meta": "@sys.any",
        "alias": "any",
        "userDefined": true
      }
    ],
    "isTemplate": false,
    "count": 0,
    "lang": "pt-br",
    "updated": 0
  },
  {
    "id": "97794607-dd97-41f6-b1d4-64b8e104a518",
    "data": [
      {
        "text": "arthur cabral",
        "meta": "@sys.person",
        "alias": "person",
        "userDefined": true
      },
      {
        "text": ", ",
        "userDefined": false
      },
      {
        "text": "67 993498915",
        "meta": "@sys.phone-number",
        "alias": "phone-number",
        "userDefined": true
      },
      {
        "text": ", ",
        "userDefined": false
      },
      {
        "text": "ac-silva95@gmail.com",
        "meta": "@sys.email",
        "alias": "email",
        "userDefined": true
      },
      {
        "text": ", ",
        "userDefined": false
      },
      {
        "text": "048.975.241-13",
        "meta": "@sys.number",
        "alias": "cpf",
        "userDefined": true
      },
      {
        "text": ", descriç",
        "userDefined": false
      },
      {
        "text": "ão do problema:  computador não liga mesmo conectado",
        "meta": "@sys.any",
        "alias": "any",
        "userDefined": true
      }
    ],
    "isTemplate": false,
    "count": 0,
    "lang": "pt-br",
    "updated": 0
  },
  {
    "id": "324f6f08-285a-45ec-8214-d98b841a3049",
    "data": [
      {
        "text": "Luana Rodrigues Lima",
        "meta": "@sys.person",
        "alias": "person",
        "userDefined": true
      },
      {
        "text": ", ",
        "userDefined": false
      },
      {
        "text": "21 985473455",
        "meta": "@sys.phone-number",
        "alias": "phone-number",
        "userDefined": true
      },
      {
        "text": ", ",
        "userDefined": false
      },
      {
        "text": "lu.lima@outlook.com",
        "meta": "@sys.email",
        "alias": "email",
        "userDefined": true
      },
      {
        "text": ", ",
        "userDefined": false
      },
      {
        "text": "032.762.113-43",
        "meta": "@sys.number",
        "alias": "cpf",
        "userDefined": true
      },
      {
        "text": ", ",
        "userDefined": false
      },
      {
        "text": "meu computador está conectado mas não liga",
        "meta": "@sys.any",
        "alias": "any",
        "userDefined": true
      },
      {
        "text": ".",
        "userDefined": false
      }
    ],
    "isTemplate": false,
    "count": 0,
    "lang": "pt-br",
    "updated": 0
  },
  {
    "id": "8a4f446d-4ae4-4d14-963f-768b56bd9382",
    "data": [
      {
        "text": "nome: ",
        "userDefined": false
      },
      {
        "text": "Lucas Emanoel",
        "meta": "@sys.person",
        "alias": "person",
        "userDefined": true
      },
      {
        "text": ", telefone: ",
        "userDefined": false
      },
      {
        "text": "11 91234-6322",
        "meta": "@sys.phone-number",
        "alias": "phone-number",
        "userDefined": true
      },
      {
        "text": ", cpf: ",
        "userDefined": false
      },
      {
        "text": "23454212345",
        "meta": "@sys.number",
        "alias": "cpf",
        "userDefined": true
      },
      {
        "text": ", email: ",
        "userDefined": false
      },
      {
        "text": "lucas.emanoel@gmail.com",
        "meta": "@sys.email",
        "alias": "email",
        "userDefined": true
      },
      {
        "text": ", ",
        "userDefined": false
      },
      {
        "text": "não consigo utilizar o aparelho",
        "meta": "@sys.any",
        "alias": "any",
        "userDefined": true
      }
    ],
    "isTemplate": false,
    "count": 0,
    "lang": "pt-br",
    "updated": 0
  },
  {
    "id": "1ba5b56d-294e-4c6b-8600-8b967be60d83",
    "data": [
      {
        "text": "Arthur Cabral da Silva",
        "meta": "@sys.person",
        "alias": "person",
        "userDefined": true
      },
      {
        "text": ", ",
        "userDefined": false
      },
      {
        "text": "67 99349-8912",
        "meta": "@sys.phone-number",
        "alias": "phone-number",
        "userDefined": true
      },
      {
        "text": ",  ",
        "userDefined": false
      },
      {
        "text": "arthur@email.com",
        "meta": "@sys.email",
        "alias": "email",
        "userDefined": true
      },
      {
        "text": ", ",
        "userDefined": false
      },
      {
        "text": "002.764.218-32",
        "meta": "@sys.number",
        "alias": "cpf",
        "userDefined": true
      },
      {
        "text": ", ",
        "userDefined": false
      },
      {
        "text": "descrição do problema: Não consigo utilizar meu mouse",
        "meta": "@sys.any",
        "alias": "any",
        "userDefined": true
      }
    ],
    "isTemplate": false,
    "count": 0,
    "lang": "pt-br",
    "updated": 0
  }
]