[
  {
    "id": "0c1bec66-2797-4045-a0ad-ea902b9d268b",
    "data": [
      {
        "text": "o problema persiste",
        "userDefined": false
      }
    ],
    "isTemplate": false,
    "count": 0,
    "lang": "pt-br",
    "updated": 0
  },
  {
    "id": "9b555971-1786-471d-a9bc-16edc18203b7",
    "data": [
      {
        "text": "continua sem funcionar",
        "userDefined": false
      }
    ],
    "isTemplate": false,
    "count": 0,
    "lang": "pt-br",
    "updated": 0
  },
  {
    "id": "4b3c8755-f408-463d-a250-5cf665824af3",
    "data": [
      {
        "text": "sim, conectei e continua sem funcionar",
        "userDefined": false
      }
    ],
    "isTemplate": false,
    "count": 0,
    "lang": "pt-br",
    "updated": 0
  },
  {
    "id": "d1d2a3c4-07c9-4cef-96c5-6a3fbb7adc04",
    "data": [
      {
        "text": "sim, continua sem funcionar",
        "userDefined": false
      }
    ],
    "isTemplate": false,
    "count": 0,
    "lang": "pt-br",
    "updated": 0
  },
  {
    "id": "896cc635-a93a-4e7c-bc98-736dfac28c63",
    "data": [
      {
        "text": "o problema continua",
        "userDefined": false
      }
    ],
    "isTemplate": false,
    "count": 0,
    "lang": "pt-br",
    "updated": 0
  },
  {
    "id": "3b46c4c1-14b4-42bb-b7d5-38e7d2043d80",
    "data": [
      {
        "text": "confirmar",
        "userDefined": false
      }
    ],
    "isTemplate": false,
    "count": 3,
    "lang": "pt-br",
    "updated": 0
  },
  {
    "id": "9deec0c3-c469-4877-9f1b-901e88ae842f",
    "data": [
      {
        "text": "sim",
        "userDefined": false
      }
    ],
    "isTemplate": false,
    "count": 3,
    "lang": "pt-br",
    "updated": 0
  },
  {
    "id": "ee44902c-4d1e-41f7-942a-ea2932a587dd",
    "data": [
      {
        "text": "isso mesmo",
        "userDefined": false
      }
    ],
    "isTemplate": false,
    "count": 1,
    "lang": "pt-br",
    "updated": 0
  },
  {
    "id": "81a4475b-a451-4bea-b3ff-2c34dadfae25",
    "data": [
      {
        "text": "claro",
        "userDefined": false
      }
    ],
    "isTemplate": false,
    "count": 2,
    "lang": "pt-br",
    "updated": 0
  },
  {
    "id": "6d1510d2-fe02-4d00-8969-0ef77840ca97",
    "data": [
      {
        "text": "exatamente",
        "userDefined": false
      }
    ],
    "isTemplate": false,
    "count": 1,
    "lang": "pt-br",
    "updated": 0
  },
  {
    "id": "86f78960-fcbf-41b9-9270-96380099f21c",
    "data": [
      {
        "text": "com certeza",
        "userDefined": false
      }
    ],
    "isTemplate": false,
    "count": 0,
    "lang": "pt-br",
    "updated": 0
  }
]