[
  {
    "id": "0e14b416-51de-45fb-a419-c4136316117b",
    "data": [
      {
        "text": "Meu computador",
        "userDefined": false
      },
      {
        "text": " está demorando ",
        "userDefined": false
      },
      {
        "text": "para",
        "userDefined": false
      },
      {
        "text": " abrir os programas",
        "userDefined": false
      }
    ],
    "isTemplate": false,
    "count": 0,
    "lang": "pt-br",
    "updated": 0
  },
  {
    "id": "2008718e-a420-4a37-9dd4-8f64eace89c1",
    "data": [
      {
        "text": "Meu email está muito lento",
        "userDefined": false
      }
    ],
    "isTemplate": false,
    "count": 0,
    "lang": "pt-br",
    "updated": 0
  },
  {
    "id": "e7f24763-791b-4490-9513-e4e185a4fbcc",
    "data": [
      {
        "text": "Não é possível me conectar ao ",
        "userDefined": false
      },
      {
        "text": "Vpn",
        "meta": "@software",
        "alias": "software",
        "userDefined": false
      }
    ],
    "isTemplate": false,
    "count": 0,
    "lang": "pt-br",
    "updated": 0
  },
  {
    "id": "4c8ea914-6136-4d75-8c37-ff42795aec1a",
    "data": [
      {
        "text": "Estou com",
        "userDefined": false
      },
      {
        "text": " problemas ",
        "userDefined": false
      },
      {
        "text": "para",
        "userDefined": false
      },
      {
        "text": " acessar  o ",
        "userDefined": false
      },
      {
        "text": "vpn",
        "meta": "@software",
        "alias": "software",
        "userDefined": false
      }
    ],
    "isTemplate": false,
    "count": 0,
    "lang": "pt-br",
    "updated": 0
  },
  {
    "id": "9e701fd9-26e4-4167-b5dd-8270cb1cd2e8",
    "data": [
      {
        "text": "Acho que o ",
        "userDefined": false
      },
      {
        "text": "VPN",
        "meta": "@software",
        "alias": "software",
        "userDefined": false
      },
      {
        "text": " não está instalado nessa máquina",
        "userDefined": false
      }
    ],
    "isTemplate": false,
    "count": 0,
    "lang": "pt-br",
    "updated": 0
  },
  {
    "id": "f3c06dad-d513-4f9d-be07-93b99f31a62f",
    "data": [
      {
        "text": "Eu consigo acessar o ",
        "userDefined": false
      },
      {
        "text": "VPN",
        "meta": "@software",
        "alias": "software",
        "userDefined": false
      }
    ],
    "isTemplate": false,
    "count": 0,
    "lang": "pt-br",
    "updated": 0
  },
  {
    "id": "2f01d772-dece-44e8-9d2d-35e7ab0dcc95",
    "data": [
      {
        "text": "estou com",
        "userDefined": false
      },
      {
        "text": " dificuldade em encontrar o atalho ",
        "userDefined": false
      },
      {
        "text": "para",
        "userDefined": false
      },
      {
        "text": " o meu ",
        "userDefined": false
      },
      {
        "text": "email",
        "meta": "@software",
        "alias": "software",
        "userDefined": false
      }
    ],
    "isTemplate": false,
    "count": 0,
    "lang": "pt-br",
    "updated": 0
  },
  {
    "id": "62ce354a-35a5-469c-8e84-1e366c823712",
    "data": [
      {
        "text": "não consigo encontrar o ",
        "userDefined": false
      },
      {
        "text": "outlook",
        "meta": "@software",
        "alias": "software",
        "userDefined": false
      },
      {
        "text": " na minha máquina",
        "userDefined": false
      }
    ],
    "isTemplate": false,
    "count": 0,
    "lang": "pt-br",
    "updated": 0
  },
  {
    "id": "ea155151-e79d-482d-a3eb-2336d457f23e",
    "data": [
      {
        "text": "não encontro meu ",
        "userDefined": false
      },
      {
        "text": "email",
        "meta": "@software",
        "alias": "software",
        "userDefined": false
      },
      {
        "text": " no ",
        "userDefined": false
      },
      {
        "text": "computador",
        "userDefined": false
      }
    ],
    "isTemplate": false,
    "count": 0,
    "lang": "pt-br",
    "updated": 0
  },
  {
    "id": "342f615c-a025-4465-bd6e-3545539b5091",
    "data": [
      {
        "text": "não consigo entrar no meu ",
        "userDefined": false
      },
      {
        "text": "outlook",
        "meta": "@software",
        "alias": "software",
        "userDefined": false
      }
    ],
    "isTemplate": false,
    "count": 0,
    "lang": "pt-br",
    "updated": 0
  },
  {
    "id": "c6130b54-fa90-4d6a-ba45-c62eddebb453",
    "data": [
      {
        "text": "estou com",
        "userDefined": false
      },
      {
        "text": " problemas ",
        "userDefined": false
      },
      {
        "text": "para",
        "userDefined": false
      },
      {
        "text": " acessar meu ",
        "userDefined": false
      },
      {
        "text": "email",
        "meta": "@software",
        "alias": "software",
        "userDefined": false
      }
    ],
    "isTemplate": false,
    "count": 0,
    "lang": "pt-br",
    "updated": 0
  }
]