[
  {
    "id": "d5f81254-5613-48d4-b7e0-14f810b6434c",
    "data": [
      {
        "text": "tchau",
        "userDefined": false
      }
    ],
    "isTemplate": false,
    "count": 0,
    "lang": "pt-br",
    "updated": 0
  },
  {
    "id": "bd048d55-cced-4db6-9442-84440940b62d",
    "data": [
      {
        "text": "valeu",
        "userDefined": false
      }
    ],
    "isTemplate": false,
    "count": 0,
    "lang": "pt-br",
    "updated": 0
  },
  {
    "id": "ea1897bc-6f62-4822-8dbf-87e79e9279de",
    "data": [
      {
        "text": "obrigado",
        "userDefined": false
      }
    ],
    "isTemplate": false,
    "count": 0,
    "lang": "pt-br",
    "updated": 0
  },
  {
    "id": "66dad818-1ecb-479f-a616-aa0eeec6dd92",
    "data": [
      {
        "text": "até mais",
        "userDefined": false
      }
    ],
    "isTemplate": false,
    "count": 0,
    "lang": "pt-br",
    "updated": 0
  },
  {
    "id": "45cec278-eafa-49d3-afe8-e4423223665e",
    "data": [
      {
        "text": "adeus",
        "userDefined": false
      }
    ],
    "isTemplate": false,
    "count": 0,
    "lang": "pt-br",
    "updated": 0
  }
]