[
  {
    "id": "53df0201-2718-4d1d-99ab-57ad31918e9b",
    "data": [
      {
        "text": "salvador",
        "meta": "@sys.location",
        "alias": "location",
        "userDefined": true
      }
    ],
    "isTemplate": false,
    "count": 0,
    "lang": "pt-br",
    "updated": 0
  },
  {
    "id": "fb1546c8-1837-4536-9a99-d4296ef600aa",
    "data": [
      {
        "text": "natal",
        "meta": "@sys.location",
        "alias": "location",
        "userDefined": true
      }
    ],
    "isTemplate": false,
    "count": 0,
    "lang": "pt-br",
    "updated": 0
  },
  {
    "id": "c2a3bbfd-38bc-417e-99b3-4ffb30292f2c",
    "data": [
      {
        "text": "rio de janeiro",
        "meta": "@sys.location",
        "alias": "location",
        "userDefined": true
      }
    ],
    "isTemplate": false,
    "count": 0,
    "lang": "pt-br",
    "updated": 0
  },
  {
    "id": "7c73d39d-85c1-4909-af41-2933b5ca27d8",
    "data": [
      {
        "text": "são paulo",
        "meta": "@sys.location",
        "alias": "location",
        "userDefined": true
      }
    ],
    "isTemplate": false,
    "count": 0,
    "lang": "pt-br",
    "updated": 0
  },
  {
    "id": "aff4eefb-5376-4108-bc35-97b64897517e",
    "data": [
      {
        "text": "campo grande",
        "meta": "@sys.location",
        "alias": "location",
        "userDefined": true
      }
    ],
    "isTemplate": false,
    "count": 0,
    "lang": "pt-br",
    "updated": 0
  }
]