[
  {
    "id": "5afe33d6-dd81-416c-861c-6f87cd5eaba8",
    "data": [
      {
        "text": "como realizar a prevenção básica",
        "userDefined": false
      }
    ],
    "isTemplate": false,
    "count": 0,
    "lang": "pt-br",
    "updated": 0
  },
  {
    "id": "55fa4365-8df0-4882-bc27-3525cd066621",
    "data": [
      {
        "text": "mais sobre a prevenção básica",
        "userDefined": false
      }
    ],
    "isTemplate": false,
    "count": 0,
    "lang": "pt-br",
    "updated": 0
  },
  {
    "id": "d45ef406-5e21-48f1-9009-966a6cb374ca",
    "data": [
      {
        "text": "fazer a prevenção básica",
        "userDefined": false
      }
    ],
    "isTemplate": false,
    "count": 0,
    "lang": "pt-br",
    "updated": 0
  },
  {
    "id": "1f77b569-b77c-4015-b500-ebf50d208164",
    "data": [
      {
        "text": "como é a prevenção básica",
        "userDefined": false
      }
    ],
    "isTemplate": false,
    "count": 0,
    "lang": "pt-br",
    "updated": 0
  },
  {
    "id": "fd32ae0b-ff2e-4b90-aae9-9c74b2433aca",
    "data": [
      {
        "text": "básico",
        "userDefined": false
      }
    ],
    "isTemplate": false,
    "count": 0,
    "lang": "pt-br",
    "updated": 0
  },
  {
    "id": "40accc0c-0dc4-4899-8972-75ef062e7166",
    "data": [
      {
        "text": "quero saber mais sobre o básico da prevenção",
        "userDefined": false
      }
    ],
    "isTemplate": false,
    "count": 0,
    "lang": "pt-br",
    "updated": 0
  },
  {
    "id": "210c3d08-f068-4c7b-8ee4-7bbe7d0d0ea3",
    "data": [
      {
        "text": "prevenção básica",
        "userDefined": false
      }
    ],
    "isTemplate": false,
    "count": 0,
    "lang": "pt-br",
    "updated": 0
  }
]