[
  {
    "id": "a5dad205-a695-4ccd-b3c5-90a71ef799ef",
    "data": [
      {
        "text": "brasil",
        "userDefined": false
      },
      {
        "text": " coronavirus",
        "userDefined": false
      }
    ],
    "isTemplate": false,
    "count": 0,
    "lang": "pt-br",
    "updated": 0
  },
  {
    "id": "e9dc0e78-221c-431a-917f-9d5f69eca02d",
    "data": [
      {
        "text": "taxa covid ",
        "userDefined": false
      },
      {
        "text": "brasil",
        "userDefined": false
      }
    ],
    "isTemplate": false,
    "count": 0,
    "lang": "pt-br",
    "updated": 0
  },
  {
    "id": "dd2cb7b3-c436-4c09-9e94-2a9120e63053",
    "data": [
      {
        "text": "ocorrencia covid no ",
        "userDefined": false
      },
      {
        "text": "brasil",
        "userDefined": false
      }
    ],
    "isTemplate": false,
    "count": 0,
    "lang": "pt-br",
    "updated": 0
  },
  {
    "id": "b31c7d37-97e1-4f4b-94c7-c69035463787",
    "data": [
      {
        "text": "casos confirmados no ",
        "userDefined": false
      },
      {
        "text": "brasil",
        "userDefined": false
      }
    ],
    "isTemplate": false,
    "count": 0,
    "lang": "pt-br",
    "updated": 0
  },
  {
    "id": "7e35cd75-b097-4b07-96cb-0fffb1ef645e",
    "data": [
      {
        "text": "corona",
        "userDefined": false
      },
      {
        "text": " virus casos ",
        "userDefined": false
      },
      {
        "text": "brasil",
        "userDefined": false
      }
    ],
    "isTemplate": false,
    "count": 0,
    "lang": "pt-br",
    "updated": 0
  },
  {
    "id": "227c54a1-161e-47db-9841-48cc0ed7b35b",
    "data": [
      {
        "text": "corona",
        "userDefined": false
      },
      {
        "text": " no ",
        "userDefined": false
      },
      {
        "text": "brasil",
        "userDefined": false
      }
    ],
    "isTemplate": false,
    "count": 0,
    "lang": "pt-br",
    "updated": 0
  },
  {
    "id": "d3ec095e-2f3d-48d7-a89e-380bc1f3c8ec",
    "data": [
      {
        "text": "casos no ",
        "userDefined": false
      },
      {
        "text": "brasil",
        "userDefined": false
      }
    ],
    "isTemplate": false,
    "count": 0,
    "lang": "pt-br",
    "updated": 0
  },
  {
    "id": "1ab146f4-9669-43b0-b24d-2855175b3cfe",
    "data": [
      {
        "text": "covid ",
        "userDefined": false
      },
      {
        "text": "brasil",
        "userDefined": false
      }
    ],
    "isTemplate": false,
    "count": 0,
    "lang": "pt-br",
    "updated": 0
  },
  {
    "id": "e5d5a3d8-ca4e-4285-9c50-484529969fd2",
    "data": [
      {
        "text": "casos confirmados de covid no ",
        "userDefined": false
      },
      {
        "text": "brasil",
        "userDefined": false
      }
    ],
    "isTemplate": false,
    "count": 0,
    "lang": "pt-br",
    "updated": 0
  },
  {
    "id": "0de22c24-1c17-4048-ba38-b866d0eb0844",
    "data": [
      {
        "text": "Quantos casos de covid tiveram no ",
        "userDefined": false
      },
      {
        "text": "Brasil",
        "userDefined": false
      },
      {
        "text": "?",
        "userDefined": false
      }
    ],
    "isTemplate": false,
    "count": 0,
    "lang": "pt-br",
    "updated": 0
  }
]