[
  {
    "id": "e47a15b6-7f44-46c2-9247-b008bb6bb84f",
    "data": [
      {
        "text": "depois de quanto aparecem sintomas de covid?",
        "userDefined": false
      }
    ],
    "isTemplate": false,
    "count": 0,
    "lang": "pt-br",
    "updated": 0
  },
  {
    "id": "dc196754-48fc-4bde-bad9-b4e9296fc953",
    "data": [
      {
        "text": "incubação ",
        "userDefined": false
      },
      {
        "text": "corona",
        "userDefined": false
      }
    ],
    "isTemplate": false,
    "count": 0,
    "lang": "pt-br",
    "updated": 0
  },
  {
    "id": "b7f1e27b-7bd5-4f32-847f-1bbdd9c44e5d",
    "data": [
      {
        "text": "contagio covid",
        "userDefined": false
      }
    ],
    "isTemplate": false,
    "count": 0,
    "lang": "pt-br",
    "updated": 0
  },
  {
    "id": "2c6c181c-d762-4ab3-83a0-08261c7546f1",
    "data": [
      {
        "text": "quanto tempo até apresentar sintomas da covid",
        "userDefined": false
      }
    ],
    "isTemplate": false,
    "count": 0,
    "lang": "pt-br",
    "updated": 0
  },
  {
    "id": "60912ced-b300-4edb-84ba-066140557523",
    "data": [
      {
        "text": "tempo da covid no organismo",
        "userDefined": false
      }
    ],
    "isTemplate": false,
    "count": 0,
    "lang": "pt-br",
    "updated": 0
  },
  {
    "id": "c887b972-ab09-4043-a35b-c04e1b15d23a",
    "data": [
      {
        "text": "periodo de incubação covid",
        "userDefined": false
      }
    ],
    "isTemplate": false,
    "count": 0,
    "lang": "pt-br",
    "updated": 0
  },
  {
    "id": "aa5e7739-0f5f-4917-9ad8-c29191061ab2",
    "data": [
      {
        "text": "informações sobre o periodo de incubação da coronavirus",
        "userDefined": false
      }
    ],
    "isTemplate": false,
    "count": 0,
    "lang": "pt-br",
    "updated": 0
  },
  {
    "id": "d2b42171-510d-4a94-97c6-9c31e5bcef38",
    "data": [
      {
        "text": "contágio da covid",
        "userDefined": false
      }
    ],
    "isTemplate": false,
    "count": 0,
    "lang": "pt-br",
    "updated": 0
  },
  {
    "id": "941bace3-0474-4382-8cb3-7e8bc46b6538",
    "data": [
      {
        "text": "como posso pegar covid?",
        "userDefined": false
      }
    ],
    "isTemplate": false,
    "count": 0,
    "lang": "pt-br",
    "updated": 0
  },
  {
    "id": "a3f831e1-dcab-4f73-90be-e1244c5ce524",
    "data": [
      {
        "text": "como o ",
        "userDefined": false
      },
      {
        "text": "corona",
        "userDefined": false
      },
      {
        "text": " virus se espalha?",
        "userDefined": false
      }
    ],
    "isTemplate": false,
    "count": 0,
    "lang": "pt-br",
    "updated": 0
  },
  {
    "id": "2913e3cd-3272-4c54-924c-05533a9109d5",
    "data": [
      {
        "text": "formas de contágio do coronavírus",
        "userDefined": false
      }
    ],
    "isTemplate": false,
    "count": 0,
    "lang": "pt-br",
    "updated": 0
  },
  {
    "id": "fa08e6c1-ea66-45ae-8afe-ddbf3127bbe6",
    "data": [
      {
        "text": "principais formas de contágio",
        "userDefined": false
      }
    ],
    "isTemplate": false,
    "count": 0,
    "lang": "pt-br",
    "updated": 0
  }
]