[
  {
    "id": "5122b66f-87ca-4c65-a343-8909d6a1cd86",
    "data": [
      {
        "text": "principais formas de contágio",
        "userDefined": false
      }
    ],
    "isTemplate": false,
    "count": 0,
    "lang": "pt-br",
    "updated": 0
  },
  {
    "id": "f12e2759-eb83-4fb7-bbbc-fb90dad6165a",
    "data": [
      {
        "text": "proliferamento covid",
        "userDefined": false
      }
    ],
    "isTemplate": false,
    "count": 0,
    "lang": "pt-br",
    "updated": 0
  },
  {
    "id": "fd1e7ae8-136f-4d2a-a976-54ccfd7c5694",
    "data": [
      {
        "text": "como se espalha covid",
        "userDefined": false
      }
    ],
    "isTemplate": false,
    "count": 0,
    "lang": "pt-br",
    "updated": 0
  },
  {
    "id": "c02280aa-2c9f-4a0c-8fb3-69b7558e22ae",
    "data": [
      {
        "text": "formas de contagio",
        "userDefined": false
      }
    ],
    "isTemplate": false,
    "count": 0,
    "lang": "pt-br",
    "updated": 0
  },
  {
    "id": "fd7cf9ae-b4a9-457c-885a-9f09ce83d73b",
    "data": [
      {
        "text": "contagio covid",
        "userDefined": false
      }
    ],
    "isTemplate": false,
    "count": 0,
    "lang": "pt-br",
    "updated": 0
  },
  {
    "id": "2da71a5e-a122-4efe-ac70-dff32e32b03d",
    "data": [
      {
        "text": "como posso pegar covid",
        "userDefined": false
      }
    ],
    "isTemplate": false,
    "count": 0,
    "lang": "pt-br",
    "updated": 0
  }
]