[
  {
    "id": "25d759dc-73c7-4ee8-a554-829678f5180d",
    "data": [
      {
        "text": "prevenção do profissional",
        "userDefined": false
      }
    ],
    "isTemplate": false,
    "count": 0,
    "lang": "pt-br",
    "updated": 0
  },
  {
    "id": "5b39c2cb-f557-4a31-ad8b-047753b9742e",
    "data": [
      {
        "text": "prevenção da covid ",
        "userDefined": false
      },
      {
        "text": "para",
        "userDefined": false
      },
      {
        "text": " profissionais da ",
        "userDefined": false
      },
      {
        "text": "saúde",
        "userDefined": false
      }
    ],
    "isTemplate": false,
    "count": 0,
    "lang": "pt-br",
    "updated": 0
  },
  {
    "id": "fe00989b-c167-488d-94c4-0da18c8a50ab",
    "data": [
      {
        "text": "prevenção enfermeiros",
        "userDefined": false
      }
    ],
    "isTemplate": false,
    "count": 0,
    "lang": "pt-br",
    "updated": 0
  },
  {
    "id": "73617509-0cd5-4f16-84c5-60818d7877c1",
    "data": [
      {
        "text": "como os ",
        "userDefined": false
      },
      {
        "text": "médicos",
        "userDefined": false
      },
      {
        "text": " de previnem?",
        "userDefined": false
      }
    ],
    "isTemplate": false,
    "count": 0,
    "lang": "pt-br",
    "updated": 0
  },
  {
    "id": "bd8b700d-6839-44b3-99bd-3e65f8c7616f",
    "data": [
      {
        "text": "profissionais da ",
        "userDefined": false
      },
      {
        "text": "saúde",
        "userDefined": false
      },
      {
        "text": " prevenção",
        "userDefined": false
      }
    ],
    "isTemplate": false,
    "count": 0,
    "lang": "pt-br",
    "updated": 0
  },
  {
    "id": "189cef57-ece2-4655-a03f-ebca2e296579",
    "data": [
      {
        "text": "prevenção ",
        "userDefined": false
      },
      {
        "text": "para",
        "userDefined": false
      },
      {
        "text": " os profissionais da ",
        "userDefined": false
      },
      {
        "text": "saúde",
        "userDefined": false
      }
    ],
    "isTemplate": false,
    "count": 0,
    "lang": "pt-br",
    "updated": 0
  }
]