[
  {
    "id": "c32069b1-ec80-438c-bcbb-88c9fb74f6cb",
    "data": [
      {
        "text": "não sei o que fazer",
        "userDefined": false
      }
    ],
    "isTemplate": false,
    "count": 0,
    "lang": "pt-br",
    "updated": 0
  },
  {
    "id": "da35994b-90f7-4113-8fa6-bd444c6b352f",
    "data": [
      {
        "text": "me ajuda",
        "userDefined": false
      }
    ],
    "isTemplate": false,
    "count": 0,
    "lang": "pt-br",
    "updated": 0
  },
  {
    "id": "4115793f-95fb-4b1e-b6ef-4b1e1de697bd",
    "data": [
      {
        "text": "onde consigo auxílio?",
        "userDefined": false
      }
    ],
    "isTemplate": false,
    "count": 0,
    "lang": "pt-br",
    "updated": 0
  },
  {
    "id": "116e4487-6ced-4fdb-a947-228ce0a9f5bb",
    "data": [
      {
        "text": "como usar o bot?",
        "userDefined": false
      }
    ],
    "isTemplate": false,
    "count": 0,
    "lang": "pt-br",
    "updated": 0
  },
  {
    "id": "43292597-393f-4c56-88c6-b22fe6143c62",
    "data": [
      {
        "text": "como funciona o bot?",
        "userDefined": false
      }
    ],
    "isTemplate": false,
    "count": 0,
    "lang": "pt-br",
    "updated": 0
  },
  {
    "id": "c5ff8feb-4b6f-4a6e-bc8e-3227bf30abbb",
    "data": [
      {
        "text": "estou perdido",
        "userDefined": false
      }
    ],
    "isTemplate": false,
    "count": 0,
    "lang": "pt-br",
    "updated": 0
  },
  {
    "id": "33642a35-ebb0-42a9-8c64-24854dcd81a6",
    "data": [
      {
        "text": "socorro",
        "userDefined": false
      }
    ],
    "isTemplate": false,
    "count": 0,
    "lang": "pt-br",
    "updated": 0
  },
  {
    "id": "d57eada0-5dee-479d-8bf7-90a796a2b95c",
    "data": [
      {
        "text": "preciso de assistencia",
        "userDefined": false
      }
    ],
    "isTemplate": false,
    "count": 0,
    "lang": "pt-br",
    "updated": 0
  },
  {
    "id": "1d808a05-ff5e-447f-9ef0-af07d9877ed9",
    "data": [
      {
        "text": "gostaria de auxilio",
        "userDefined": false
      }
    ],
    "isTemplate": false,
    "count": 0,
    "lang": "pt-br",
    "updated": 0
  },
  {
    "id": "02c7e2a3-5af4-46e5-b370-42f9986185f5",
    "data": [
      {
        "text": "como posso conseguir ajuda?",
        "userDefined": false
      }
    ],
    "isTemplate": false,
    "count": 0,
    "lang": "pt-br",
    "updated": 0
  },
  {
    "id": "629e778c-8898-4cdb-98ba-6bf5a4455b21",
    "data": [
      {
        "text": "necessito de ajuda",
        "userDefined": false
      }
    ],
    "isTemplate": false,
    "count": 0,
    "lang": "pt-br",
    "updated": 0
  },
  {
    "id": "931dc4e9-adf9-4a8f-856a-d67553045fc6",
    "data": [
      {
        "text": "preciso de ajuda",
        "userDefined": false
      }
    ],
    "isTemplate": false,
    "count": 0,
    "lang": "pt-br",
    "updated": 0
  }
]