[
  {
    "id": "f5223ebb-029d-48ec-b3b3-192a615fcc5e",
    "data": [
      {
        "text": "incubação covid",
        "userDefined": false
      }
    ],
    "isTemplate": false,
    "count": 0,
    "lang": "pt-br",
    "updated": 0
  },
  {
    "id": "bd90ae83-2560-462f-b08d-4cf07b556413",
    "data": [
      {
        "text": "período de incubação por Coronavírus",
        "userDefined": false
      }
    ],
    "isTemplate": false,
    "count": 0,
    "lang": "pt-br",
    "updated": 0
  },
  {
    "id": "0c5eadaa-c021-4bd1-852b-ffa12a319c7d",
    "data": [
      {
        "text": "informações sobre o período de incubação covid",
        "userDefined": false
      }
    ],
    "isTemplate": false,
    "count": 0,
    "lang": "pt-br",
    "updated": 0
  },
  {
    "id": "38aa9837-8634-4900-ac81-b387b90e0a3f",
    "data": [
      {
        "text": "periodo de incubação corona",
        "userDefined": false
      }
    ],
    "isTemplate": false,
    "count": 0,
    "lang": "pt-br",
    "updated": 0
  },
  {
    "id": "26ebad4a-b9a6-4a4d-adca-743ff7d0361a",
    "data": [
      {
        "text": "tempo covid organismo",
        "userDefined": false
      }
    ],
    "isTemplate": false,
    "count": 0,
    "lang": "pt-br",
    "updated": 0
  },
  {
    "id": "580aff7c-37eb-43e7-b8f8-cc06f0402434",
    "data": [
      {
        "text": "Quanto tempo ",
        "userDefined": false
      },
      {
        "text": "para",
        "userDefined": false
      },
      {
        "text": " apresentar sintomas do vírus?",
        "userDefined": false
      }
    ],
    "isTemplate": false,
    "count": 0,
    "lang": "pt-br",
    "updated": 0
  }
]