[
  {
    "id": "1e6d6354-0ee4-412e-8465-9815751e241e",
    "data": [
      {
        "text": "menu voltar",
        "userDefined": false
      }
    ],
    "isTemplate": false,
    "count": 0,
    "lang": "pt-br",
    "updated": 0
  },
  {
    "id": "200ac71c-ea3d-4f73-86b0-72dc8caafe58",
    "data": [
      {
        "text": "não acho o menu principal",
        "userDefined": false
      }
    ],
    "isTemplate": false,
    "count": 0,
    "lang": "pt-br",
    "updated": 0
  },
  {
    "id": "0b1f91af-e221-41a8-a118-1e4c9350ecb2",
    "data": [
      {
        "text": "ver main menu",
        "userDefined": false
      }
    ],
    "isTemplate": false,
    "count": 0,
    "lang": "pt-br",
    "updated": 0
  },
  {
    "id": "db5ea475-10c3-4d64-a7e3-bd67350c6ca7",
    "data": [
      {
        "text": "quero voltar ",
        "userDefined": false
      },
      {
        "text": "para",
        "userDefined": false
      },
      {
        "text": " o menu",
        "userDefined": false
      }
    ],
    "isTemplate": false,
    "count": 0,
    "lang": "pt-br",
    "updated": 0
  },
  {
    "id": "c3098acb-8e2a-4aa3-ad39-8825dc7042ea",
    "data": [
      {
        "text": "onde está o menu principal?",
        "userDefined": false
      }
    ],
    "isTemplate": false,
    "count": 0,
    "lang": "pt-br",
    "updated": 0
  },
  {
    "id": "820dc54d-a990-47de-a017-ef4fe08057bf",
    "data": [
      {
        "text": "ver menu",
        "userDefined": false
      }
    ],
    "isTemplate": false,
    "count": 0,
    "lang": "pt-br",
    "updated": 0
  },
  {
    "id": "df05bd0a-8d16-4cb9-92aa-b821e04d2b02",
    "data": [
      {
        "text": "onde está o menu?",
        "userDefined": false
      }
    ],
    "isTemplate": false,
    "count": 0,
    "lang": "pt-br",
    "updated": 0
  },
  {
    "id": "6b9c39a6-3e5b-4f67-873d-e6def3d69ad5",
    "data": [
      {
        "text": "como acesso o menu principal?",
        "userDefined": false
      }
    ],
    "isTemplate": false,
    "count": 0,
    "lang": "pt-br",
    "updated": 0
  },
  {
    "id": "6569b448-7e2e-4031-9468-482909b16da4",
    "data": [
      {
        "text": "quero ver o menu principal",
        "userDefined": false
      }
    ],
    "isTemplate": false,
    "count": 0,
    "lang": "pt-br",
    "updated": 0
  },
  {
    "id": "c66fbccb-e9c8-44c3-b883-8b715d15388a",
    "data": [
      {
        "text": "menuzinho",
        "userDefined": false
      }
    ],
    "isTemplate": false,
    "count": 0,
    "lang": "pt-br",
    "updated": 0
  },
  {
    "id": "4fe1edfe-ab8b-46af-8027-b965fc893274",
    "data": [
      {
        "text": "menu",
        "userDefined": false
      }
    ],
    "isTemplate": false,
    "count": 0,
    "lang": "pt-br",
    "updated": 0
  }
]