[
  {
    "id": "ee3154ed-7dca-4379-ade8-4a56759889f7",
    "data": [
      {
        "text": "Como realizar ",
        "userDefined": false
      },
      {
        "text": "um",
        "userDefined": false
      },
      {
        "text": " pré diagnóstico do COVID?",
        "userDefined": false
      }
    ],
    "isTemplate": false,
    "count": 0,
    "lang": "pt-br",
    "updated": 0
  },
  {
    "id": "3f8a3edd-16c4-4422-82c8-28ae2df26edd",
    "data": [
      {
        "text": "coronavirus pré-diagnóstico",
        "userDefined": false
      }
    ],
    "isTemplate": false,
    "count": 0,
    "lang": "pt-br",
    "updated": 0
  },
  {
    "id": "23bbc9e5-4ba2-4e70-b3e0-381c3e89906d",
    "data": [
      {
        "text": "pre diagnostico ",
        "userDefined": false
      },
      {
        "text": "corona",
        "userDefined": false
      }
    ],
    "isTemplate": false,
    "count": 0,
    "lang": "pt-br",
    "updated": 0
  },
  {
    "id": "a8a938e3-185c-41e9-89ad-1b49e9864ed7",
    "data": [
      {
        "text": "diagnostico sobre o covid",
        "userDefined": false
      }
    ],
    "isTemplate": false,
    "count": 0,
    "lang": "pt-br",
    "updated": 0
  },
  {
    "id": "a2d93fd7-73ab-4d6c-980a-b257d93b1090",
    "data": [
      {
        "text": "fazer pré-diagnóstico",
        "userDefined": false
      }
    ],
    "isTemplate": false,
    "count": 0,
    "lang": "pt-br",
    "updated": 0
  },
  {
    "id": "20212b4a-aeab-41ff-be87-55a4d404bd6d",
    "data": [
      {
        "text": "gostaria de fazer ",
        "userDefined": false
      },
      {
        "text": "um",
        "userDefined": false
      },
      {
        "text": " pre-diagnostico",
        "userDefined": false
      }
    ],
    "isTemplate": false,
    "count": 0,
    "lang": "pt-br",
    "updated": 0
  },
  {
    "id": "352d840b-f86d-4c46-ad9b-097a9feb75a9",
    "data": [
      {
        "text": "como realizar ",
        "userDefined": false
      },
      {
        "text": "um",
        "userDefined": false
      },
      {
        "text": " pre diagnostico",
        "userDefined": false
      }
    ],
    "isTemplate": false,
    "count": 0,
    "lang": "pt-br",
    "updated": 0
  },
  {
    "id": "b3934b6a-18ae-4b0c-8c53-1e77873243e8",
    "data": [
      {
        "text": "realizar diagnostico",
        "userDefined": false
      }
    ],
    "isTemplate": false,
    "count": 0,
    "lang": "pt-br",
    "updated": 0
  },
  {
    "id": "081c86e4-0d5e-4b18-a626-d1f0ad8356f6",
    "data": [
      {
        "text": "pré-diagnóstico",
        "userDefined": false
      }
    ],
    "isTemplate": false,
    "count": 0,
    "lang": "pt-br",
    "updated": 0
  },
  {
    "id": "984618ea-1dc8-4943-b1c8-96fa22592675",
    "data": [
      {
        "text": "quero fazer ",
        "userDefined": false
      },
      {
        "text": "um",
        "userDefined": false
      },
      {
        "text": " pre diagnostico",
        "userDefined": false
      }
    ],
    "isTemplate": false,
    "count": 0,
    "lang": "pt-br",
    "updated": 0
  },
  {
    "id": "3db2af36-fe18-48e5-9d09-bf7b7053c529",
    "data": [
      {
        "text": "como fazer ",
        "userDefined": false
      },
      {
        "text": "um",
        "userDefined": false
      },
      {
        "text": " pré-diagnóstico?",
        "userDefined": false
      }
    ],
    "isTemplate": false,
    "count": 0,
    "lang": "pt-br",
    "updated": 0
  }
]