[
  {
    "id": "d74d6b73-1615-4003-8464-bb862ea34ba9",
    "data": [
      {
        "text": "proteções contra o ",
        "userDefined": false
      },
      {
        "text": "corona",
        "userDefined": false
      },
      {
        "text": " virus",
        "userDefined": false
      }
    ],
    "isTemplate": false,
    "count": 0,
    "lang": "pt-br",
    "updated": 0
  },
  {
    "id": "761a1cce-7a7c-4d10-ba03-2bcd8fd303d9",
    "data": [
      {
        "text": "se proteger do ",
        "userDefined": false
      },
      {
        "text": "corona",
        "userDefined": false
      }
    ],
    "isTemplate": false,
    "count": 0,
    "lang": "pt-br",
    "updated": 0
  },
  {
    "id": "9b5f9db9-d321-4b43-9b96-7c580385dcde",
    "data": [
      {
        "text": "evitar ",
        "userDefined": false
      },
      {
        "text": "corona",
        "userDefined": false
      }
    ],
    "isTemplate": false,
    "count": 0,
    "lang": "pt-br",
    "updated": 0
  },
  {
    "id": "242923fb-4761-4e18-baea-dbb8ab485085",
    "data": [
      {
        "text": "como evitar pegar o coronavirus?",
        "userDefined": false
      }
    ],
    "isTemplate": false,
    "count": 0,
    "lang": "pt-br",
    "updated": 0
  },
  {
    "id": "b3edc33b-78be-4102-acb4-455ee41dd1df",
    "data": [
      {
        "text": "prevenção",
        "userDefined": false
      }
    ],
    "isTemplate": false,
    "count": 0,
    "lang": "pt-br",
    "updated": 0
  },
  {
    "id": "b7adbb1e-6eac-4bc1-9370-fb5e4389a829",
    "data": [
      {
        "text": "medidas ",
        "userDefined": false
      },
      {
        "text": "para",
        "userDefined": false
      },
      {
        "text": " prevenção",
        "userDefined": false
      }
    ],
    "isTemplate": false,
    "count": 0,
    "lang": "pt-br",
    "updated": 0
  },
  {
    "id": "03b56a54-cfd0-4b26-a777-4a48ac14806f",
    "data": [
      {
        "text": "coronavirus prevenção",
        "userDefined": false
      }
    ],
    "isTemplate": false,
    "count": 0,
    "lang": "pt-br",
    "updated": 0
  },
  {
    "id": "2970743e-132b-4558-b7b3-50976d7a6344",
    "data": [
      {
        "text": "tem como se prevenir do ",
        "userDefined": false
      },
      {
        "text": "corona",
        "userDefined": false
      },
      {
        "text": "?",
        "userDefined": false
      }
    ],
    "isTemplate": false,
    "count": 0,
    "lang": "pt-br",
    "updated": 0
  },
  {
    "id": "2e54e9d3-ef79-4cbd-ace4-ecf9df6923d3",
    "data": [
      {
        "text": "prevenção ",
        "userDefined": false
      },
      {
        "text": "corona",
        "userDefined": false
      }
    ],
    "isTemplate": false,
    "count": 0,
    "lang": "pt-br",
    "updated": 0
  },
  {
    "id": "49805cb8-dc02-4464-9daf-0c8012a3bb14",
    "data": [
      {
        "text": "como me prevenir do coronavirus",
        "userDefined": false
      }
    ],
    "isTemplate": false,
    "count": 0,
    "lang": "pt-br",
    "updated": 0
  }
]