[
  {
    "value": "mouse",
    "synonyms": [
      "mouse",
      "rato",
      "cursor",
      "ponteiro",
      "Mouse",
      "Cursor",
      "clicar",
      "click"
    ]
  },
  {
    "value": "teclado",
    "synonyms": [
      "teclado",
      "Teclado",
      "Keyboard",
      "keyboard",
      "tecla",
      "teclas",
      "digitar"
    ]
  },
  {
    "value": "monitor",
    "synonyms": [
      "monitor",
      "Tela",
      "screen",
      "Monitor"
    ]
  },
  {
    "value": "impressora",
    "synonyms": [
      "printer",
      "impressora",
      "imprimir",
      "impressão"
    ]
  },
  {
    "value": "webcam",
    "synonyms": [
      "webcam",
      "camera",
      "filmadora"
    ]
  },
  {
    "value": "computador",
    "synonyms": [
      "cpu",
      "computer",
      "computador"
    ]
  },
  {
    "value": "internet",
    "synonyms": [
      "internet",
      "net",
      "conexão",
      "web"
    ]
  }
]