[
  {
    "value": "naoLiga",
    "synonyms": [
      "naoLiga",
      "não está funcionando",
      "não funciona",
      "não liga",
      "não está ligando",
      "está desligando",
      "desliga sozinho"
    ]
  },
  {
    "value": "quebrado",
    "synonyms": [
      "quebrado",
      "está quebrado",
      "parece que está quebrado"
    ]
  },
  {
    "value": "naoClica",
    "synonyms": [
      "naoClica",
      "não esta clicando",
      "não consigo clicar",
      "click com problema"
    ]
  }
]