[
  {
    "value": "problemaAoAcessar",
    "synonyms": [
      "problema ao acessar",
      "não entra",
      "não consigo logar",
      "login não funciona",
      "não da pra logar",
      "acesso negado",
      "meu login não funciona",
      "da erro ao tentar logar",
      "da erro ao tentar entrar"
    ]
  },
  {
    "value": "naoInstalado",
    "synonyms": [
      "nao instalado",
      "não consigo  instalar",
      "não instala",
      "não ta instalando",
      "nao instalado corretamente"
    ]
  },
  {
    "value": "lentidao",
    "synonyms": [
      "lentidao",
      "esta muito lento",
      "esta lento",
      "devagar",
      "muito devagar",
      "demora pra abrir",
      "demorar para abrir"
    ]
  }
]