[
  {
    "id": "16b2d361-f75f-4837-9d74-95c3b50fd217",
    "data": [
      {
        "text": "quantos graus ",
        "userDefined": false
      },
      {
        "text": "célsius",
        "userDefined": false
      },
      {
        "text": " está ",
        "userDefined": false
      },
      {
        "text": "Vitória",
        "meta": "@sys.location",
        "alias": "city",
        "userDefined": false
      },
      {
        "text": " ?",
        "userDefined": false
      }
    ],
    "isTemplate": false,
    "count": 0,
    "lang": "pt-br",
    "updated": 0
  },
  {
    "id": "9b6b84b5-46fd-4f92-9758-2524252b0638",
    "data": [
      {
        "text": "qual a temperatura atual de ",
        "userDefined": false
      },
      {
        "text": "Bonito",
        "meta": "@sys.location",
        "alias": "city",
        "userDefined": false
      },
      {
        "text": " ?",
        "userDefined": false
      }
    ],
    "isTemplate": false,
    "count": 0,
    "lang": "pt-br",
    "updated": 0
  },
  {
    "id": "7ff8494e-10d1-4559-99eb-c274ef9763ae",
    "data": [
      {
        "text": "quantos graus esta ",
        "userDefined": false
      },
      {
        "text": "Campo Grande",
        "meta": "@sys.location",
        "alias": "city",
        "userDefined": false
      },
      {
        "text": " ?",
        "userDefined": false
      }
    ],
    "isTemplate": false,
    "count": 0,
    "lang": "pt-br",
    "updated": 0
  },
  {
    "id": "953e71c3-97a7-430f-b7a7-b7d8e607ac3f",
    "data": [
      {
        "text": "quanto que está a temperatura ",
        "userDefined": false
      },
      {
        "text": "de",
        "userDefined": false
      },
      {
        "text": " ",
        "userDefined": false
      },
      {
        "text": "Dourados",
        "meta": "@sys.location",
        "alias": "city",
        "userDefined": false
      },
      {
        "text": " ?",
        "userDefined": false
      }
    ],
    "isTemplate": false,
    "count": 0,
    "lang": "pt-br",
    "updated": 0
  }
]