[
  {
    "id": "de771f1d-8fa0-4f75-818e-b9ec0ed95b11",
    "data": [
      {
        "text": "quero me esconder do sol",
        "userDefined": false
      }
    ],
    "isTemplate": false,
    "count": 0,
    "lang": "pt-br",
    "updated": 0
  },
  {
    "id": "0e2e8c3a-59c8-4a9b-b792-9839b3e37365",
    "data": [
      {
        "text": "quero me abrigar da chuva",
        "userDefined": false
      }
    ],
    "isTemplate": false,
    "count": 0,
    "lang": "pt-br",
    "updated": 0
  },
  {
    "id": "2d3ea7df-eee9-4e85-bfae-5a23eb09ff42",
    "data": [
      {
        "text": "quero vender uma capa de chuva",
        "userDefined": false
      }
    ],
    "isTemplate": false,
    "count": 0,
    "lang": "pt-br",
    "updated": 0
  },
  {
    "id": "a13a382b-d16a-46c9-956c-1555ee36d48a",
    "data": [
      {
        "text": "quero comprar um guarda chuva",
        "userDefined": false
      }
    ],
    "isTemplate": false,
    "count": 0,
    "lang": "pt-br",
    "updated": 0
  }
]