[
  {
    "id": "5f87d290-ae49-4362-a873-d443d773f9cd",
    "data": [
      {
        "text": "não, obrigado",
        "userDefined": false
      }
    ],
    "isTemplate": false,
    "count": 0,
    "lang": "pt-br",
    "updated": 0
  },
  {
    "id": "f37894e7-4f42-456c-8490-441c6b8fabc0",
    "data": [
      {
        "text": "não obrigado pela ajuda",
        "userDefined": false
      }
    ],
    "isTemplate": false,
    "count": 0,
    "lang": "pt-br",
    "updated": 0
  },
  {
    "id": "d7eb0bac-a820-463d-a69f-5a33dd3244f5",
    "data": [
      {
        "text": "adeus",
        "userDefined": false
      }
    ],
    "isTemplate": false,
    "count": 0,
    "lang": "pt-br",
    "updated": 0
  },
  {
    "id": "6c4be250-c2f5-47c3-a5f1-c0c48495a3c2",
    "data": [
      {
        "text": "xau",
        "userDefined": false
      }
    ],
    "isTemplate": false,
    "count": 1,
    "lang": "pt-br",
    "updated": 0
  },
  {
    "id": "1e708e95-309c-405d-9fc1-e1d73a7ed33c",
    "data": [
      {
        "text": "falou",
        "userDefined": false
      }
    ],
    "isTemplate": false,
    "count": 0,
    "lang": "pt-br",
    "updated": 0
  },
  {
    "id": "ad1df954-e486-4d96-96e8-48177f87f97e",
    "data": [
      {
        "text": "até mais",
        "userDefined": false
      }
    ],
    "isTemplate": false,
    "count": 0,
    "lang": "pt-br",
    "updated": 0
  },
  {
    "id": "9c6081e8-ae12-4672-9ac5-6e36b16ffbb9",
    "data": [
      {
        "text": "tchau",
        "userDefined": false
      }
    ],
    "isTemplate": false,
    "count": 0,
    "lang": "pt-br",
    "updated": 0
  },
  {
    "id": "152e2224-27f9-4edc-9bda-4e06f6efb417",
    "data": [
      {
        "text": "por",
        "userDefined": false
      },
      {
        "text": " ",
        "userDefined": false
      },
      {
        "text": "hoje",
        "userDefined": false
      },
      {
        "text": " é só",
        "userDefined": false
      }
    ],
    "isTemplate": false,
    "count": 0,
    "lang": "pt-br",
    "updated": 0
  },
  {
    "id": "af363291-cf6f-427d-a47a-806eb3480d0a",
    "data": [
      {
        "text": "obrigado pela ajuda",
        "userDefined": false
      }
    ],
    "isTemplate": false,
    "count": 0,
    "lang": "pt-br",
    "updated": 0
  },
  {
    "id": "09541570-bbec-4d1d-9950-6d2372915261",
    "data": [
      {
        "text": "não preciso de mais nada",
        "userDefined": false
      }
    ],
    "isTemplate": false,
    "count": 0,
    "lang": "pt-br",
    "updated": 0
  }
]