[
  {
    "id": "918bcb47-66e8-4ae4-a2d9-68e68e9e1227",
    "data": [
      {
        "text": "vai fazer sol em ",
        "userDefined": false
      },
      {
        "text": "Florianópolis",
        "meta": "@sys.location",
        "alias": "city",
        "userDefined": false
      },
      {
        "text": " ?",
        "userDefined": false
      }
    ],
    "isTemplate": false,
    "count": 0,
    "lang": "pt-br",
    "updated": 0
  },
  {
    "id": "fc0e27b4-c71c-4afb-8405-47f54f2c10f3",
    "data": [
      {
        "text": "vai chover em ",
        "userDefined": false
      },
      {
        "text": "Campinas",
        "meta": "@sys.location",
        "alias": "city",
        "userDefined": false
      },
      {
        "text": " ?",
        "userDefined": false
      }
    ],
    "isTemplate": false,
    "count": 0,
    "lang": "pt-br",
    "updated": 0
  },
  {
    "id": "5b70f60d-ea23-4644-8608-f47c24f5680a",
    "data": [
      {
        "text": "como vai estar ",
        "userDefined": false
      },
      {
        "text": "Teresina",
        "meta": "@sys.location",
        "alias": "city",
        "userDefined": false
      },
      {
        "text": " ",
        "userDefined": false
      },
      {
        "text": "amanhã",
        "meta": "@sys.date",
        "alias": "forecastDay",
        "userDefined": true
      },
      {
        "text": " ?",
        "userDefined": false
      }
    ],
    "isTemplate": false,
    "count": 0,
    "lang": "pt-br",
    "updated": 0
  },
  {
    "id": "51f511a6-3e4e-430a-94ad-5647ba5e8f93",
    "data": [
      {
        "text": "qual a previsão de ",
        "userDefined": false
      },
      {
        "text": "Tangará da Serra",
        "meta": "@sys.location",
        "alias": "city",
        "userDefined": false
      },
      {
        "text": " ?",
        "userDefined": false
      }
    ],
    "isTemplate": false,
    "count": 0,
    "lang": "pt-br",
    "updated": 0
  },
  {
    "id": "4668639b-1a4f-445a-95ad-da91acf156be",
    "data": [
      {
        "text": "previsão para ",
        "userDefined": false
      },
      {
        "text": "Rondonópolis",
        "meta": "@sys.location",
        "alias": "city",
        "userDefined": false
      }
    ],
    "isTemplate": false,
    "count": 0,
    "lang": "pt-br",
    "updated": 0
  },
  {
    "id": "dbb08ca6-160e-43ef-90bb-1198cd1172c3",
    "data": [
      {
        "text": "como vai estar ",
        "userDefined": false
      },
      {
        "text": "Miranda",
        "meta": "@sys.location",
        "alias": "city",
        "userDefined": false
      },
      {
        "text": " no ",
        "userDefined": false
      },
      {
        "text": "ano novo",
        "meta": "@sys.date",
        "alias": "forecastDay",
        "userDefined": true
      },
      {
        "text": " ?",
        "userDefined": false
      }
    ],
    "isTemplate": false,
    "count": 0,
    "lang": "pt-br",
    "updated": 0
  },
  {
    "id": "2a2afcd7-dc43-4170-820f-c4e7af08e96c",
    "data": [
      {
        "text": "como vai estar ",
        "userDefined": false
      },
      {
        "text": "Maringá",
        "meta": "@sys.location",
        "alias": "city",
        "userDefined": false
      },
      {
        "text": " dia ",
        "userDefined": false
      },
      {
        "text": "primeiro de janeiro",
        "meta": "@sys.date",
        "alias": "forecastDay",
        "userDefined": false
      },
      {
        "text": " ?",
        "userDefined": false
      }
    ],
    "isTemplate": false,
    "count": 0,
    "lang": "pt-br",
    "updated": 0
  },
  {
    "id": "bced6818-c1ee-4ef6-b533-eb8f25b69c47",
    "data": [
      {
        "text": "qual a previsão para ",
        "userDefined": false
      },
      {
        "text": "Máceio",
        "meta": "@sys.location",
        "alias": "city",
        "userDefined": false
      },
      {
        "text": " para o dia ",
        "userDefined": false
      },
      {
        "text": "1 de janeiro",
        "meta": "@sys.date",
        "alias": "forecastDay",
        "userDefined": true
      },
      {
        "text": " ?",
        "userDefined": false
      }
    ],
    "isTemplate": false,
    "count": 0,
    "lang": "pt-br",
    "updated": 0
  },
  {
    "id": "cd2f0394-5c3b-4359-8c87-a14a4dcaad70",
    "data": [
      {
        "text": "como vai estar o clima na ",
        "userDefined": false
      },
      {
        "text": "próxima quarta",
        "meta": "@sys.date",
        "alias": "forecastDay",
        "userDefined": false
      },
      {
        "text": " em ",
        "userDefined": false
      },
      {
        "text": "Vitória",
        "meta": "@sys.location",
        "alias": "city",
        "userDefined": false
      },
      {
        "text": " ?",
        "userDefined": false
      }
    ],
    "isTemplate": false,
    "count": 0,
    "lang": "pt-br",
    "updated": 0
  },
  {
    "id": "5c05aa78-2d81-4d84-96b0-d90adc1f4941",
    "data": [
      {
        "text": "amanhã",
        "meta": "@sys.date",
        "alias": "forecastDay",
        "userDefined": false
      },
      {
        "text": " fará quantos graus em ",
        "userDefined": false
      },
      {
        "text": "Curitiba",
        "meta": "@sys.location",
        "alias": "city",
        "userDefined": false
      },
      {
        "text": " ?",
        "userDefined": false
      }
    ],
    "isTemplate": false,
    "count": 0,
    "lang": "pt-br",
    "updated": 0
  },
  {
    "id": "f2fded6e-1146-4e4b-99ac-f5758b1b2139",
    "data": [
      {
        "text": "qual vai ser o clima ",
        "userDefined": false
      },
      {
        "text": "para",
        "userDefined": false
      },
      {
        "text": " ",
        "userDefined": false
      },
      {
        "text": "essa semana",
        "userDefined": false
      },
      {
        "text": " em ",
        "userDefined": false
      },
      {
        "text": "Dourados",
        "meta": "@sys.location",
        "alias": "city",
        "userDefined": false
      },
      {
        "text": " ?",
        "userDefined": false
      }
    ],
    "isTemplate": false,
    "count": 0,
    "lang": "pt-br",
    "updated": 0
  },
  {
    "id": "d8eb8fc5-a1f4-4c5c-805d-9a5853150067",
    "data": [
      {
        "text": "qual a previsão ",
        "userDefined": false
      },
      {
        "text": "para",
        "userDefined": false
      },
      {
        "text": " ",
        "userDefined": false
      },
      {
        "text": "amanhã",
        "meta": "@sys.date",
        "alias": "forecastDay",
        "userDefined": false
      },
      {
        "text": " em ",
        "userDefined": false
      },
      {
        "text": "São Paulo",
        "meta": "@sys.location",
        "alias": "city",
        "userDefined": false
      }
    ],
    "isTemplate": false,
    "count": 0,
    "lang": "pt-br",
    "updated": 0
  },
  {
    "id": "2cabb7b3-71c6-4f0c-9a94-d41c4b08432d",
    "data": [
      {
        "text": "Qual a previsão ",
        "userDefined": false
      },
      {
        "text": "para",
        "userDefined": false
      },
      {
        "text": " ",
        "userDefined": false
      },
      {
        "text": "Campo Grande",
        "meta": "@sys.location",
        "alias": "city",
        "userDefined": false
      }
    ],
    "isTemplate": false,
    "count": 0,
    "lang": "pt-br",
    "updated": 0
  }
]