[
  {
    "id": "af6d2702-3740-46ea-a5fd-6adb4ae2e881",
    "data": [
      {
        "text": "acho que sim",
        "userDefined": false
      }
    ],
    "isTemplate": false,
    "count": 0,
    "lang": "pt-br",
    "updated": 0
  },
  {
    "id": "fce930bf-4b2f-46ce-be9c-e028ebe002e7",
    "data": [
      {
        "text": "tive febre ",
        "userDefined": false
      },
      {
        "text": "de 38",
        "userDefined": false
      }
    ],
    "isTemplate": false,
    "count": 0,
    "lang": "pt-br",
    "updated": 0
  },
  {
    "id": "f4c055ba-4277-416a-8325-91561bb6d8ab",
    "data": [
      {
        "text": "estava com",
        "userDefined": false
      },
      {
        "text": " mais ",
        "userDefined": false
      },
      {
        "text": "de 37",
        "userDefined": false
      }
    ],
    "isTemplate": false,
    "count": 0,
    "lang": "pt-br",
    "updated": 0
  },
  {
    "id": "4e9bcee3-5532-4330-b0c2-79a6d187dc7f",
    "data": [
      {
        "text": "sim",
        "userDefined": false
      }
    ],
    "isTemplate": false,
    "count": 0,
    "lang": "pt-br",
    "updated": 0
  },
  {
    "id": "5539a51b-b452-48c7-93fe-ef8e728a5fa2",
    "data": [
      {
        "text": "estou com",
        "userDefined": false
      },
      {
        "text": " febre muito alta",
        "userDefined": false
      }
    ],
    "isTemplate": false,
    "count": 0,
    "lang": "pt-br",
    "updated": 0
  },
  {
    "id": "67e15f62-4032-403c-903f-224d246d5e34",
    "data": [
      {
        "text": "esta acima ",
        "userDefined": false
      },
      {
        "text": "de 37",
        "userDefined": false
      },
      {
        "text": ",",
        "userDefined": false
      },
      {
        "text": "8",
        "userDefined": false
      }
    ],
    "isTemplate": false,
    "count": 0,
    "lang": "pt-br",
    "updated": 0
  },
  {
    "id": "d93b62c7-ed0a-446b-b451-20d27072ffbd",
    "data": [
      {
        "text": "estou com",
        "userDefined": false
      },
      {
        "text": " febre",
        "userDefined": false
      }
    ],
    "isTemplate": false,
    "count": 0,
    "lang": "pt-br",
    "updated": 0
  },
  {
    "id": "b5b236b3-c619-4aa9-b0cb-4713f0c54b03",
    "data": [
      {
        "text": "estava com",
        "userDefined": false
      },
      {
        "text": " isso",
        "userDefined": false
      }
    ],
    "isTemplate": false,
    "count": 0,
    "lang": "pt-br",
    "updated": 0
  },
  {
    "id": "ec15eb8f-4c3a-4a8b-b075-0ced5cc337a6",
    "data": [
      {
        "text": "tive",
        "userDefined": false
      }
    ],
    "isTemplate": false,
    "count": 0,
    "lang": "pt-br",
    "updated": 0
  },
  {
    "id": "03c6fb12-42cc-4eaa-8e96-d8c03a11ba67",
    "data": [
      {
        "text": "Sim eu tive",
        "userDefined": false
      }
    ],
    "isTemplate": false,
    "count": 0,
    "lang": "pt-br",
    "updated": 0
  }
]