[
  {
    "id": "00ed23ac-2c39-4016-af3a-a4e35077c4a5",
    "data": [
      {
        "text": "depois que ",
        "userDefined": false
      },
      {
        "text": "tomei",
        "userDefined": false
      },
      {
        "text": " o remedio melhorei",
        "userDefined": false
      }
    ],
    "isTemplate": false,
    "count": 0,
    "lang": "pt-br",
    "updated": 0
  },
  {
    "id": "e43ecce4-652a-4a3d-99d9-caffbac0c6bf",
    "data": [
      {
        "text": "ajudou",
        "userDefined": false
      }
    ],
    "isTemplate": false,
    "count": 0,
    "lang": "pt-br",
    "updated": 0
  },
  {
    "id": "1dfc5ddc-861f-4e22-a378-fc9bf30181de",
    "data": [
      {
        "text": "estou bom",
        "userDefined": false
      }
    ],
    "isTemplate": false,
    "count": 0,
    "lang": "pt-br",
    "updated": 0
  },
  {
    "id": "140e6474-3482-486c-ba2f-75a365a26380",
    "data": [
      {
        "text": "tomei",
        "userDefined": false
      },
      {
        "text": " o remedio e logo em seguida fiquei ",
        "userDefined": false
      },
      {
        "text": "bem",
        "userDefined": false
      }
    ],
    "isTemplate": false,
    "count": 0,
    "lang": "pt-br",
    "updated": 0
  },
  {
    "id": "d60fb3c9-00f9-48b1-ba6a-e2fbda97371c",
    "data": [
      {
        "text": "estou ",
        "userDefined": false
      },
      {
        "text": "bem",
        "userDefined": false
      },
      {
        "text": " melhor",
        "userDefined": false
      }
    ],
    "isTemplate": false,
    "count": 0,
    "lang": "pt-br",
    "updated": 0
  },
  {
    "id": "400f7cd9-7e58-4f20-8cf2-71ff19a88f01",
    "data": [
      {
        "text": "o remedio me ajudou",
        "userDefined": false
      }
    ],
    "isTemplate": false,
    "count": 0,
    "lang": "pt-br",
    "updated": 0
  },
  {
    "id": "06783637-4fe2-4fa5-b2e6-edf6845b68e6",
    "data": [
      {
        "text": "me sinto melhor",
        "userDefined": false
      }
    ],
    "isTemplate": false,
    "count": 0,
    "lang": "pt-br",
    "updated": 0
  },
  {
    "id": "0d4ddeed-a9fa-429a-8bd4-e10faac289b0",
    "data": [
      {
        "text": "Sim",
        "userDefined": false
      }
    ],
    "isTemplate": false,
    "count": 0,
    "lang": "pt-br",
    "updated": 0
  }
]