[
  {
    "id": "0908e4d1-71d7-4125-aa8d-7626dba54d1b",
    "data": [
      {
        "text": "era só isso mesmo",
        "userDefined": false
      }
    ],
    "isTemplate": false,
    "count": 0,
    "lang": "pt-br",
    "updated": 0
  },
  {
    "id": "00004e1f-bcca-4a69-83af-b6bccb8b4a19",
    "data": [
      {
        "text": "não, era só isso",
        "userDefined": false
      }
    ],
    "isTemplate": false,
    "count": 0,
    "lang": "pt-br",
    "updated": 0
  },
  {
    "id": "950d2c86-0afb-44df-961e-45fab12c55b3",
    "data": [
      {
        "text": "ja tenho o que preciso",
        "userDefined": false
      }
    ],
    "isTemplate": false,
    "count": 0,
    "lang": "pt-br",
    "updated": 0
  },
  {
    "id": "3c998f49-0f4b-4fa0-8993-2fb7546d87f3",
    "data": [
      {
        "text": "ja ta bom",
        "userDefined": false
      }
    ],
    "isTemplate": false,
    "count": 0,
    "lang": "pt-br",
    "updated": 0
  },
  {
    "id": "c827a9cd-b67a-4926-80be-1162ce530e58",
    "data": [
      {
        "text": "Não vou querer",
        "userDefined": false
      }
    ],
    "isTemplate": false,
    "count": 0,
    "lang": "pt-br",
    "updated": 0
  },
  {
    "id": "da4400c2-d17d-43f4-b01d-871ee4aa401e",
    "data": [
      {
        "text": "não, você ja esclareceu minha duvida",
        "userDefined": false
      }
    ],
    "isTemplate": false,
    "count": 0,
    "lang": "pt-br",
    "updated": 0
  },
  {
    "id": "2d958afb-766c-44ea-bdc8-139a61068305",
    "data": [
      {
        "text": "não precisa me ajudar",
        "userDefined": false
      }
    ],
    "isTemplate": false,
    "count": 1,
    "lang": "pt-br",
    "updated": 0
  },
  {
    "id": "57f61701-4a2a-4eb1-9c60-7fa9deb6858c",
    "data": [
      {
        "text": "não obrigado",
        "userDefined": false
      }
    ],
    "isTemplate": false,
    "count": 0,
    "lang": "pt-br",
    "updated": 0
  },
  {
    "id": "0c5eda82-94c1-4bff-bfea-f47d382414c9",
    "data": [
      {
        "text": "não precisa",
        "userDefined": false
      }
    ],
    "isTemplate": false,
    "count": 0,
    "lang": "pt-br",
    "updated": 0
  },
  {
    "id": "d9d902b9-2904-464a-b8db-3ed5145e7b0e",
    "data": [
      {
        "text": "não quero",
        "userDefined": false
      }
    ],
    "isTemplate": false,
    "count": 0,
    "lang": "pt-br",
    "updated": 0
  },
  {
    "id": "ac8e8b90-db20-4987-a1dd-4345ded6a388",
    "data": [
      {
        "text": "na",
        "userDefined": false
      }
    ],
    "isTemplate": false,
    "count": 0,
    "lang": "pt-br",
    "updated": 0
  },
  {
    "id": "a190738e-91de-4d91-b922-98512689188d",
    "data": [
      {
        "text": "Não",
        "userDefined": false
      }
    ],
    "isTemplate": false,
    "count": 1,
    "lang": "pt-br",
    "updated": 0
  }
]