[
  {
    "id": "87028707-7247-4524-8d77-6713d653f904",
    "data": [
      {
        "text": "ja sei o que queria saber",
        "userDefined": false
      }
    ],
    "isTemplate": false,
    "count": 0,
    "lang": "pt-br",
    "updated": 0
  },
  {
    "id": "b56f410e-c701-4d05-b1e3-a55ac7f45a32",
    "data": [
      {
        "text": "não ja estou informado",
        "userDefined": false
      }
    ],
    "isTemplate": false,
    "count": 0,
    "lang": "pt-br",
    "updated": 0
  },
  {
    "id": "80b4451b-340d-4551-8e69-83ddcfbe1fd2",
    "data": [
      {
        "text": "obrigado, mas não",
        "userDefined": false
      }
    ],
    "isTemplate": false,
    "count": 0,
    "lang": "pt-br",
    "updated": 0
  },
  {
    "id": "ea02186b-c0e5-4b54-942d-d882f266c3a7",
    "data": [
      {
        "text": "era só isso",
        "userDefined": false
      }
    ],
    "isTemplate": false,
    "count": 0,
    "lang": "pt-br",
    "updated": 0
  },
  {
    "id": "bc4eba70-88e4-498a-85e5-bccc81f9a32b",
    "data": [
      {
        "text": "ja sei o suficiente",
        "userDefined": false
      }
    ],
    "isTemplate": false,
    "count": 0,
    "lang": "pt-br",
    "updated": 0
  },
  {
    "id": "345629fc-bc1f-4a6a-a757-ee03f87ef2e1",
    "data": [
      {
        "text": "não, ja ta bom",
        "userDefined": false
      }
    ],
    "isTemplate": false,
    "count": 0,
    "lang": "pt-br",
    "updated": 0
  },
  {
    "id": "1c6bd58c-11df-4881-833d-17668a701b03",
    "data": [
      {
        "text": "não quero mais nada",
        "userDefined": false
      }
    ],
    "isTemplate": false,
    "count": 0,
    "lang": "pt-br",
    "updated": 0
  },
  {
    "id": "e4871792-88ce-40d8-aa33-e0483d77dc4b",
    "data": [
      {
        "text": "não precisa me ajudar mais",
        "userDefined": false
      }
    ],
    "isTemplate": false,
    "count": 0,
    "lang": "pt-br",
    "updated": 0
  },
  {
    "id": "62b2984a-f06e-4a69-8d90-f202d88d70dc",
    "data": [
      {
        "text": "era só isso mesmo",
        "userDefined": false
      }
    ],
    "isTemplate": false,
    "count": 0,
    "lang": "pt-br",
    "updated": 0
  },
  {
    "id": "21bf4388-37e5-458c-96b9-054897a629bf",
    "data": [
      {
        "text": "Não, era só isso",
        "userDefined": false
      }
    ],
    "isTemplate": false,
    "count": 0,
    "lang": "pt-br",
    "updated": 0
  },
  {
    "id": "2b7b7937-5c5f-4f60-8fb1-a1500c2665fd",
    "data": [
      {
        "text": "n",
        "userDefined": false
      }
    ],
    "isTemplate": false,
    "count": 0,
    "lang": "pt-br",
    "updated": 0
  },
  {
    "id": "9c704600-83fd-454e-bbd9-1e030346a769",
    "data": [
      {
        "text": "nao",
        "meta": "@sys.music-artist",
        "alias": "music-artist",
        "userDefined": false
      }
    ],
    "isTemplate": false,
    "count": 0,
    "lang": "pt-br",
    "updated": 0
  },
  {
    "id": "087b7085-0787-4500-9c2a-c2f03ce0abe2",
    "data": [
      {
        "text": "Não",
        "meta": "@sys.music-artist",
        "alias": "music-artist",
        "userDefined": false
      }
    ],
    "isTemplate": false,
    "count": 0,
    "lang": "pt-br",
    "updated": 0
  }
]