[
  {
    "id": "4a6cd324-cb80-4cbd-8e76-a8d360b820f2",
    "data": [
      {
        "text": "quero tirar mais duvidas",
        "userDefined": false
      }
    ],
    "isTemplate": false,
    "count": 0,
    "lang": "pt-br",
    "updated": 0
  },
  {
    "id": "53653369-0ec5-4783-ad60-dc3acfba3df6",
    "data": [
      {
        "text": "eu gostaria que me explicasse mais coisas",
        "userDefined": false
      }
    ],
    "isTemplate": false,
    "count": 0,
    "lang": "pt-br",
    "updated": 0
  },
  {
    "id": "0b4e3aea-0e45-4951-942a-3b46f06d3660",
    "data": [
      {
        "text": "sim, eu gostaria",
        "userDefined": false
      }
    ],
    "isTemplate": false,
    "count": 0,
    "lang": "pt-br",
    "updated": 0
  },
  {
    "id": "06d6fb8d-4cd4-4117-a526-bc5dcb005269",
    "data": [
      {
        "text": "sim, poderia",
        "userDefined": false
      }
    ],
    "isTemplate": false,
    "count": 0,
    "lang": "pt-br",
    "updated": 0
  },
  {
    "id": "27a6401e-afc3-4dcb-832b-f66da9c59dec",
    "data": [
      {
        "text": "claro",
        "userDefined": false
      },
      {
        "text": " que sim",
        "userDefined": false
      }
    ],
    "isTemplate": false,
    "count": 0,
    "lang": "pt-br",
    "updated": 0
  },
  {
    "id": "7c4c24b8-5d72-4cd4-a00c-f10b76a1ec6f",
    "data": [
      {
        "text": "se possível, sim",
        "userDefined": false
      }
    ],
    "isTemplate": false,
    "count": 0,
    "lang": "pt-br",
    "updated": 0
  },
  {
    "id": "1bb609ba-d171-4eb3-9180-5c802b2e7a47",
    "data": [
      {
        "text": "sim, quero mais informações",
        "userDefined": false
      }
    ],
    "isTemplate": false,
    "count": 0,
    "lang": "pt-br",
    "updated": 0
  },
  {
    "id": "3d6d7bcf-a240-41ae-b9bf-0e407dade85e",
    "data": [
      {
        "text": "quero saber mais sobre o ",
        "userDefined": false
      },
      {
        "text": "corona",
        "userDefined": false
      },
      {
        "text": " virus",
        "userDefined": false
      }
    ],
    "isTemplate": false,
    "count": 0,
    "lang": "pt-br",
    "updated": 0
  },
  {
    "id": "05f0f3b1-4c58-4bf8-a260-8743463749b8",
    "data": [
      {
        "text": "poderia",
        "userDefined": false
      }
    ],
    "isTemplate": false,
    "count": 0,
    "lang": "pt-br",
    "updated": 0
  },
  {
    "id": "615911e7-ba8e-4753-8c4f-06b6a1f28b45",
    "data": [
      {
        "text": "pode sim",
        "userDefined": false
      }
    ],
    "isTemplate": false,
    "count": 0,
    "lang": "pt-br",
    "updated": 0
  },
  {
    "id": "4c7e3533-7b8d-4ace-b466-064ad6a2b4ee",
    "data": [
      {
        "text": "sim eu gostaria",
        "userDefined": false
      }
    ],
    "isTemplate": false,
    "count": 0,
    "lang": "pt-br",
    "updated": 0
  },
  {
    "id": "cb81208d-7d96-4377-b05b-963efbbc80ed",
    "data": [
      {
        "text": "Quero sim",
        "userDefined": false
      }
    ],
    "isTemplate": false,
    "count": 0,
    "lang": "pt-br",
    "updated": 0
  },
  {
    "id": "6a6a1207-82b4-47a7-a77f-3c1bf66ba619",
    "data": [
      {
        "text": "Sim",
        "userDefined": false
      }
    ],
    "isTemplate": false,
    "count": 0,
    "lang": "pt-br",
    "updated": 0
  }
]