[
  {
    "id": "198afbec-9821-499c-8678-df2ac7982cd4",
    "data": [
      {
        "text": "não",
        "meta": "@sys.any",
        "alias": "nao",
        "userDefined": true
      },
      {
        "text": " senti nada",
        "userDefined": false
      }
    ],
    "isTemplate": false,
    "count": 0,
    "lang": "pt-br",
    "updated": 0
  },
  {
    "id": "a73375de-3224-462b-a10f-4322d13d655b",
    "data": [
      {
        "text": "não",
        "meta": "@sys.any",
        "alias": "nao",
        "userDefined": true
      },
      {
        "text": " apresentei ",
        "userDefined": false
      },
      {
        "text": "nenhum",
        "userDefined": false
      },
      {
        "text": " desses sintomas",
        "userDefined": false
      }
    ],
    "isTemplate": false,
    "count": 0,
    "lang": "pt-br",
    "updated": 0
  },
  {
    "id": "f428cf9a-5437-42e7-981b-5f1985abb29b",
    "data": [
      {
        "text": "não",
        "meta": "@sys.any",
        "alias": "nao",
        "userDefined": true
      },
      {
        "text": " senti",
        "userDefined": false
      }
    ],
    "isTemplate": false,
    "count": 0,
    "lang": "pt-br",
    "updated": 0
  },
  {
    "id": "a4a5f80c-8354-4ede-9191-941040146752",
    "data": [
      {
        "text": "não",
        "meta": "@sys.any",
        "alias": "nao",
        "userDefined": true
      }
    ],
    "isTemplate": false,
    "count": 0,
    "lang": "pt-br",
    "updated": 0
  },
  {
    "id": "87dea124-96d7-4698-bb48-0325ffe0ca54",
    "data": [
      {
        "text": "senti ",
        "userDefined": false
      },
      {
        "text": "sim",
        "meta": "@sys.any",
        "alias": "sim",
        "userDefined": true
      }
    ],
    "isTemplate": false,
    "count": 0,
    "lang": "pt-br",
    "updated": 0
  },
  {
    "id": "599d5a99-c8dc-4273-84f1-847e90947610",
    "data": [
      {
        "text": "sim",
        "meta": "@sys.any",
        "alias": "sim",
        "userDefined": true
      },
      {
        "text": " estava",
        "userDefined": false
      }
    ],
    "isTemplate": false,
    "count": 0,
    "lang": "pt-br",
    "updated": 0
  },
  {
    "id": "ccbcbaff-dec3-451f-a7a5-dec4c71156c9",
    "data": [
      {
        "text": "sim",
        "meta": "@sys.any",
        "alias": "sim",
        "userDefined": true
      },
      {
        "text": " eu senti",
        "userDefined": false
      }
    ],
    "isTemplate": false,
    "count": 0,
    "lang": "pt-br",
    "updated": 0
  },
  {
    "id": "d3a2fbce-a4a3-41b1-ae52-93a3ad1d0d6d",
    "data": [
      {
        "text": "apresentei",
        "meta": "@sys.any",
        "alias": "sim",
        "userDefined": true
      }
    ],
    "isTemplate": false,
    "count": 0,
    "lang": "pt-br",
    "updated": 0
  },
  {
    "id": "05e5daae-72f3-4e63-966c-2fe4d1466f80",
    "data": [
      {
        "text": "Sim",
        "meta": "@sys.any",
        "alias": "sim",
        "userDefined": true
      }
    ],
    "isTemplate": false,
    "count": 0,
    "lang": "pt-br",
    "updated": 0
  }
]