[
  {
    "id": "fe632031-5bac-4abb-8d62-464c6c38b465",
    "data": [
      {
        "text": "nao",
        "userDefined": false
      }
    ],
    "isTemplate": false,
    "count": 0,
    "lang": "pt-br",
    "updated": 0
  },
  {
    "id": "d068e9df-14e5-49d5-9ee1-3f1580528daa",
    "data": [
      {
        "text": "possivelmente que não",
        "userDefined": false
      }
    ],
    "isTemplate": false,
    "count": 0,
    "lang": "pt-br",
    "updated": 0
  },
  {
    "id": "9fced056-a8c3-4261-9eff-e939caa82b88",
    "data": [
      {
        "text": "aparentemente não",
        "userDefined": false
      }
    ],
    "isTemplate": false,
    "count": 0,
    "lang": "pt-br",
    "updated": 0
  },
  {
    "id": "ba9ab898-d5d6-4fc1-bdd8-af05e5a8874d",
    "data": [
      {
        "text": "claro",
        "userDefined": false
      },
      {
        "text": " que não",
        "userDefined": false
      }
    ],
    "isTemplate": false,
    "count": 0,
    "lang": "pt-br",
    "updated": 0
  },
  {
    "id": "bda3fc3e-64a2-462f-b660-3b7235738951",
    "data": [
      {
        "text": "não faço parte",
        "userDefined": false
      }
    ],
    "isTemplate": false,
    "count": 0,
    "lang": "pt-br",
    "updated": 0
  },
  {
    "id": "1720dfd8-f396-4d42-ba8b-2056c9b551dd",
    "data": [
      {
        "text": "tenho menos ",
        "userDefined": false
      },
      {
        "text": "de 60",
        "userDefined": false
      },
      {
        "text": " e não possuo ",
        "userDefined": false
      },
      {
        "text": "nenhuma",
        "userDefined": false
      },
      {
        "text": " doença",
        "userDefined": false
      }
    ],
    "isTemplate": false,
    "count": 0,
    "lang": "pt-br",
    "updated": 0
  },
  {
    "id": "58efec3c-84ab-4944-8b82-d2f1f027463f",
    "data": [
      {
        "text": "imagino que não",
        "userDefined": false
      }
    ],
    "isTemplate": false,
    "count": 0,
    "lang": "pt-br",
    "updated": 0
  },
  {
    "id": "04935afe-1485-4348-852c-ef17848d4d80",
    "data": [
      {
        "text": "não tenho nada disso ai",
        "userDefined": false
      }
    ],
    "isTemplate": false,
    "count": 0,
    "lang": "pt-br",
    "updated": 0
  },
  {
    "id": "472de161-73f9-43bf-aa3f-eb668bac8977",
    "data": [
      {
        "text": "não possuo nada da lista",
        "userDefined": false
      }
    ],
    "isTemplate": false,
    "count": 0,
    "lang": "pt-br",
    "updated": 0
  },
  {
    "id": "b1d8b05f-cc06-48eb-9738-1154809c8098",
    "data": [
      {
        "text": "não faço parte do grupo de risco",
        "userDefined": false
      }
    ],
    "isTemplate": false,
    "count": 0,
    "lang": "pt-br",
    "updated": 0
  },
  {
    "id": "9a788446-8f2f-4c94-9029-99f877813465",
    "data": [
      {
        "text": "não pertenco",
        "userDefined": false
      }
    ],
    "isTemplate": false,
    "count": 0,
    "lang": "pt-br",
    "updated": 0
  },
  {
    "id": "2f455d09-3ac2-4c25-8393-df3e5b1b8754",
    "data": [
      {
        "text": "não",
        "userDefined": false
      }
    ],
    "isTemplate": false,
    "count": 0,
    "lang": "pt-br",
    "updated": 0
  }
]