[
  {
    "id": "8f103690-8004-488c-a22e-283a4371279e",
    "data": [
      {
        "text": "claro",
        "userDefined": false
      }
    ],
    "isTemplate": false,
    "count": 0,
    "lang": "pt-br",
    "updated": 0
  },
  {
    "id": "9ad35a05-71cc-4497-814c-b75fcd929e8b",
    "data": [
      {
        "text": "se for possível",
        "userDefined": false
      }
    ],
    "isTemplate": false,
    "count": 0,
    "lang": "pt-br",
    "updated": 0
  },
  {
    "id": "274606c8-f398-43c3-bdc6-b771fb480ec5",
    "data": [
      {
        "text": "quero outras informações",
        "userDefined": false
      }
    ],
    "isTemplate": false,
    "count": 0,
    "lang": "pt-br",
    "updated": 0
  },
  {
    "id": "8ea04c4a-ef66-4362-9c77-81a78be902c8",
    "data": [
      {
        "text": "me informe mais sobre o virus",
        "userDefined": false
      }
    ],
    "isTemplate": false,
    "count": 0,
    "lang": "pt-br",
    "updated": 0
  },
  {
    "id": "073c63f0-775f-40a4-9ea2-59cf05b5606b",
    "data": [
      {
        "text": "quero mais",
        "userDefined": false
      }
    ],
    "isTemplate": false,
    "count": 0,
    "lang": "pt-br",
    "updated": 0
  },
  {
    "id": "589aa259-2e6b-4822-bca1-706f31998e00",
    "data": [
      {
        "text": "quero mais informações sobre o covid",
        "userDefined": false
      }
    ],
    "isTemplate": false,
    "count": 0,
    "lang": "pt-br",
    "updated": 0
  },
  {
    "id": "7082bb7e-5d70-403c-941a-70c86d07efd7",
    "data": [
      {
        "text": "quero saber outra coisa",
        "userDefined": false
      }
    ],
    "isTemplate": false,
    "count": 0,
    "lang": "pt-br",
    "updated": 0
  },
  {
    "id": "86169cf5-9b18-463a-be81-d4f8de51eb40",
    "data": [
      {
        "text": "poderia",
        "userDefined": false
      }
    ],
    "isTemplate": false,
    "count": 0,
    "lang": "pt-br",
    "updated": 0
  },
  {
    "id": "12fe63f2-5cba-4d46-8c6d-b63362eb3506",
    "data": [
      {
        "text": "pode",
        "userDefined": false
      }
    ],
    "isTemplate": false,
    "count": 0,
    "lang": "pt-br",
    "updated": 0
  },
  {
    "id": "50d269a1-0cef-43d8-89a3-05ed65e0af84",
    "data": [
      {
        "text": "sim",
        "userDefined": false
      }
    ],
    "isTemplate": false,
    "count": 0,
    "lang": "pt-br",
    "updated": 0
  }
]