[
  {
    "id": "5820c543-f2d7-447e-ac15-39ba383dacd1",
    "data": [
      {
        "text": "como eu sei ",
        "userDefined": false
      },
      {
        "text": "que to",
        "userDefined": false
      },
      {
        "text": " contaminado?",
        "userDefined": false
      }
    ],
    "isTemplate": false,
    "count": 0,
    "lang": "pt-br",
    "updated": 0
  },
  {
    "id": "2837d38b-bf8e-403d-b457-6a19ddc8442e",
    "data": [
      {
        "text": "estou com",
        "userDefined": false
      },
      {
        "text": " covid?",
        "userDefined": false
      }
    ],
    "isTemplate": false,
    "count": 0,
    "lang": "pt-br",
    "updated": 0
  },
  {
    "id": "96d270b7-0b33-41cd-9eb7-33f9a6fec8d1",
    "data": [
      {
        "text": "prédiagnostico",
        "userDefined": false
      }
    ],
    "isTemplate": false,
    "count": 0,
    "lang": "pt-br",
    "updated": 0
  },
  {
    "id": "bfa22b7f-3111-4ef3-8d13-9e770b619e88",
    "data": [
      {
        "text": "pré-diagnostico por favor",
        "userDefined": false
      }
    ],
    "isTemplate": false,
    "count": 0,
    "lang": "pt-br",
    "updated": 0
  },
  {
    "id": "9cd5ca0e-b846-49c1-ad0e-36411038d9ba",
    "data": [
      {
        "text": "poderia fazer ",
        "userDefined": false
      },
      {
        "text": "um",
        "userDefined": false
      },
      {
        "text": " pré diagnostico",
        "userDefined": false
      }
    ],
    "isTemplate": false,
    "count": 0,
    "lang": "pt-br",
    "updated": 0
  },
  {
    "id": "4877b076-a733-4e05-a15c-2620c29ed93f",
    "data": [
      {
        "text": "poderia fazer ",
        "userDefined": false
      },
      {
        "text": "um",
        "userDefined": false
      },
      {
        "text": " prediagnostico",
        "userDefined": false
      }
    ],
    "isTemplate": false,
    "count": 0,
    "lang": "pt-br",
    "updated": 0
  },
  {
    "id": "a940270e-a42e-409d-a98a-8a0a6e01f03d",
    "data": [
      {
        "text": "quero realizar ",
        "userDefined": false
      },
      {
        "text": "um",
        "userDefined": false
      },
      {
        "text": " prediagnostico",
        "userDefined": false
      }
    ],
    "isTemplate": false,
    "count": 0,
    "lang": "pt-br",
    "updated": 0
  },
  {
    "id": "2c058e03-7671-42a6-bc66-3e89fb791959",
    "data": [
      {
        "text": "como fazer pré diagnostico do covid",
        "userDefined": false
      }
    ],
    "isTemplate": false,
    "count": 0,
    "lang": "pt-br",
    "updated": 0
  },
  {
    "id": "fd02547f-b668-423b-8909-9ec00b3963c1",
    "data": [
      {
        "text": "quero fazer o pré diagnostico",
        "userDefined": false
      }
    ],
    "isTemplate": false,
    "count": 0,
    "lang": "pt-br",
    "updated": 0
  },
  {
    "id": "249e09bb-6083-47b4-900a-53ce46a46f5b",
    "data": [
      {
        "text": "pre diagnostico",
        "userDefined": false
      }
    ],
    "isTemplate": false,
    "count": 0,
    "lang": "pt-br",
    "updated": 0
  },
  {
    "id": "be6b2b31-4b05-4147-a143-574f61adb23b",
    "data": [
      {
        "text": "pré-diagnostico",
        "userDefined": false
      }
    ],
    "isTemplate": false,
    "count": 0,
    "lang": "pt-br",
    "updated": 0
  }
]