[
  {
    "id": "eccb4f50-4386-405d-b96f-aee6fef72ae4",
    "data": [
      {
        "text": "imagino que sim",
        "userDefined": false
      }
    ],
    "isTemplate": false,
    "count": 0,
    "lang": "pt-br",
    "updated": 0
  },
  {
    "id": "d5ae1e4c-1dfa-403e-95b2-5338f0754066",
    "data": [
      {
        "text": "acho que sim",
        "userDefined": false
      }
    ],
    "isTemplate": false,
    "count": 0,
    "lang": "pt-br",
    "updated": 0
  },
  {
    "id": "b3f8684b-f0fd-4ab9-9469-c3bdb51c21d7",
    "data": [
      {
        "text": "pode iniciar",
        "userDefined": false
      }
    ],
    "isTemplate": false,
    "count": 0,
    "lang": "pt-br",
    "updated": 0
  },
  {
    "id": "afe1292b-5038-4b97-aa4b-a9d41835c1e8",
    "data": [
      {
        "text": "pode falar",
        "userDefined": false
      }
    ],
    "isTemplate": false,
    "count": 0,
    "lang": "pt-br",
    "updated": 0
  },
  {
    "id": "b3947f46-6bef-4006-bc96-9af355fa8290",
    "data": [
      {
        "text": "Pode perguntar",
        "userDefined": false
      }
    ],
    "isTemplate": false,
    "count": 0,
    "lang": "pt-br",
    "updated": 0
  },
  {
    "id": "ce369ad2-04d0-49d8-9902-886165029b08",
    "data": [
      {
        "text": "Bora",
        "userDefined": false
      }
    ],
    "isTemplate": false,
    "count": 0,
    "lang": "pt-br",
    "updated": 0
  },
  {
    "id": "72224091-69d3-4b1d-a891-518a1bb34cf8",
    "data": [
      {
        "text": "Vamos la",
        "userDefined": false
      }
    ],
    "isTemplate": false,
    "count": 0,
    "lang": "pt-br",
    "updated": 0
  },
  {
    "id": "630a9e7b-fb32-4b73-b8c4-ab10c6297c03",
    "data": [
      {
        "text": "Podemos",
        "userDefined": false
      }
    ],
    "isTemplate": false,
    "count": 0,
    "lang": "pt-br",
    "updated": 0
  },
  {
    "id": "6c16362f-4d32-4dd5-b669-b1d2f7690716",
    "data": [
      {
        "text": "pode",
        "userDefined": false
      }
    ],
    "isTemplate": false,
    "count": 0,
    "lang": "pt-br",
    "updated": 0
  },
  {
    "id": "d1d04cc5-25ca-450e-97a0-e26aff7a589e",
    "data": [
      {
        "text": "pode sim",
        "userDefined": false
      }
    ],
    "isTemplate": false,
    "count": 0,
    "lang": "pt-br",
    "updated": 0
  },
  {
    "id": "b283276f-aa15-41f6-bc79-43032f93b224",
    "data": [
      {
        "text": "Sim, podemos",
        "userDefined": false
      }
    ],
    "isTemplate": false,
    "count": 0,
    "lang": "pt-br",
    "updated": 0
  },
  {
    "id": "fa126000-461b-4273-bf71-da31894b12cd",
    "data": [
      {
        "text": "sim",
        "userDefined": false
      }
    ],
    "isTemplate": false,
    "count": 0,
    "lang": "pt-br",
    "updated": 0
  }
]