[
  {
    "id": "5d302857-81d4-493c-8570-77984dc41593",
    "data": [
      {
        "text": "apresentar prevenção",
        "userDefined": false
      }
    ],
    "isTemplate": false,
    "count": 0,
    "lang": "pt-br",
    "updated": 0
  },
  {
    "id": "c0f3af31-b74b-4a4b-8edb-a3e745466ccc",
    "data": [
      {
        "text": "me diga sobre a prevenção",
        "userDefined": false
      }
    ],
    "isTemplate": false,
    "count": 0,
    "lang": "pt-br",
    "updated": 0
  },
  {
    "id": "579f0612-924b-4247-bd15-cfd5196200e1",
    "data": [
      {
        "text": "quais as prevenções que ",
        "userDefined": false
      },
      {
        "text": "devo",
        "userDefined": false
      },
      {
        "text": " ",
        "userDefined": false
      },
      {
        "text": "tomar",
        "userDefined": false
      },
      {
        "text": "?",
        "userDefined": false
      }
    ],
    "isTemplate": false,
    "count": 0,
    "lang": "pt-br",
    "updated": 0
  },
  {
    "id": "9c623713-fcbc-48bb-8015-7103c545deeb",
    "data": [
      {
        "text": "prevenção do covid",
        "userDefined": false
      }
    ],
    "isTemplate": false,
    "count": 0,
    "lang": "pt-br",
    "updated": 0
  },
  {
    "id": "c11e82f5-f954-452e-ad8a-0df3afe74327",
    "data": [
      {
        "text": "prevenções sobre o ",
        "userDefined": false
      },
      {
        "text": "corona",
        "userDefined": false
      }
    ],
    "isTemplate": false,
    "count": 0,
    "lang": "pt-br",
    "updated": 0
  },
  {
    "id": "44d8a54a-9bf0-4474-b5a4-f02491279a64",
    "data": [
      {
        "text": "corona prevenção",
        "userDefined": false
      }
    ],
    "isTemplate": false,
    "count": 0,
    "lang": "pt-br",
    "updated": 0
  },
  {
    "id": "37ade7e8-7291-4f0d-94c2-074c7b4291ef",
    "data": [
      {
        "text": "quais a prevenções?",
        "userDefined": false
      }
    ],
    "isTemplate": false,
    "count": 0,
    "lang": "pt-br",
    "updated": 0
  },
  {
    "id": "c7a26f4f-c2fc-4f4d-ba1a-01c0b7532387",
    "data": [
      {
        "text": "me mostre as prevenções ",
        "userDefined": false
      },
      {
        "text": "para",
        "userDefined": false
      },
      {
        "text": " o ",
        "userDefined": false
      },
      {
        "text": "corona",
        "userDefined": false
      },
      {
        "text": " virus",
        "userDefined": false
      }
    ],
    "isTemplate": false,
    "count": 0,
    "lang": "pt-br",
    "updated": 0
  },
  {
    "id": "538fafce-20ae-4b8a-b0de-6ad7faceb5bd",
    "data": [
      {
        "text": "prevenção por favor",
        "userDefined": false
      }
    ],
    "isTemplate": false,
    "count": 0,
    "lang": "pt-br",
    "updated": 0
  },
  {
    "id": "024e2245-e332-4fdc-81e8-d3a01e9e35e1",
    "data": [
      {
        "text": "quero as prevenções",
        "userDefined": false
      }
    ],
    "isTemplate": false,
    "count": 0,
    "lang": "pt-br",
    "updated": 0
  },
  {
    "id": "ada4a845-195d-43f1-8ec1-5f2781b176b6",
    "data": [
      {
        "text": "Quero saber sobre prevenção",
        "userDefined": false
      }
    ],
    "isTemplate": false,
    "count": 0,
    "lang": "pt-br",
    "updated": 0
  },
  {
    "id": "abf242cf-ec91-4f13-868b-905e85853c50",
    "data": [
      {
        "text": "Prevenção",
        "userDefined": false
      }
    ],
    "isTemplate": false,
    "count": 0,
    "lang": "pt-br",
    "updated": 0
  }
]