[
  {
    "id": "2fbf50a0-5fbf-45d9-9069-242eb95fdb7b",
    "data": [
      {
        "text": "quero saber sobre a ",
        "userDefined": false
      },
      {
        "text": "profissinal",
        "userDefined": true
      }
    ],
    "isTemplate": false,
    "count": 0,
    "lang": "pt-br",
    "updated": 0
  },
  {
    "id": "0f04aa87-23e8-49d2-a0ab-2ec985867676",
    "data": [
      {
        "text": "profissional",
        "userDefined": true
      }
    ],
    "isTemplate": false,
    "count": 0,
    "lang": "pt-br",
    "updated": 0
  },
  {
    "id": "c01a5415-dbf5-4ae7-b28d-62bdaacb978b",
    "data": [
      {
        "text": "sendo um médico",
        "userDefined": true
      },
      {
        "text": ", quais as prevenções que ",
        "userDefined": false
      },
      {
        "text": "devo",
        "userDefined": false
      },
      {
        "text": " ",
        "userDefined": false
      },
      {
        "text": "tomar",
        "userDefined": false
      },
      {
        "text": "?",
        "userDefined": false
      }
    ],
    "isTemplate": false,
    "count": 0,
    "lang": "pt-br",
    "updated": 0
  },
  {
    "id": "e01c79fb-740e-4dd0-9ebb-85741233d0fc",
    "data": [
      {
        "text": "sou ",
        "userDefined": false
      },
      {
        "text": "enfermeiro",
        "userDefined": true
      },
      {
        "text": " o que ",
        "userDefined": false
      },
      {
        "text": "devo",
        "userDefined": false
      },
      {
        "text": " fazer  ",
        "userDefined": false
      },
      {
        "text": "para",
        "userDefined": false
      },
      {
        "text": " prevenir contaminação pelo covid?",
        "userDefined": false
      }
    ],
    "isTemplate": false,
    "count": 0,
    "lang": "pt-br",
    "updated": 0
  },
  {
    "id": "737dd566-3d32-4b26-861b-d1ed9f15f96f",
    "data": [
      {
        "text": "quais medidas ",
        "userDefined": false
      },
      {
        "text": "enfermeiros",
        "userDefined": true
      },
      {
        "text": " devem fazer?",
        "userDefined": false
      }
    ],
    "isTemplate": false,
    "count": 0,
    "lang": "pt-br",
    "updated": 0
  },
  {
    "id": "6d80fde9-61ae-4b2c-9a21-261f7d254ad7",
    "data": [
      {
        "text": "quais as medidas ",
        "userDefined": false
      },
      {
        "text": "preventivas que os médicos",
        "userDefined": true
      },
      {
        "text": " devem ",
        "userDefined": false
      },
      {
        "text": "tomar",
        "userDefined": false
      },
      {
        "text": "?",
        "userDefined": false
      }
    ],
    "isTemplate": false,
    "count": 0,
    "lang": "pt-br",
    "updated": 0
  },
  {
    "id": "95aeb5c3-fd7a-48d9-bd81-08180c856662",
    "data": [
      {
        "text": "quais as prevenções ",
        "userDefined": false
      },
      {
        "text": "para",
        "userDefined": false
      },
      {
        "text": " os ",
        "userDefined": false
      },
      {
        "text": "profissionais da saude?",
        "userDefined": true
      }
    ],
    "isTemplate": false,
    "count": 0,
    "lang": "pt-br",
    "updated": 0
  },
  {
    "id": "09d15633-b3ec-4d0f-95a6-2a94bd041878",
    "data": [
      {
        "text": "prevenção para profissional",
        "userDefined": true
      }
    ],
    "isTemplate": false,
    "count": 0,
    "lang": "pt-br",
    "updated": 0
  },
  {
    "id": "4f10b4ae-f839-412d-a3ab-0ed65bbdfd70",
    "data": [
      {
        "text": "prevenções profissionais",
        "userDefined": true
      }
    ],
    "isTemplate": false,
    "count": 0,
    "lang": "pt-br",
    "updated": 0
  },
  {
    "id": "d8c43aba-3bb0-494c-8dcf-22449c01c4fd",
    "data": [
      {
        "text": "gostaria de saber sobre as ",
        "userDefined": false
      },
      {
        "text": "prevenções para o profissional",
        "userDefined": true
      }
    ],
    "isTemplate": false,
    "count": 0,
    "lang": "pt-br",
    "updated": 0
  },
  {
    "id": "cca2d05c-1814-4244-a113-1a6b37de6d33",
    "data": [
      {
        "text": "profissionais da saude",
        "userDefined": true
      }
    ],
    "isTemplate": false,
    "count": 0,
    "lang": "pt-br",
    "updated": 0
  },
  {
    "id": "41ec5d97-d496-4f5d-b39a-e7d90ee11d7f",
    "data": [
      {
        "text": "o que os ",
        "userDefined": false
      },
      {
        "text": "profissionais",
        "userDefined": true
      },
      {
        "text": " devem fazer?",
        "userDefined": false
      }
    ],
    "isTemplate": false,
    "count": 0,
    "lang": "pt-br",
    "updated": 0
  },
  {
    "id": "c7c6b4f2-1f37-479d-931d-66d4a1eec1e1",
    "data": [
      {
        "text": "Prevenção profissional",
        "userDefined": false
      }
    ],
    "isTemplate": false,
    "count": 0,
    "lang": "pt-br",
    "updated": 0
  }
]