[
  {
    "id": "3fbb5515-e5da-458f-a0f2-710646fbbc38",
    "data": [
      {
        "text": "pode ser",
        "userDefined": false
      }
    ],
    "isTemplate": false,
    "count": 0,
    "lang": "pt-br",
    "updated": 0
  },
  {
    "id": "d7999de4-fead-4bc0-8994-d87f58fe1356",
    "data": [
      {
        "text": "quero que me esclareça algumas duvidas",
        "userDefined": false
      }
    ],
    "isTemplate": false,
    "count": 0,
    "lang": "pt-br",
    "updated": 0
  },
  {
    "id": "f1ac790f-823a-4eac-a3fb-eb4048f99c6b",
    "data": [
      {
        "text": "tenho mais perguntas",
        "userDefined": false
      }
    ],
    "isTemplate": false,
    "count": 0,
    "lang": "pt-br",
    "updated": 0
  },
  {
    "id": "2c52f8b7-ebdb-46d1-8b5a-55864cb218af",
    "data": [
      {
        "text": "tenho mais duvidas",
        "userDefined": false
      }
    ],
    "isTemplate": false,
    "count": 0,
    "lang": "pt-br",
    "updated": 0
  },
  {
    "id": "0d6beb39-3546-4e62-b3ca-0b232d3d786a",
    "data": [
      {
        "text": "quero saber mais sobre o covid",
        "userDefined": false
      }
    ],
    "isTemplate": false,
    "count": 0,
    "lang": "pt-br",
    "updated": 0
  },
  {
    "id": "7177ce45-0fc7-4723-8ce3-e81b4cd69a6f",
    "data": [
      {
        "text": "sim, você poderia",
        "userDefined": false
      }
    ],
    "isTemplate": false,
    "count": 0,
    "lang": "pt-br",
    "updated": 0
  },
  {
    "id": "dabc4f7d-828a-41da-b68a-ebad82778e5e",
    "data": [
      {
        "text": "sim, pode",
        "userDefined": false
      }
    ],
    "isTemplate": false,
    "count": 0,
    "lang": "pt-br",
    "updated": 0
  },
  {
    "id": "28d6bf00-b872-41b4-a994-c12339adef5d",
    "data": [
      {
        "text": "quero continuar",
        "userDefined": false
      }
    ],
    "isTemplate": false,
    "count": 0,
    "lang": "pt-br",
    "updated": 0
  },
  {
    "id": "cc69a2e0-0e80-4378-a4c1-f3d6798adbab",
    "data": [
      {
        "text": "quero mais informações",
        "userDefined": false
      }
    ],
    "isTemplate": false,
    "count": 0,
    "lang": "pt-br",
    "updated": 0
  },
  {
    "id": "cfe4c072-aa0d-47b4-99cb-49b16b385335",
    "data": [
      {
        "text": "pode",
        "userDefined": false
      }
    ],
    "isTemplate": false,
    "count": 0,
    "lang": "pt-br",
    "updated": 0
  },
  {
    "id": "dae6cb63-a99b-49e9-a3bb-f012f2e1a81c",
    "data": [
      {
        "text": "sim",
        "userDefined": false
      }
    ],
    "isTemplate": false,
    "count": 0,
    "lang": "pt-br",
    "updated": 0
  }
]