[
  {
    "value": "Nenhum",
    "synonyms": [
      "0",
      "Nenhum",
      "Zero",
      "Nada"
    ]
  },
  {
    "value": "1",
    "synonyms": [
      "1",
      "Um"
    ]
  },
  {
    "value": "2",
    "synonyms": [
      "2",
      "Dois"
    ]
  },
  {
    "value": "3",
    "synonyms": [
      "3",
      "Três"
    ]
  },
  {
    "value": "Mais de três",
    "synonyms": [
      "Mais de três",
      "Mais de 3",
      "4",
      "Quatro",
      "5",
      "Cinco",
      "6",
      "Seis",
      "7",
      "Sete",
      "8",
      "Oito"
    ]
  }
]