[
  {
    "value": "Coriza",
    "synonyms": [
      "Coriza",
      "Nariz entupido",
      "Nariz escorrendo"
    ]
  },
  {
    "value": "Cansaço",
    "synonyms": [
      "Cansaço",
      "Canseira",
      "Indisposição"
    ]
  },
  {
    "value": "Dor de cabeça",
    "synonyms": [
      "Dor de cabeça",
      "exaqueca"
    ]
  },
  {
    "value": "Dor no corpo",
    "synonyms": [
      "Dor no corpo",
      "dor muscular"
    ]
  },
  {
    "value": "dor de garganta",
    "synonyms": [
      "dor de garganta",
      "garganta raspando",
      "rouquidão",
      "garganta inrritada"
    ]
  },
  {
    "value": "Diarreia",
    "synonyms": [
      "Diarreia",
      "Disinteria",
      "mal estar",
      "coco mole",
      "dor de barriga"
    ]
  },
  {
    "value": "Tosse",
    "synonyms": [
      "Tosse"
    ]
  },
  {
    "value": "Perda do olfato",
    "synonyms": [
      "Perda do olfato",
      "sem olfato",
      "não sinto cheiro"
    ]
  },
  {
    "value": "Perda do paladar",
    "synonyms": [
      "Perda do paladar",
      "sem paladar",
      "não sinto gosto"
    ]
  }
]