[
  {
    "id": "f96dce7f-20e1-4de9-808b-9fa0e3f3421e",
    "data": [
      {
        "text": "valeu",
        "userDefined": false
      },
      {
        "text": " bot",
        "userDefined": false
      }
    ],
    "isTemplate": false,
    "count": 0,
    "lang": "pt-br",
    "updated": 0
  },
  {
    "id": "9d900b12-cceb-4612-b73c-cdc9b74fb3f6",
    "data": [
      {
        "text": "era isso que eu precisava, obrigado",
        "userDefined": false
      }
    ],
    "isTemplate": false,
    "count": 0,
    "lang": "pt-br",
    "updated": 0
  },
  {
    "id": "dd6e5760-4e9b-4ef1-95e1-2a54d6dd5d9e",
    "data": [
      {
        "text": "opa ",
        "userDefined": false
      },
      {
        "text": "valeu",
        "userDefined": false
      },
      {
        "text": " mesmo",
        "userDefined": false
      }
    ],
    "isTemplate": false,
    "count": 0,
    "lang": "pt-br",
    "updated": 0
  },
  {
    "id": "11b5f533-ae35-403a-af27-c29ba90caa4d",
    "data": [
      {
        "text": "valeu",
        "userDefined": false
      },
      {
        "text": " por isso",
        "userDefined": false
      }
    ],
    "isTemplate": false,
    "count": 0,
    "lang": "pt-br",
    "updated": 0
  },
  {
    "id": "5dbcdc07-8583-4cec-ba47-0352b193a528",
    "data": [
      {
        "text": "obrigado",
        "userDefined": false
      }
    ],
    "isTemplate": false,
    "count": 0,
    "lang": "pt-br",
    "updated": 0
  },
  {
    "id": "4d51d1d1-6c19-41e5-9beb-3ff4d88e2c20",
    "data": [
      {
        "text": "tchau tchau",
        "userDefined": false
      }
    ],
    "isTemplate": false,
    "count": 0,
    "lang": "pt-br",
    "updated": 0
  },
  {
    "id": "b0a2e9f1-f81b-4d4a-9a73-a7ca8e5cb745",
    "data": [
      {
        "text": "vou nessa",
        "userDefined": false
      }
    ],
    "isTemplate": false,
    "count": 0,
    "lang": "pt-br",
    "updated": 0
  },
  {
    "id": "6d105f3c-b5cf-4a9f-a528-73dd108ef909",
    "data": [
      {
        "text": "até mais",
        "userDefined": false
      }
    ],
    "isTemplate": false,
    "count": 0,
    "lang": "pt-br",
    "updated": 0
  }
]