[
  {
    "id": "f0ad0f02-d6ba-4dac-bd60-e7be789913d1",
    "data": [
      {
        "text": "Santiago",
        "meta": "@sys.geo-city",
        "alias": "unsupported-city",
        "userDefined": false
      },
      {
        "text": " - ",
        "userDefined": false
      },
      {
        "text": "Chile",
        "userDefined": false
      }
    ],
    "isTemplate": false,
    "count": 1,
    "lang": "pt-br",
    "updated": 0
  },
  {
    "id": "a50f08a4-dd67-475a-9c91-6290c95336d6",
    "data": [
      {
        "text": "Montreal",
        "meta": "@sys.geo-city",
        "alias": "unsupported-city",
        "userDefined": false
      }
    ],
    "isTemplate": false,
    "count": 0,
    "lang": "pt-br",
    "updated": 0
  },
  {
    "id": "10889acb-69c7-48cd-8321-c6ed534577ae",
    "data": [
      {
        "text": "previsão do tempo ",
        "userDefined": false
      },
      {
        "text": "para",
        "userDefined": false
      },
      {
        "text": " ",
        "userDefined": false
      },
      {
        "text": "Helsinque",
        "meta": "@sys.geo-city",
        "alias": "unsupported-city",
        "userDefined": false
      }
    ],
    "isTemplate": false,
    "count": 0,
    "lang": "pt-br",
    "updated": 0
  },
  {
    "id": "612a3dd7-d47d-4589-9b03-9f351542cdb4",
    "data": [
      {
        "text": "previsão ",
        "userDefined": false
      },
      {
        "text": "para",
        "userDefined": false
      },
      {
        "text": " cidada de ",
        "userDefined": false
      },
      {
        "text": "miami",
        "meta": "@sys.geo-city",
        "alias": "unsupported-city",
        "userDefined": true
      }
    ],
    "isTemplate": false,
    "count": 0,
    "lang": "pt-br",
    "updated": 0
  },
  {
    "id": "e54c7e03-9418-45b4-9752-ac7e696dcc54",
    "data": [
      {
        "text": "previsão ",
        "userDefined": false
      },
      {
        "text": "para",
        "userDefined": false
      },
      {
        "text": " ",
        "userDefined": false
      },
      {
        "text": "madrid",
        "meta": "@sys.geo-city",
        "alias": "unsupported-city",
        "userDefined": true
      }
    ],
    "isTemplate": false,
    "count": 0,
    "lang": "pt-br",
    "updated": 0
  }
]