[
  {
    "id": "33d441b9-5755-4365-91ea-6728afad624b",
    "data": [
      {
        "text": "campo grande",
        "meta": "@sys.location",
        "alias": "location",
        "userDefined": false
      },
      {
        "text": " nos ",
        "userDefined": false
      },
      {
        "text": "proximos 2 dias",
        "meta": "@sys.date-time",
        "alias": "date-time",
        "userDefined": false
      }
    ],
    "isTemplate": false,
    "count": 0,
    "lang": "pt-br",
    "updated": 0
  },
  {
    "id": "bceb3e13-5944-49c8-81e7-2f86b2d6624f",
    "data": [
      {
        "text": "essa semana",
        "meta": "@sys.date-time",
        "alias": "date-time",
        "userDefined": false
      },
      {
        "text": " vai chover?",
        "userDefined": false
      }
    ],
    "isTemplate": false,
    "count": 0,
    "lang": "pt-br",
    "updated": 0
  },
  {
    "id": "1e638a33-6b0e-4b37-8560-91f9401c659e",
    "data": [
      {
        "text": "como está o tempo em ",
        "userDefined": false
      },
      {
        "text": "cuiabá",
        "meta": "@sys.location",
        "alias": "location",
        "userDefined": false
      },
      {
        "text": "?",
        "userDefined": false
      }
    ],
    "isTemplate": false,
    "count": 0,
    "lang": "pt-br",
    "updated": 0
  },
  {
    "id": "f60b1e32-9719-4dfe-9291-d027a6cfe69f",
    "data": [
      {
        "text": "vai chover em ",
        "userDefined": false
      },
      {
        "text": "campo grande",
        "meta": "@sys.location",
        "alias": "location",
        "userDefined": false
      },
      {
        "text": " ",
        "userDefined": false
      },
      {
        "text": "essa semana",
        "meta": "@sys.date-time",
        "alias": "date-time",
        "userDefined": false
      },
      {
        "text": "?",
        "userDefined": false
      }
    ],
    "isTemplate": false,
    "count": 0,
    "lang": "pt-br",
    "updated": 0
  },
  {
    "id": "c43a7b1f-7d6e-40d6-bdfb-47dcb5489ba0",
    "data": [
      {
        "text": "curitiba",
        "meta": "@sys.location",
        "alias": "location",
        "userDefined": false
      }
    ],
    "isTemplate": false,
    "count": 0,
    "lang": "pt-br",
    "updated": 0
  },
  {
    "id": "e8ed1a19-decd-4ff8-919d-8b499c533dd3",
    "data": [
      {
        "text": "sao paulo",
        "meta": "@sys.location",
        "alias": "location",
        "userDefined": false
      }
    ],
    "isTemplate": false,
    "count": 0,
    "lang": "pt-br",
    "updated": 0
  },
  {
    "id": "1a39e3fa-0e7e-477d-ae7d-d318d7f922a1",
    "data": [
      {
        "text": "clima em ",
        "userDefined": false
      },
      {
        "text": "campo grande",
        "meta": "@sys.location",
        "alias": "location",
        "userDefined": false
      }
    ],
    "isTemplate": false,
    "count": 0,
    "lang": "pt-br",
    "updated": 0
  },
  {
    "id": "817323aa-1f79-4c43-b743-48ff920dab97",
    "data": [
      {
        "text": "vai ficar calor no ",
        "userDefined": false
      },
      {
        "text": "ceará",
        "meta": "@sys.location",
        "alias": "location",
        "userDefined": false
      },
      {
        "text": "?",
        "userDefined": false
      }
    ],
    "isTemplate": false,
    "count": 0,
    "lang": "pt-br",
    "updated": 0
  },
  {
    "id": "38498e2e-6148-4baa-85a8-c2ddfb2b05bc",
    "data": [
      {
        "text": "Irá fazer frio?",
        "userDefined": false
      }
    ],
    "isTemplate": false,
    "count": 0,
    "lang": "pt-br",
    "updated": 0
  },
  {
    "id": "b049350d-c368-4ca0-bba0-b54a43d1b8a4",
    "data": [
      {
        "text": "vai fazer calor?",
        "userDefined": false
      }
    ],
    "isTemplate": false,
    "count": 0,
    "lang": "pt-br",
    "updated": 0
  },
  {
    "id": "93b2e3d2-e0ac-45d3-a8f8-9e164d2fb2a2",
    "data": [
      {
        "text": "vai chover?",
        "userDefined": false
      }
    ],
    "isTemplate": false,
    "count": 0,
    "lang": "pt-br",
    "updated": 0
  },
  {
    "id": "02c588db-9b5d-4538-baa0-136430379217",
    "data": [
      {
        "text": "temperatura",
        "userDefined": false
      }
    ],
    "isTemplate": false,
    "count": 0,
    "lang": "pt-br",
    "updated": 0
  },
  {
    "id": "beb9f839-4532-4f7e-a67f-12bc1c9345d0",
    "data": [
      {
        "text": "tempo",
        "userDefined": false
      }
    ],
    "isTemplate": false,
    "count": 0,
    "lang": "pt-br",
    "updated": 0
  },
  {
    "id": "3d614325-a6eb-457d-ba1a-7cbd54aec3c3",
    "data": [
      {
        "text": "clima",
        "userDefined": false
      }
    ],
    "isTemplate": false,
    "count": 0,
    "lang": "pt-br",
    "updated": 0
  },
  {
    "id": "ec068d0e-0ea2-4f1e-b15f-977f96351fec",
    "data": [
      {
        "text": "clima ",
        "userDefined": false
      },
      {
        "text": "dessa semana",
        "meta": "@sys.date-time",
        "alias": "date-time",
        "userDefined": false
      }
    ],
    "isTemplate": false,
    "count": 0,
    "lang": "pt-br",
    "updated": 0
  },
  {
    "id": "2687a06a-d522-40bd-8b73-6dc3740747a5",
    "data": [
      {
        "text": "está frio no ",
        "userDefined": false
      },
      {
        "text": "rio de janeiro",
        "meta": "@sys.location",
        "alias": "location",
        "userDefined": false
      },
      {
        "text": "?",
        "userDefined": false
      }
    ],
    "isTemplate": false,
    "count": 0,
    "lang": "pt-br",
    "updated": 0
  },
  {
    "id": "cc461d99-1a4c-4384-ab23-1cd6fb545f51",
    "data": [
      {
        "text": "como está o clima em ",
        "userDefined": false
      },
      {
        "text": "nova andradina",
        "meta": "@sys.location",
        "alias": "location",
        "userDefined": false
      }
    ],
    "isTemplate": false,
    "count": 0,
    "lang": "pt-br",
    "updated": 0
  },
  {
    "id": "0d0341d0-7488-4d09-b08b-fc6c71ca6118",
    "data": [
      {
        "text": "temperatura em ",
        "userDefined": false
      },
      {
        "text": "campo grande",
        "meta": "@sys.location",
        "alias": "location",
        "userDefined": false
      }
    ],
    "isTemplate": false,
    "count": 0,
    "lang": "pt-br",
    "updated": 0
  },
  {
    "id": "852bc8d2-e01b-4bc2-869a-66acd5b833b8",
    "data": [
      {
        "text": "clima em ",
        "userDefined": false
      },
      {
        "text": "são paulo",
        "meta": "@sys.location",
        "alias": "location",
        "userDefined": false
      }
    ],
    "isTemplate": false,
    "count": 0,
    "lang": "pt-br",
    "updated": 0
  }
]