[
  {
    "id": "e3412f7b-c47e-4d9f-b76a-2fc75484596a",
    "data": [
      {
        "text": "em ",
        "userDefined": false
      },
      {
        "text": "corumbá",
        "meta": "@sys.location",
        "alias": "location",
        "userDefined": false
      }
    ],
    "isTemplate": false,
    "count": 0,
    "lang": "pt-br",
    "updated": 0
  },
  {
    "id": "6e59945d-c9d4-4f46-a415-fc002652dc9d",
    "data": [
      {
        "text": "certo",
        "userDefined": false
      }
    ],
    "isTemplate": false,
    "count": 0,
    "lang": "pt-br",
    "updated": 0
  },
  {
    "id": "e7df1363-e6e6-4f48-8d06-aae997e26e6b",
    "data": [
      {
        "text": "ve pra mim em ",
        "userDefined": false
      },
      {
        "text": "cuiabá",
        "meta": "@sys.location",
        "alias": "location",
        "userDefined": false
      }
    ],
    "isTemplate": false,
    "count": 0,
    "lang": "pt-br",
    "updated": 0
  },
  {
    "id": "f254f2ec-3ad6-4805-bc6e-7806c7b65bcd",
    "data": [
      {
        "text": "pode ser",
        "userDefined": false
      }
    ],
    "isTemplate": false,
    "count": 0,
    "lang": "pt-br",
    "updated": 0
  },
  {
    "id": "e31c6b3e-9bdb-4494-ba6e-400b682de04a",
    "data": [
      {
        "text": "claro",
        "userDefined": false
      }
    ],
    "isTemplate": false,
    "count": 0,
    "lang": "pt-br",
    "updated": 0
  },
  {
    "id": "856fc853-54e2-4014-ab93-5840f345345f",
    "data": [
      {
        "text": "por favor",
        "userDefined": false
      }
    ],
    "isTemplate": false,
    "count": 0,
    "lang": "pt-br",
    "updated": 0
  },
  {
    "id": "77df1ee7-310d-4618-93f5-573b65219d52",
    "data": [
      {
        "text": "qual a temperatura em ",
        "userDefined": false
      },
      {
        "text": "sao paulo",
        "meta": "@sys.location",
        "alias": "location",
        "userDefined": false
      },
      {
        "text": "?",
        "userDefined": false
      }
    ],
    "isTemplate": false,
    "count": 0,
    "lang": "pt-br",
    "updated": 0
  },
  {
    "id": "2c3b20fc-0247-4485-ad15-883964038c71",
    "data": [
      {
        "text": "quero",
        "userDefined": false
      }
    ],
    "isTemplate": false,
    "count": 0,
    "lang": "pt-br",
    "updated": 0
  },
  {
    "id": "d69c49ed-bfac-4a6c-b0ba-8a1f9eab1f0e",
    "data": [
      {
        "text": "sim",
        "userDefined": false
      }
    ],
    "isTemplate": false,
    "count": 0,
    "lang": "pt-br",
    "updated": 0
  }
]