[
  {
    "id": "820273cf-1c0e-4346-811a-29ac2a70fa50",
    "data": [
      {
        "text": "como ",
        "userDefined": false
      },
      {
        "text": "usa",
        "userDefined": false
      }
    ],
    "isTemplate": false,
    "count": 1,
    "lang": "pt-br",
    "updated": 0
  },
  {
    "id": "e53d7974-6797-4701-8a80-859a814b854d",
    "data": [
      {
        "text": "voce faz o que?",
        "userDefined": false
      }
    ],
    "isTemplate": false,
    "count": 0,
    "lang": "pt-br",
    "updated": 0
  },
  {
    "id": "aa893a80-9b2d-4bf0-acfc-9879f4aecddb",
    "data": [
      {
        "text": "gostaria de saber o quem voce é",
        "userDefined": false
      }
    ],
    "isTemplate": false,
    "count": 0,
    "lang": "pt-br",
    "updated": 0
  },
  {
    "id": "810f7de6-c627-4196-8dd7-5fab7298aa9d",
    "data": [
      {
        "text": "o que vc faz",
        "userDefined": false
      }
    ],
    "isTemplate": false,
    "count": 1,
    "lang": "pt-br",
    "updated": 0
  },
  {
    "id": "fe7f0bfb-f58a-4ef0-89d7-79301a518dce",
    "data": [
      {
        "text": "gostaria de ajuda por favor",
        "userDefined": false
      }
    ],
    "isTemplate": false,
    "count": 0,
    "lang": "pt-br",
    "updated": 0
  },
  {
    "id": "1d3d7404-ab81-4934-86d7-0b915b79f8e2",
    "data": [
      {
        "text": "poderia me ajudar",
        "userDefined": false
      }
    ],
    "isTemplate": false,
    "count": 0,
    "lang": "pt-br",
    "updated": 0
  },
  {
    "id": "0daddffd-56b6-4f32-acdc-39396ff6b00f",
    "data": [
      {
        "text": "me",
        "userDefined": false
      },
      {
        "text": " Ajude",
        "userDefined": false
      }
    ],
    "isTemplate": false,
    "count": 0,
    "lang": "pt-br",
    "updated": 0
  },
  {
    "id": "71a4dab0-7944-43a2-87a2-f66f9b8616c7",
    "data": [
      {
        "text": "Ajuda",
        "userDefined": false
      }
    ],
    "isTemplate": false,
    "count": 0,
    "lang": "pt-br",
    "updated": 0
  }
]