[
  {
    "id": "4de4c790-5c2d-4635-bbbb-e4b1ecfb8427",
    "data": [
      {
        "text": "acho que sim",
        "userDefined": false
      }
    ],
    "isTemplate": false,
    "count": 0,
    "lang": "pt-br",
    "updated": 0
  },
  {
    "id": "8d54b1fd-b6c8-419c-ba6f-395474264c78",
    "data": [
      {
        "text": "tenho mais ",
        "userDefined": false
      },
      {
        "text": "de 60",
        "userDefined": false
      },
      {
        "text": " e sou diabético",
        "userDefined": false
      }
    ],
    "isTemplate": false,
    "count": 0,
    "lang": "pt-br",
    "updated": 0
  },
  {
    "id": "86ea7109-77dc-44a8-af01-8f6efa5373f5",
    "data": [
      {
        "text": "pertenço a mais de ",
        "userDefined": false
      },
      {
        "text": "um",
        "userDefined": false
      },
      {
        "text": " grupo",
        "userDefined": false
      }
    ],
    "isTemplate": false,
    "count": 0,
    "lang": "pt-br",
    "updated": 0
  },
  {
    "id": "7524c53a-cd38-4abf-a49e-7d806e9cec76",
    "data": [
      {
        "text": "sim possuo ",
        "userDefined": false
      },
      {
        "text": "uma",
        "userDefined": false
      },
      {
        "text": " dessas doenças",
        "userDefined": false
      }
    ],
    "isTemplate": false,
    "count": 0,
    "lang": "pt-br",
    "updated": 0
  },
  {
    "id": "64f4528d-6d53-4b71-9060-b43beb0be6b4",
    "data": [
      {
        "text": "sim sou enfermo",
        "userDefined": false
      }
    ],
    "isTemplate": false,
    "count": 0,
    "lang": "pt-br",
    "updated": 0
  },
  {
    "id": "41ede764-bf7f-469e-8ea8-a62f81aa3749",
    "data": [
      {
        "text": "sim, eu tenho diabetes",
        "userDefined": false
      }
    ],
    "isTemplate": false,
    "count": 0,
    "lang": "pt-br",
    "updated": 0
  },
  {
    "id": "efcea42b-b71f-4822-9411-0ad17c0b5ea2",
    "data": [
      {
        "text": "pertenço",
        "userDefined": false
      }
    ],
    "isTemplate": false,
    "count": 0,
    "lang": "pt-br",
    "updated": 0
  },
  {
    "id": "5bf1e98e-5c0e-48c6-9677-4e41cf9943fe",
    "data": [
      {
        "text": "estou gravida",
        "userDefined": false
      }
    ],
    "isTemplate": false,
    "count": 0,
    "lang": "pt-br",
    "updated": 0
  },
  {
    "id": "587e7010-bd01-419e-8b3b-ed0552af5bc9",
    "data": [
      {
        "text": "faço tratamento contra o cancer",
        "userDefined": false
      }
    ],
    "isTemplate": false,
    "count": 0,
    "lang": "pt-br",
    "updated": 0
  },
  {
    "id": "b7da33c3-af18-45d7-891c-48c17bb926af",
    "data": [
      {
        "text": "tenho doenças crônicas",
        "userDefined": false
      }
    ],
    "isTemplate": false,
    "count": 0,
    "lang": "pt-br",
    "updated": 0
  },
  {
    "id": "b11ef41e-c8ac-4081-a282-4c7aaed66e11",
    "data": [
      {
        "text": "tenho ",
        "userDefined": false
      },
      {
        "text": "mais de 60 anos",
        "userDefined": false
      }
    ],
    "isTemplate": false,
    "count": 0,
    "lang": "pt-br",
    "updated": 0
  },
  {
    "id": "5ba578bf-f8a8-474f-b17f-efd85036c55d",
    "data": [
      {
        "text": "faço parte de desse grupo",
        "userDefined": false
      }
    ],
    "isTemplate": false,
    "count": 0,
    "lang": "pt-br",
    "updated": 0
  },
  {
    "id": "be862e03-deae-4620-9063-8a48c314cc92",
    "data": [
      {
        "text": "pertenço sim",
        "userDefined": false
      }
    ],
    "isTemplate": false,
    "count": 0,
    "lang": "pt-br",
    "updated": 0
  },
  {
    "id": "1fea2506-c83d-401a-bb67-2bb059c508fa",
    "data": [
      {
        "text": "Faço parte do grupo",
        "userDefined": false
      }
    ],
    "isTemplate": false,
    "count": 0,
    "lang": "pt-br",
    "updated": 0
  },
  {
    "id": "96479d0b-8290-4ab8-b4b0-24c617a9d6d3",
    "data": [
      {
        "text": "pertenco a esse grupo",
        "userDefined": false
      }
    ],
    "isTemplate": false,
    "count": 0,
    "lang": "pt-br",
    "updated": 0
  },
  {
    "id": "02d89b8e-bd16-4b88-bc3e-94e001f3573b",
    "data": [
      {
        "text": "Sou",
        "userDefined": false
      }
    ],
    "isTemplate": false,
    "count": 0,
    "lang": "pt-br",
    "updated": 0
  },
  {
    "id": "64a8d48b-762c-4491-9098-5a369fb2d2c7",
    "data": [
      {
        "text": "Sim",
        "userDefined": false
      }
    ],
    "isTemplate": false,
    "count": 0,
    "lang": "pt-br",
    "updated": 0
  }
]