[
  {
    "id": "29065b10-0603-40eb-aecd-adfddec4bc75",
    "data": [
      {
        "text": "claro",
        "userDefined": false
      },
      {
        "text": " que sim",
        "userDefined": false
      }
    ],
    "isTemplate": false,
    "count": 0,
    "lang": "pt-br",
    "updated": 0
  },
  {
    "id": "88e89ba9-106d-4952-8399-b54dee46759f",
    "data": [
      {
        "text": "eu ",
        "userDefined": false
      },
      {
        "text": "tomei",
        "userDefined": false
      },
      {
        "text": " sim",
        "userDefined": false
      }
    ],
    "isTemplate": false,
    "count": 0,
    "lang": "pt-br",
    "updated": 0
  },
  {
    "id": "02bdc095-0f64-4342-ac66-d96aa9787a97",
    "data": [
      {
        "text": "tomei",
        "userDefined": false
      },
      {
        "text": " algo",
        "userDefined": false
      }
    ],
    "isTemplate": false,
    "count": 0,
    "lang": "pt-br",
    "updated": 0
  },
  {
    "id": "8800bc00-2fbc-4772-b14d-ff4199cbf84b",
    "data": [
      {
        "text": "tomei",
        "userDefined": false
      },
      {
        "text": " alguns",
        "userDefined": false
      }
    ],
    "isTemplate": false,
    "count": 0,
    "lang": "pt-br",
    "updated": 0
  },
  {
    "id": "f2ef7b64-d33e-44e1-bd34-f9a94ac1f1e7",
    "data": [
      {
        "text": "Sim",
        "userDefined": false
      }
    ],
    "isTemplate": false,
    "count": 0,
    "lang": "pt-br",
    "updated": 0
  },
  {
    "id": "feba4422-138c-4468-b554-d432644dc876",
    "data": [
      {
        "text": "consumi remédio",
        "userDefined": false
      }
    ],
    "isTemplate": false,
    "count": 0,
    "lang": "pt-br",
    "updated": 0
  },
  {
    "id": "f4db8e91-897a-4712-b0e6-14682a80d794",
    "data": [
      {
        "text": "tomei",
        "userDefined": false
      },
      {
        "text": " remédios",
        "userDefined": false
      }
    ],
    "isTemplate": false,
    "count": 0,
    "lang": "pt-br",
    "updated": 0
  },
  {
    "id": "6b365cc4-3a9e-4153-b57a-d69bc556eaca",
    "data": [
      {
        "text": "utilizei remédio",
        "userDefined": false
      }
    ],
    "isTemplate": false,
    "count": 0,
    "lang": "pt-br",
    "updated": 0
  },
  {
    "id": "44fc2627-fade-4333-8066-e728ab153461",
    "data": [
      {
        "text": "Tomei",
        "userDefined": false
      }
    ],
    "isTemplate": false,
    "count": 0,
    "lang": "pt-br",
    "updated": 0
  },
  {
    "id": "87f43d71-06f8-4244-801b-bc27d450339f",
    "data": [
      {
        "text": "usei",
        "userDefined": false
      }
    ],
    "isTemplate": false,
    "count": 1,
    "lang": "pt-br",
    "updated": 0
  }
]