[
  {
    "id": "8fbb8497-681f-4539-b157-311128131ccf",
    "data": [
      {
        "text": "informações em relação ao contágio",
        "userDefined": false
      }
    ],
    "isTemplate": false,
    "count": 0,
    "lang": "pt-br",
    "updated": 0
  },
  {
    "id": "a6cc5bfe-03ae-401a-b0c0-b2096301d08f",
    "data": [
      {
        "text": "me explique sobre o contágio",
        "userDefined": false
      }
    ],
    "isTemplate": false,
    "count": 0,
    "lang": "pt-br",
    "updated": 0
  },
  {
    "id": "a595f723-a86d-494c-b4a8-55d17bc7e990",
    "data": [
      {
        "text": "como funciona o contágio do ",
        "userDefined": false
      },
      {
        "text": "corona",
        "userDefined": false
      },
      {
        "text": " virus?",
        "userDefined": false
      }
    ],
    "isTemplate": false,
    "count": 0,
    "lang": "pt-br",
    "updated": 0
  },
  {
    "id": "f4aac4b6-0972-4ba3-babe-6e0bed1e8b1c",
    "data": [
      {
        "text": "gostaria de ver informações sobre o contagio",
        "userDefined": false
      }
    ],
    "isTemplate": false,
    "count": 0,
    "lang": "pt-br",
    "updated": 0
  },
  {
    "id": "bbea1738-7908-4944-a5b3-070d26b1ef28",
    "data": [
      {
        "text": "pode me explicar mais sobre o contagio?",
        "userDefined": false
      }
    ],
    "isTemplate": false,
    "count": 0,
    "lang": "pt-br",
    "updated": 0
  },
  {
    "id": "d235e528-557f-45b2-96ff-13151196b29f",
    "data": [
      {
        "text": "contágio, por favor",
        "userDefined": false
      }
    ],
    "isTemplate": false,
    "count": 0,
    "lang": "pt-br",
    "updated": 0
  },
  {
    "id": "7d7a9ce4-7906-4cf5-a7d8-d07e1f08cbb7",
    "data": [
      {
        "text": "quero saber mais sobre o contágio",
        "userDefined": false
      }
    ],
    "isTemplate": false,
    "count": 0,
    "lang": "pt-br",
    "updated": 0
  },
  {
    "id": "609f0588-2fc4-4217-a3b0-6f08d1f4713a",
    "data": [
      {
        "text": "quero saber mais sobre o contágio do virus",
        "userDefined": false
      }
    ],
    "isTemplate": false,
    "count": 0,
    "lang": "pt-br",
    "updated": 0
  },
  {
    "id": "2d9b7f34-730b-4a88-ab4d-dfcdcb66dc62",
    "data": [
      {
        "text": "pode me explicar sobre o contágio do covid?",
        "userDefined": false
      }
    ],
    "isTemplate": false,
    "count": 0,
    "lang": "pt-br",
    "updated": 0
  },
  {
    "id": "9c0e22cc-941d-474b-b778-aa12f3229836",
    "data": [
      {
        "text": "tenho duvida sobre o contágio do virus",
        "userDefined": false
      }
    ],
    "isTemplate": false,
    "count": 0,
    "lang": "pt-br",
    "updated": 0
  },
  {
    "id": "20a44b00-69af-48e3-a8a2-82662f668797",
    "data": [
      {
        "text": "duvidas sobre contagio",
        "userDefined": false
      }
    ],
    "isTemplate": false,
    "count": 0,
    "lang": "pt-br",
    "updated": 0
  },
  {
    "id": "951d9631-70e4-4d79-9b22-9b2313cba7c6",
    "data": [
      {
        "text": "Contágio",
        "userDefined": false
      }
    ],
    "isTemplate": false,
    "count": 0,
    "lang": "pt-br",
    "updated": 0
  }
]