[
  {
    "id": "a084e9d3-aecf-4a1d-b874-a9480dc6ecbe",
    "data": [
      {
        "text": "Obrigada",
        "userDefined": false
      }
    ],
    "isTemplate": false,
    "count": 0,
    "lang": "pt-br",
    "updated": 0
  },
  {
    "id": "eb98d140-fda4-4cde-a2a7-6bf0ea73a7a9",
    "data": [
      {
        "text": "Entendi, obrigado",
        "userDefined": false
      }
    ],
    "isTemplate": false,
    "count": 0,
    "lang": "pt-br",
    "updated": 0
  },
  {
    "id": "747c195c-802d-4c44-83dd-d7f35679d17d",
    "data": [
      {
        "text": "Tchau Tchau",
        "userDefined": false
      }
    ],
    "isTemplate": false,
    "count": 0,
    "lang": "pt-br",
    "updated": 0
  },
  {
    "id": "4f6944b2-6e68-427c-8f7c-87005384af25",
    "data": [
      {
        "text": "Até logo",
        "userDefined": false
      }
    ],
    "isTemplate": false,
    "count": 0,
    "lang": "pt-br",
    "updated": 0
  },
  {
    "id": "f752a2e5-7c5e-4d5c-aaef-b75a3e0f0e2b",
    "data": [
      {
        "text": "Obrigado",
        "userDefined": false
      }
    ],
    "isTemplate": false,
    "count": 0,
    "lang": "pt-br",
    "updated": 0
  },
  {
    "id": "354f08a6-2534-4104-8b4b-c93ae6e6f475",
    "data": [
      {
        "text": "Voce foi muito informativa",
        "userDefined": false
      }
    ],
    "isTemplate": false,
    "count": 0,
    "lang": "pt-br",
    "updated": 0
  },
  {
    "id": "726b73c6-fab8-4d65-9e8f-ab47b3e96d0c",
    "data": [
      {
        "text": "Até mais",
        "userDefined": false
      }
    ],
    "isTemplate": false,
    "count": 0,
    "lang": "pt-br",
    "updated": 0
  },
  {
    "id": "ca0ff627-9e5a-4083-83f3-8df64e62c69a",
    "data": [
      {
        "text": "Tchau",
        "userDefined": false
      }
    ],
    "isTemplate": false,
    "count": 0,
    "lang": "pt-br",
    "updated": 0
  }
]