[
  {
    "id": "8c0f36c7-139d-4f9b-8c52-dcc7d540340b",
    "data": [
      {
        "text": "como funciona a contaminação do virus?",
        "userDefined": false
      }
    ],
    "isTemplate": false,
    "count": 0,
    "lang": "pt-br",
    "updated": 0
  },
  {
    "id": "2330baa9-5f28-4035-9966-727a7a07618c",
    "data": [
      {
        "text": "como o virus ",
        "userDefined": false
      },
      {
        "text": "contamina",
        "userDefined": false
      },
      {
        "text": " as pessoas?",
        "userDefined": false
      }
    ],
    "isTemplate": false,
    "count": 0,
    "lang": "pt-br",
    "updated": 0
  },
  {
    "id": "7c193d80-0312-49d5-a4a3-09df4db3c27f",
    "data": [
      {
        "text": "como o virus se espalha?",
        "userDefined": false
      }
    ],
    "isTemplate": false,
    "count": 0,
    "lang": "pt-br",
    "updated": 0
  },
  {
    "id": "dd2e8278-5fd1-4d35-8a9f-eb94d5f158ee",
    "data": [
      {
        "text": "quais as formas de contágio do virus?",
        "userDefined": false
      }
    ],
    "isTemplate": false,
    "count": 0,
    "lang": "pt-br",
    "updated": 0
  },
  {
    "id": "91736261-9ac8-46f4-83dc-46fa7e8039dc",
    "data": [
      {
        "text": "quais ",
        "userDefined": false
      },
      {
        "text": "são",
        "userDefined": false
      },
      {
        "text": " as formas de contágio do covid?",
        "userDefined": false
      }
    ],
    "isTemplate": false,
    "count": 0,
    "lang": "pt-br",
    "updated": 0
  },
  {
    "id": "5a9b68d3-a905-476e-8c77-89fa30d3bd8a",
    "data": [
      {
        "text": "formas de contágio",
        "userDefined": false
      }
    ],
    "isTemplate": false,
    "count": 0,
    "lang": "pt-br",
    "updated": 0
  },
  {
    "id": "0bc9a5aa-0d38-4646-8d1d-bccb6305b264",
    "data": [
      {
        "text": "posso me infectar se eu conversar com",
        "userDefined": false
      },
      {
        "text": " alguém que esta contaminado?",
        "userDefined": false
      }
    ],
    "isTemplate": false,
    "count": 0,
    "lang": "pt-br",
    "updated": 0
  },
  {
    "id": "334e788f-f6c7-48a7-8c70-224e43ac1c6a",
    "data": [
      {
        "text": "como as pessoas se infctam?",
        "userDefined": false
      }
    ],
    "isTemplate": false,
    "count": 0,
    "lang": "pt-br",
    "updated": 0
  },
  {
    "id": "b8331de0-8a64-4125-9eb8-2599cb06c5bc",
    "data": [
      {
        "text": "eu posso contaminar outras pessoas?",
        "userDefined": false
      }
    ],
    "isTemplate": false,
    "count": 0,
    "lang": "pt-br",
    "updated": 0
  },
  {
    "id": "0fda5e5a-1aff-4dca-97d0-2318fc3a7779",
    "data": [
      {
        "text": "como o corona virus infecta as pessoas?",
        "userDefined": false
      }
    ],
    "isTemplate": false,
    "count": 0,
    "lang": "pt-br",
    "updated": 0
  },
  {
    "id": "4cf2934f-278f-4e7c-bfc2-30792cfd160b",
    "data": [
      {
        "text": "como posso pegar covid?",
        "userDefined": false
      }
    ],
    "isTemplate": false,
    "count": 0,
    "lang": "pt-br",
    "updated": 0
  },
  {
    "id": "dba1d4dc-a223-4865-af54-0fc4050b893f",
    "data": [
      {
        "text": "como contrair covid?",
        "userDefined": false
      }
    ],
    "isTemplate": false,
    "count": 1,
    "lang": "pt-br",
    "updated": 0
  }
]