[
  {
    "id": "603402ad-5be7-4e7b-8473-1125b1174a0e",
    "data": [
      {
        "text": "Quero saber mais",
        "userDefined": false
      }
    ],
    "isTemplate": false,
    "count": 0,
    "lang": "pt-br",
    "updated": 0
  },
  {
    "id": "306a15a3-ae61-41e0-8b11-591fc074f04f",
    "data": [
      {
        "text": "mais informações, por favor",
        "userDefined": false
      }
    ],
    "isTemplate": false,
    "count": 0,
    "lang": "pt-br",
    "updated": 0
  },
  {
    "id": "95399faa-73b1-4c10-9e68-a0f6410f4bac",
    "data": [
      {
        "text": "quero que ",
        "userDefined": false
      },
      {
        "text": "me",
        "userDefined": false
      },
      {
        "text": " explique mais",
        "userDefined": false
      }
    ],
    "isTemplate": false,
    "count": 0,
    "lang": "pt-br",
    "updated": 0
  },
  {
    "id": "b7fef35b-463e-4c25-991b-42989215e690",
    "data": [
      {
        "text": "pode ajudar sim",
        "userDefined": false
      }
    ],
    "isTemplate": false,
    "count": 0,
    "lang": "pt-br",
    "updated": 0
  },
  {
    "id": "fb6d45ab-d1e6-43cb-a64c-08ddf78ded0b",
    "data": [
      {
        "text": "pode continuar",
        "userDefined": false
      }
    ],
    "isTemplate": false,
    "count": 0,
    "lang": "pt-br",
    "updated": 0
  },
  {
    "id": "d7f5cf51-100f-47f8-bb2c-17267329ee86",
    "data": [
      {
        "text": "quero mais informações",
        "userDefined": false
      }
    ],
    "isTemplate": false,
    "count": 0,
    "lang": "pt-br",
    "updated": 0
  },
  {
    "id": "62420f11-68ed-4c62-850f-46080f0ee3b7",
    "data": [
      {
        "text": "sim quero mais informações",
        "userDefined": false
      }
    ],
    "isTemplate": false,
    "count": 0,
    "lang": "pt-br",
    "updated": 0
  },
  {
    "id": "d392e2f1-1bc1-4b80-b9ca-e168520e6c8f",
    "data": [
      {
        "text": "quero saber mais sobre o ",
        "userDefined": false
      },
      {
        "text": "corona",
        "userDefined": false
      },
      {
        "text": " virus",
        "userDefined": false
      }
    ],
    "isTemplate": false,
    "count": 1,
    "lang": "pt-br",
    "updated": 0
  },
  {
    "id": "8cef330f-f96d-45c7-bcf6-32eeef319aaa",
    "data": [
      {
        "text": "Sim, pode ajudar",
        "userDefined": false
      }
    ],
    "isTemplate": false,
    "count": 0,
    "lang": "pt-br",
    "updated": 0
  },
  {
    "id": "69b24a87-1131-4255-972e-73c922640459",
    "data": [
      {
        "text": "Pode",
        "userDefined": false
      }
    ],
    "isTemplate": false,
    "count": 0,
    "lang": "pt-br",
    "updated": 0
  },
  {
    "id": "f873189e-1b4c-46d7-b80c-da90b70ee496",
    "data": [
      {
        "text": "Sim",
        "userDefined": false
      }
    ],
    "isTemplate": false,
    "count": 0,
    "lang": "pt-br",
    "updated": 0
  }
]