[
  {
    "id": "bf8ddb7a-aefd-4e89-9599-b3ab2e7a425e",
    "data": [
      {
        "text": "quando que o virus age?",
        "userDefined": false
      }
    ],
    "isTemplate": false,
    "count": 0,
    "lang": "pt-br",
    "updated": 0
  },
  {
    "id": "afc6541c-052d-490e-afe0-5a21802fc97c",
    "data": [
      {
        "text": "quanto tempo leva pro virus ficar ativo no corpo?",
        "userDefined": false
      }
    ],
    "isTemplate": false,
    "count": 0,
    "lang": "pt-br",
    "updated": 0
  },
  {
    "id": "2c07d162-2788-4e65-ac28-979c61d2ecdc",
    "data": [
      {
        "text": "tenho duvidas sobre o periodo de incubação do virus",
        "userDefined": false
      }
    ],
    "isTemplate": false,
    "count": 0,
    "lang": "pt-br",
    "updated": 0
  },
  {
    "id": "9cf435e4-08c3-4e35-a32d-d343f329b257",
    "data": [
      {
        "text": "posso estar infectado e não sentir sintomas?",
        "userDefined": false
      }
    ],
    "isTemplate": false,
    "count": 0,
    "lang": "pt-br",
    "updated": 0
  },
  {
    "id": "c2145c85-35fa-4888-a0a0-fe1035e74114",
    "data": [
      {
        "text": "quando o virus age no corpo?",
        "userDefined": false
      }
    ],
    "isTemplate": false,
    "count": 0,
    "lang": "pt-br",
    "updated": 0
  },
  {
    "id": "05bf33aa-f6ef-486d-a770-6bf77b7444f5",
    "data": [
      {
        "text": "o virus dorme?",
        "userDefined": false
      }
    ],
    "isTemplate": false,
    "count": 0,
    "lang": "pt-br",
    "updated": 0
  },
  {
    "id": "f2544149-efeb-4d8f-9996-f2864068fa97",
    "data": [
      {
        "text": "quanto tempo pro virus fazer efeito no corpo?",
        "userDefined": false
      }
    ],
    "isTemplate": false,
    "count": 0,
    "lang": "pt-br",
    "updated": 0
  },
  {
    "id": "d891fa99-7f1a-4a35-a252-e81adce5511d",
    "data": [
      {
        "text": "posso não sentir sintomas?",
        "userDefined": false
      }
    ],
    "isTemplate": false,
    "count": 0,
    "lang": "pt-br",
    "updated": 0
  },
  {
    "id": "5b402ec3-f172-4c1e-b51e-3ec8812b32b6",
    "data": [
      {
        "text": "quanto tempo o virus pode ficar dormente?",
        "userDefined": false
      }
    ],
    "isTemplate": false,
    "count": 0,
    "lang": "pt-br",
    "updated": 0
  },
  {
    "id": "0a8df1c5-7dbf-4c6d-bcf9-0fd2529ee7ab",
    "data": [
      {
        "text": "qual o tempo de incubação do virus",
        "userDefined": false
      }
    ],
    "isTemplate": false,
    "count": 0,
    "lang": "pt-br",
    "updated": 0
  },
  {
    "id": "d932e5c9-5d1d-4c35-a716-7c41319c4d33",
    "data": [
      {
        "text": "Período de incubação",
        "userDefined": false
      }
    ],
    "isTemplate": false,
    "count": 0,
    "lang": "pt-br",
    "updated": 0
  },
  {
    "id": "c29e049d-e900-40e3-82ba-ecfab4ad0ef0",
    "data": [
      {
        "text": "periodo de incubação",
        "userDefined": false
      }
    ],
    "isTemplate": false,
    "count": 0,
    "lang": "pt-br",
    "updated": 0
  }
]