[
  {
    "id": "81e09dca-5fd1-40ab-a442-a6ab7e74d710",
    "data": [
      {
        "text": "tive ",
        "userDefined": false
      },
      {
        "text": "nenhum",
        "meta": "@QuantidadeSintomas",
        "alias": "qtdSintomas",
        "userDefined": false
      },
      {
        "text": " sintoma",
        "userDefined": false
      }
    ],
    "isTemplate": false,
    "count": 0,
    "lang": "pt-br",
    "updated": 0
  },
  {
    "id": "02ab287e-10d0-40fd-ad15-2da323dee560",
    "data": [
      {
        "text": "tive ",
        "userDefined": false
      },
      {
        "text": "mais de tres sintomas",
        "meta": "@QuantidadeSintomas",
        "alias": "qtdSintomas",
        "userDefined": false
      }
    ],
    "isTemplate": false,
    "count": 1,
    "lang": "pt-br",
    "updated": 0
  },
  {
    "id": "7fed384c-ea3f-4f63-aa41-b67a0b4fc985",
    "data": [
      {
        "text": "mais de 3",
        "meta": "@QuantidadeSintomas",
        "alias": "qtdSintomas",
        "userDefined": false
      },
      {
        "text": " sintomas",
        "userDefined": false
      }
    ],
    "isTemplate": false,
    "count": 0,
    "lang": "pt-br",
    "updated": 0
  },
  {
    "id": "af9a6f23-e363-4380-800c-2320ba2a8f20",
    "data": [
      {
        "text": "mais de tres sintomas",
        "meta": "@QuantidadeSintomas",
        "alias": "qtdSintomas",
        "userDefined": false
      }
    ],
    "isTemplate": false,
    "count": 0,
    "lang": "pt-br",
    "updated": 0
  },
  {
    "id": "aafb23e0-79e8-4835-8949-93aff10d538e",
    "data": [
      {
        "text": "tive ",
        "userDefined": false
      },
      {
        "text": "mais que tres",
        "meta": "@QuantidadeSintomas",
        "alias": "qtdSintomas",
        "userDefined": true
      }
    ],
    "isTemplate": false,
    "count": 0,
    "lang": "pt-br",
    "updated": 0
  },
  {
    "id": "b6bf7cdd-1360-4601-9f7b-5ed1a1c8773b",
    "data": [
      {
        "text": "mais de três sintomas",
        "meta": "@QuantidadeSintomas",
        "alias": "qtdSintomas",
        "userDefined": true
      }
    ],
    "isTemplate": false,
    "count": 0,
    "lang": "pt-br",
    "updated": 0
  },
  {
    "id": "9045c18e-8fc2-4ff5-8575-67135dc1293b",
    "data": [
      {
        "text": "0",
        "meta": "@QuantidadeSintomas",
        "alias": "qtdSintomas",
        "userDefined": true
      }
    ],
    "isTemplate": false,
    "count": 0,
    "lang": "pt-br",
    "updated": 0
  },
  {
    "id": "6bb6fd33-05e0-48b3-9775-a94218c35dd5",
    "data": [
      {
        "text": "5",
        "meta": "@QuantidadeSintomas",
        "alias": "qtdSintomas",
        "userDefined": true
      }
    ],
    "isTemplate": false,
    "count": 0,
    "lang": "pt-br",
    "updated": 0
  },
  {
    "id": "31535c4d-490c-4963-bc70-5e0e3929a2d1",
    "data": [
      {
        "text": "4",
        "meta": "@QuantidadeSintomas",
        "alias": "qtdSintomas",
        "userDefined": true
      }
    ],
    "isTemplate": false,
    "count": 0,
    "lang": "pt-br",
    "updated": 0
  },
  {
    "id": "552eb47f-2e7c-491f-b1a0-953a5db5dadd",
    "data": [
      {
        "text": "3",
        "meta": "@QuantidadeSintomas",
        "alias": "qtdSintomas",
        "userDefined": true
      }
    ],
    "isTemplate": false,
    "count": 0,
    "lang": "pt-br",
    "updated": 0
  },
  {
    "id": "ae12fb72-bfad-4c3a-a9e0-885e1eef923d",
    "data": [
      {
        "text": "2",
        "meta": "@QuantidadeSintomas",
        "alias": "qtdSintomas",
        "userDefined": true
      }
    ],
    "isTemplate": false,
    "count": 0,
    "lang": "pt-br",
    "updated": 0
  },
  {
    "id": "e105937b-90d7-4923-9a22-da9494c5f8f9",
    "data": [
      {
        "text": "1",
        "meta": "@QuantidadeSintomas",
        "alias": "qtdSintomas",
        "userDefined": true
      }
    ],
    "isTemplate": false,
    "count": 0,
    "lang": "pt-br",
    "updated": 0
  },
  {
    "id": "31300857-6d01-4c9a-bb60-4a116c3c4979",
    "data": [
      {
        "text": "nenhum",
        "meta": "@QuantidadeSintomas",
        "alias": "qtdSintomas",
        "userDefined": true
      }
    ],
    "isTemplate": false,
    "count": 0,
    "lang": "pt-br",
    "updated": 0
  }
]