[
  {
    "id": "542fc391-7577-4af8-9725-f5e67e3d8715",
    "data": [
      {
        "text": "nao",
        "userDefined": false
      }
    ],
    "isTemplate": false,
    "count": 0,
    "lang": "pt-br",
    "updated": 0
  },
  {
    "id": "1a82f747-49c7-4a9f-afd9-519bab6a130e",
    "data": [
      {
        "text": "tomei",
        "userDefined": false
      },
      {
        "text": ", mas não mudou nada",
        "userDefined": false
      }
    ],
    "isTemplate": false,
    "count": 1,
    "lang": "pt-br",
    "updated": 0
  },
  {
    "id": "6c146fca-b4e9-4067-8a18-9e6951482ada",
    "data": [
      {
        "text": "tomei",
        "userDefined": false
      },
      {
        "text": " ",
        "userDefined": false
      },
      {
        "text": "um",
        "userDefined": false
      },
      {
        "text": " ",
        "userDefined": false
      },
      {
        "text": "remédio",
        "userDefined": false
      },
      {
        "text": " mas não melhorei",
        "userDefined": false
      }
    ],
    "isTemplate": false,
    "count": 0,
    "lang": "pt-br",
    "updated": 0
  },
  {
    "id": "261be2d3-3b18-4ec8-b45d-20ea63cf719b",
    "data": [
      {
        "text": "continuo mal",
        "userDefined": false
      }
    ],
    "isTemplate": false,
    "count": 0,
    "lang": "pt-br",
    "updated": 0
  },
  {
    "id": "7784b90d-5d71-4f04-b704-f51709f644e0",
    "data": [
      {
        "text": "continuei ruim",
        "userDefined": false
      }
    ],
    "isTemplate": false,
    "count": 0,
    "lang": "pt-br",
    "updated": 0
  },
  {
    "id": "0f937d89-3dc1-431b-9201-3431902e61fb",
    "data": [
      {
        "text": "não mudou nada",
        "userDefined": false
      }
    ],
    "isTemplate": false,
    "count": 0,
    "lang": "pt-br",
    "updated": 0
  },
  {
    "id": "c80d78f1-ec97-42e0-84e1-269b2b67569b",
    "data": [
      {
        "text": "não fiquei ",
        "userDefined": false
      },
      {
        "text": "bem",
        "userDefined": false
      }
    ],
    "isTemplate": false,
    "count": 0,
    "lang": "pt-br",
    "updated": 0
  },
  {
    "id": "1f2c17d1-2ffc-4bd8-bcc9-95be3df9cabf",
    "data": [
      {
        "text": "nao melhorei",
        "userDefined": false
      }
    ],
    "isTemplate": false,
    "count": 0,
    "lang": "pt-br",
    "updated": 0
  },
  {
    "id": "83158249-8947-4539-85b8-58bbd2a33783",
    "data": [
      {
        "text": "não sinto melhor",
        "userDefined": false
      }
    ],
    "isTemplate": false,
    "count": 0,
    "lang": "pt-br",
    "updated": 0
  },
  {
    "id": "a778723e-cb1e-4e52-b942-e918baabb0e7",
    "data": [
      {
        "text": "não",
        "userDefined": false
      }
    ],
    "isTemplate": false,
    "count": 0,
    "lang": "pt-br",
    "updated": 0
  }
]