[
  {
    "id": "ae12e1d0-2d82-47f8-869f-4f472bc289a3",
    "data": [
      {
        "text": "era só isso mesmo",
        "userDefined": false
      }
    ],
    "isTemplate": false,
    "count": 0,
    "lang": "pt-br",
    "updated": 0
  },
  {
    "id": "f86518f5-f6c0-4a56-bef3-08ba77653f0b",
    "data": [
      {
        "text": "não, era só isso",
        "userDefined": false
      }
    ],
    "isTemplate": false,
    "count": 0,
    "lang": "pt-br",
    "updated": 0
  },
  {
    "id": "d0059ddd-f150-49f1-b4ee-ee98cb83c331",
    "data": [
      {
        "text": "não quero mais nada",
        "userDefined": false
      }
    ],
    "isTemplate": false,
    "count": 0,
    "lang": "pt-br",
    "updated": 0
  },
  {
    "id": "9a580e5f-ce17-4d4d-bfc0-d584b8172ec6",
    "data": [
      {
        "text": "por favor, não",
        "userDefined": false
      }
    ],
    "isTemplate": false,
    "count": 0,
    "lang": "pt-br",
    "updated": 0
  },
  {
    "id": "788dc7c7-de74-41ea-855d-6e1c62e0c336",
    "data": [
      {
        "text": "não obrigado",
        "userDefined": false
      }
    ],
    "isTemplate": false,
    "count": 0,
    "lang": "pt-br",
    "updated": 0
  },
  {
    "id": "6d80d1ac-9f93-4f1a-8fac-188cf93e8284",
    "data": [
      {
        "text": "não precisa",
        "userDefined": false
      }
    ],
    "isTemplate": false,
    "count": 0,
    "lang": "pt-br",
    "updated": 0
  },
  {
    "id": "7bff0b5b-3a3e-49cc-be4f-d9bacb931657",
    "data": [
      {
        "text": "não quero mais",
        "userDefined": false
      }
    ],
    "isTemplate": false,
    "count": 0,
    "lang": "pt-br",
    "updated": 0
  },
  {
    "id": "d92f1fc1-068c-43b6-a5b0-72aeb3cb38f5",
    "data": [
      {
        "text": "nao",
        "userDefined": false
      }
    ],
    "isTemplate": false,
    "count": 0,
    "lang": "pt-br",
    "updated": 0
  },
  {
    "id": "0a0c40f6-f752-4f72-8b0b-1c22dad6d49b",
    "data": [
      {
        "text": "não",
        "userDefined": false
      }
    ],
    "isTemplate": false,
    "count": 0,
    "lang": "pt-br",
    "updated": 0
  }
]