[
  {
    "id": "0e80f16d-f04a-4ea4-b97a-0cbcf4fa7999",
    "data": [
      {
        "text": "nao",
        "userDefined": false
      }
    ],
    "isTemplate": false,
    "count": 0,
    "lang": "pt-br",
    "updated": 0
  },
  {
    "id": "4c46e1b7-9fbf-4c91-be39-e0c3a8dd83c3",
    "data": [
      {
        "text": "cancelar",
        "userDefined": false
      }
    ],
    "isTemplate": false,
    "count": 0,
    "lang": "pt-br",
    "updated": 0
  },
  {
    "id": "c21a2ff4-1db8-4bc4-991c-e32887f47b50",
    "data": [
      {
        "text": "não fazer",
        "userDefined": false
      }
    ],
    "isTemplate": false,
    "count": 0,
    "lang": "pt-br",
    "updated": 0
  },
  {
    "id": "b89b17f4-130b-4760-a04a-57c16da5987b",
    "data": [
      {
        "text": "acho melhor não",
        "userDefined": false
      }
    ],
    "isTemplate": false,
    "count": 0,
    "lang": "pt-br",
    "updated": 0
  },
  {
    "id": "a5becb31-539b-4492-9acc-d715380507aa",
    "data": [
      {
        "text": "acho que não",
        "userDefined": false
      }
    ],
    "isTemplate": false,
    "count": 0,
    "lang": "pt-br",
    "updated": 0
  },
  {
    "id": "02067e76-4b34-480f-9511-cc0ebeec8b61",
    "data": [
      {
        "text": "prefiro que não",
        "userDefined": false
      }
    ],
    "isTemplate": false,
    "count": 0,
    "lang": "pt-br",
    "updated": 0
  },
  {
    "id": "3cac4396-9ddf-4970-b2d7-2f43ac4f070b",
    "data": [
      {
        "text": "não vou querer",
        "userDefined": false
      }
    ],
    "isTemplate": false,
    "count": 0,
    "lang": "pt-br",
    "updated": 0
  },
  {
    "id": "e6ae8d7c-3b9e-4253-b92e-81a652279fb3",
    "data": [
      {
        "text": "não, obrigado",
        "userDefined": false
      }
    ],
    "isTemplate": false,
    "count": 0,
    "lang": "pt-br",
    "updated": 0
  },
  {
    "id": "7734cef4-4404-4194-91d8-e1e182ee79b7",
    "data": [
      {
        "text": "não quero",
        "userDefined": false
      }
    ],
    "isTemplate": false,
    "count": 0,
    "lang": "pt-br",
    "updated": 0
  },
  {
    "id": "e9ea198b-7687-49a8-8c29-89b4cd666d93",
    "data": [
      {
        "text": "melhor não",
        "userDefined": false
      }
    ],
    "isTemplate": false,
    "count": 0,
    "lang": "pt-br",
    "updated": 0
  },
  {
    "id": "ca792d40-0c7c-498e-93b0-a8ce316697bb",
    "data": [
      {
        "text": "não",
        "userDefined": false
      }
    ],
    "isTemplate": false,
    "count": 0,
    "lang": "pt-br",
    "updated": 0
  }
]