[
  {
    "id": "83db7190-be2c-4276-8274-6050582834f6",
    "data": [
      {
        "text": "tenho mais perguntas",
        "userDefined": false
      }
    ],
    "isTemplate": false,
    "count": 0,
    "lang": "pt-br",
    "updated": 0
  },
  {
    "id": "155a995d-959b-4cf1-8728-bf3599aafdc3",
    "data": [
      {
        "text": "gostaria de saber mais alguma coisa sobre o covid",
        "userDefined": false
      }
    ],
    "isTemplate": false,
    "count": 0,
    "lang": "pt-br",
    "updated": 0
  },
  {
    "id": "21eb74d7-afff-4865-a153-0ecb220f196a",
    "data": [
      {
        "text": "quer saber mais",
        "userDefined": false
      }
    ],
    "isTemplate": false,
    "count": 0,
    "lang": "pt-br",
    "updated": 0
  },
  {
    "id": "70f6fb06-5eeb-48c1-9397-c4294d2eba68",
    "data": [
      {
        "text": "poderia me informar mais coisas?",
        "userDefined": false
      }
    ],
    "isTemplate": false,
    "count": 0,
    "lang": "pt-br",
    "updated": 0
  },
  {
    "id": "2eb23fca-4fb8-4f9d-ad87-99e6a659a442",
    "data": [
      {
        "text": "pode ajudar",
        "userDefined": false
      }
    ],
    "isTemplate": false,
    "count": 0,
    "lang": "pt-br",
    "updated": 0
  },
  {
    "id": "3f163d0d-cd13-45e6-b523-c1324aba47a1",
    "data": [
      {
        "text": "Pode ajudar sim",
        "userDefined": false
      }
    ],
    "isTemplate": false,
    "count": 0,
    "lang": "pt-br",
    "updated": 0
  },
  {
    "id": "e857e71a-651b-4bdb-9d45-ac41b8238054",
    "data": [
      {
        "text": "pode",
        "userDefined": false
      }
    ],
    "isTemplate": false,
    "count": 0,
    "lang": "pt-br",
    "updated": 0
  },
  {
    "id": "a168abcf-7fa6-46b3-8b1c-9fed5e1a8163",
    "data": [
      {
        "text": "sim pode",
        "userDefined": false
      }
    ],
    "isTemplate": false,
    "count": 0,
    "lang": "pt-br",
    "updated": 0
  },
  {
    "id": "70426d42-f432-411f-a5ed-f2f95aac141f",
    "data": [
      {
        "text": "sim, quero",
        "userDefined": false
      }
    ],
    "isTemplate": false,
    "count": 0,
    "lang": "pt-br",
    "updated": 0
  },
  {
    "id": "0f3f9878-dbda-43ad-8224-d5e456f370e2",
    "data": [
      {
        "text": "mais informações",
        "userDefined": false
      }
    ],
    "isTemplate": false,
    "count": 0,
    "lang": "pt-br",
    "updated": 0
  },
  {
    "id": "ee3ba87e-c2f8-4dbd-8a9b-bb0bb2130687",
    "data": [
      {
        "text": "quero mais informações",
        "userDefined": false
      }
    ],
    "isTemplate": false,
    "count": 0,
    "lang": "pt-br",
    "updated": 0
  },
  {
    "id": "dc70374c-09dd-4643-b400-1a2ca1a90bab",
    "data": [
      {
        "text": "Quero saber mais",
        "userDefined": false
      }
    ],
    "isTemplate": false,
    "count": 0,
    "lang": "pt-br",
    "updated": 0
  },
  {
    "id": "e1dfd62b-81b7-42ea-92e0-5bdf6418dbc6",
    "data": [
      {
        "text": "sim",
        "userDefined": false
      }
    ],
    "isTemplate": false,
    "count": 1,
    "lang": "pt-br",
    "updated": 0
  }
]