[
  {
    "id": "29683557-906b-41fe-85e8-3d4c7f605afd",
    "data": [
      {
        "text": "Tudo ",
        "userDefined": false
      },
      {
        "text": "bem",
        "userDefined": false
      },
      {
        "text": ", já esclareceu minha duvida",
        "userDefined": false
      }
    ],
    "isTemplate": false,
    "count": 0,
    "lang": "pt-br",
    "updated": 0
  },
  {
    "id": "39f7450f-eafa-40f6-b908-be80962d0f93",
    "data": [
      {
        "text": "ja me informei o suficiente",
        "userDefined": false
      }
    ],
    "isTemplate": false,
    "count": 0,
    "lang": "pt-br",
    "updated": 0
  },
  {
    "id": "08d0b881-bd53-4b6a-972e-cbb75c4edd32",
    "data": [
      {
        "text": "não preciso mais",
        "userDefined": false
      }
    ],
    "isTemplate": false,
    "count": 0,
    "lang": "pt-br",
    "updated": 0
  },
  {
    "id": "8128c9bf-b880-4ac3-9177-0b156686ca39",
    "data": [
      {
        "text": "não, ja terminei",
        "userDefined": false
      }
    ],
    "isTemplate": false,
    "count": 0,
    "lang": "pt-br",
    "updated": 0
  },
  {
    "id": "300c6ada-8c41-4d54-a3b9-76d498a2f4c7",
    "data": [
      {
        "text": "não precisa",
        "userDefined": false
      }
    ],
    "isTemplate": false,
    "count": 0,
    "lang": "pt-br",
    "updated": 0
  },
  {
    "id": "2f89980e-6825-4b94-90ad-cc9abe9312c4",
    "data": [
      {
        "text": "não quero",
        "userDefined": false
      }
    ],
    "isTemplate": false,
    "count": 0,
    "lang": "pt-br",
    "updated": 0
  },
  {
    "id": "ffbfeb1b-af70-4c67-a952-890135f3b67a",
    "data": [
      {
        "text": "não, era só isso",
        "userDefined": false
      }
    ],
    "isTemplate": false,
    "count": 0,
    "lang": "pt-br",
    "updated": 0
  },
  {
    "id": "c208ff84-acac-4fe4-a2d7-f8feecc39eae",
    "data": [
      {
        "text": "Não ",
        "userDefined": false
      },
      {
        "text": "pode",
        "userDefined": false
      }
    ],
    "isTemplate": false,
    "count": 0,
    "lang": "pt-br",
    "updated": 0
  },
  {
    "id": "001885ab-2cec-4192-b32d-d2cea801ec41",
    "data": [
      {
        "text": "n",
        "userDefined": false
      }
    ],
    "isTemplate": false,
    "count": 1,
    "lang": "pt-br",
    "updated": 0
  },
  {
    "id": "5e89548c-4f5b-40f6-a199-43b40820be78",
    "data": [
      {
        "text": "não",
        "userDefined": false
      }
    ],
    "isTemplate": false,
    "count": 0,
    "lang": "pt-br",
    "updated": 0
  },
  {
    "id": "014cc405-00bc-4938-9791-34c0b44cfced",
    "data": [
      {
        "text": "na",
        "userDefined": false
      }
    ],
    "isTemplate": false,
    "count": 1,
    "lang": "pt-br",
    "updated": 0
  }
]