[
  {
    "id": "e59c5154-b2be-430c-bd5f-464fa7bcd301",
    "data": [
      {
        "text": "não preciso mais da sua ajuda",
        "userDefined": false
      }
    ],
    "isTemplate": false,
    "count": 0,
    "lang": "pt-br",
    "updated": 0
  },
  {
    "id": "af2018e6-9302-4510-85ac-1c9e1d3c31e2",
    "data": [
      {
        "text": "precisa mais não",
        "userDefined": false
      }
    ],
    "isTemplate": false,
    "count": 0,
    "lang": "pt-br",
    "updated": 0
  },
  {
    "id": "26091ec8-b9e0-48e7-85e1-3c2ef5bbe4fa",
    "data": [
      {
        "text": "pode parar",
        "userDefined": false
      }
    ],
    "isTemplate": false,
    "count": 0,
    "lang": "pt-br",
    "updated": 0
  },
  {
    "id": "a8d1da7c-2ba3-4865-b5e9-63ea0aaa5cd1",
    "data": [
      {
        "text": "não pode me ajudar mais",
        "userDefined": false
      }
    ],
    "isTemplate": false,
    "count": 0,
    "lang": "pt-br",
    "updated": 0
  },
  {
    "id": "abb403d6-4257-4726-b70b-4a6f47225a1d",
    "data": [
      {
        "text": "não, obrigado",
        "userDefined": false
      }
    ],
    "isTemplate": false,
    "count": 0,
    "lang": "pt-br",
    "updated": 0
  },
  {
    "id": "20632592-2b4a-417d-aa9b-c2d504ec203d",
    "data": [
      {
        "text": "não precisa",
        "userDefined": false
      }
    ],
    "isTemplate": false,
    "count": 0,
    "lang": "pt-br",
    "updated": 0
  },
  {
    "id": "53808229-ab8a-4aa1-bfdd-5f24017baa34",
    "data": [
      {
        "text": "era só isso, obrigado",
        "userDefined": false
      }
    ],
    "isTemplate": false,
    "count": 0,
    "lang": "pt-br",
    "updated": 0
  },
  {
    "id": "5fb42ff4-eaf2-4cce-8385-9f7579d91508",
    "data": [
      {
        "text": "ja me ajudou o suficiente",
        "userDefined": false
      }
    ],
    "isTemplate": false,
    "count": 0,
    "lang": "pt-br",
    "updated": 0
  },
  {
    "id": "d0860fb9-edec-4d0d-858f-e862934d0f0d",
    "data": [
      {
        "text": "quero mais nada não",
        "userDefined": false
      }
    ],
    "isTemplate": false,
    "count": 0,
    "lang": "pt-br",
    "updated": 0
  },
  {
    "id": "6b68e3c0-bd20-4f6e-8006-e0fe371a9c8c",
    "data": [
      {
        "text": "não só isso mesmo",
        "userDefined": false
      }
    ],
    "isTemplate": false,
    "count": 0,
    "lang": "pt-br",
    "updated": 0
  },
  {
    "id": "58756536-f0cf-4ef6-8e75-8c3c0f71b86b",
    "data": [
      {
        "text": "não quero",
        "userDefined": false
      }
    ],
    "isTemplate": false,
    "count": 0,
    "lang": "pt-br",
    "updated": 0
  },
  {
    "id": "2f4e6630-5822-495c-8da5-26007b7b67df",
    "data": [
      {
        "text": "não",
        "userDefined": false
      }
    ],
    "isTemplate": false,
    "count": 0,
    "lang": "pt-br",
    "updated": 0
  },
  {
    "id": "95a5d59c-a86e-4d30-b4fa-fc46e89bba68",
    "data": [
      {
        "text": "não pode",
        "userDefined": false
      }
    ],
    "isTemplate": false,
    "count": 0,
    "lang": "pt-br",
    "updated": 0
  }
]