[
  {
    "value": "0",
    "synonyms": [
      "0",
      "nenhum",
      "zero",
      "não tive",
      "Não",
      "nao",
      "sem"
    ]
  },
  {
    "value": "1",
    "synonyms": [
      "1",
      "um",
      "1-2",
      "2",
      "dois",
      "3",
      "três",
      "tres",
      "coriza",
      "nariz entupido",
      "cansaço",
      "dor de cabeça",
      "dor no corpo",
      "dores no corpo",
      "dor abdominal",
      "dores abdominais",
      "dor de garganta",
      "dor na garganta",
      "diarréia",
      "dor de barriga",
      "mal estar",
      "tosse",
      "perda de olfato",
      "perda de paladar",
      "olfato",
      "paladar"
    ]
  },
  {
    "value": "2",
    "synonyms": [
      "+",
      "mais de três",
      "mais que isso",
      "maior",
      "mais",
      "4",
      "5",
      "6",
      "7",
      "8",
      "9",
      "10",
      "quatro",
      "cinco",
      "seis",
      "sete",
      "oito",
      "nove",
      "dez",
      "vários"
    ]
  }
]