[
  {
    "id": "f3434f0e-2310-47e5-b82a-c39efde61050",
    "data": [
      {
        "text": "meteorologia ",
        "userDefined": false
      },
      {
        "text": "porto seguro",
        "meta": "@sys.location",
        "alias": "cidade",
        "userDefined": false
      }
    ],
    "isTemplate": false,
    "count": 0,
    "lang": "pt-br",
    "updated": 0
  },
  {
    "id": "91e234a7-7afd-4fb5-8550-620a6932e766",
    "data": [
      {
        "text": "condições meteorológicas ",
        "userDefined": false
      },
      {
        "text": "palmas",
        "meta": "@sys.location",
        "alias": "cidade",
        "userDefined": false
      }
    ],
    "isTemplate": false,
    "count": 0,
    "lang": "pt-br",
    "updated": 0
  },
  {
    "id": "0f1161c5-d494-4d6e-9797-2ac1ed3fd013",
    "data": [
      {
        "text": "clima ",
        "userDefined": false
      },
      {
        "text": "Aracajú",
        "meta": "@sys.location",
        "alias": "cidade",
        "userDefined": false
      }
    ],
    "isTemplate": false,
    "count": 0,
    "lang": "pt-br",
    "updated": 0
  },
  {
    "id": "64ec6037-08f5-4a9e-b190-61f82d2bc29a",
    "data": [
      {
        "text": "Rio branco",
        "meta": "@sys.location",
        "alias": "cidade",
        "userDefined": false
      }
    ],
    "isTemplate": false,
    "count": 0,
    "lang": "pt-br",
    "updated": 0
  },
  {
    "id": "0ab798f5-2819-4e51-8e4e-0a60b66e3e29",
    "data": [
      {
        "text": "previsão ",
        "userDefined": false
      },
      {
        "text": "para",
        "userDefined": false
      },
      {
        "text": " ",
        "userDefined": false
      },
      {
        "text": "pelotas",
        "meta": "@sys.location",
        "alias": "cidade",
        "userDefined": true
      }
    ],
    "isTemplate": false,
    "count": 0,
    "lang": "pt-br",
    "updated": 0
  },
  {
    "id": "3daba0cb-58c4-4079-8776-ffe2a76a7f76",
    "data": [
      {
        "text": "vai chover em ",
        "userDefined": false
      },
      {
        "text": "rio verde",
        "meta": "@sys.location",
        "alias": "cidade",
        "userDefined": false
      },
      {
        "text": "?",
        "userDefined": false
      }
    ],
    "isTemplate": false,
    "count": 0,
    "lang": "pt-br",
    "updated": 0
  },
  {
    "id": "1cec0e2d-772b-4053-a442-2bc3ebc9f5e3",
    "data": [
      {
        "text": "tempo no ",
        "userDefined": false
      },
      {
        "text": "rio de janeiro",
        "meta": "@sys.location",
        "alias": "cidade",
        "userDefined": false
      }
    ],
    "isTemplate": false,
    "count": 0,
    "lang": "pt-br",
    "updated": 0
  },
  {
    "id": "5edb4a0b-3d2b-41fa-95f7-8a808b47ad54",
    "data": [
      {
        "text": "clima em ",
        "userDefined": false
      },
      {
        "text": "fortaleza",
        "meta": "@sys.location",
        "alias": "cidade",
        "userDefined": false
      }
    ],
    "isTemplate": false,
    "count": 0,
    "lang": "pt-br",
    "updated": 0
  },
  {
    "id": "bb344d16-2e05-4298-9a8b-51920f5f4462",
    "data": [
      {
        "text": "como vai estar o tempo em ",
        "userDefined": false
      },
      {
        "text": "coxim",
        "meta": "@sys.location",
        "alias": "cidade",
        "userDefined": false
      },
      {
        "text": " ",
        "userDefined": false
      },
      {
        "text": "amanhã",
        "userDefined": false
      },
      {
        "text": "?",
        "userDefined": false
      }
    ],
    "isTemplate": false,
    "count": 0,
    "lang": "pt-br",
    "updated": 0
  },
  {
    "id": "30526ac2-b598-42f1-addf-0923624f6389",
    "data": [
      {
        "text": "previsao do tempo ",
        "userDefined": false
      },
      {
        "text": "Campo Grande",
        "meta": "@sys.location",
        "alias": "cidade",
        "userDefined": false
      }
    ],
    "isTemplate": false,
    "count": 0,
    "lang": "pt-br",
    "updated": 0
  },
  {
    "id": "896b4701-c2c1-42d3-91d5-6ffe49fa4467",
    "data": [
      {
        "text": "previsao do tempo",
        "userDefined": false
      }
    ],
    "isTemplate": false,
    "count": 0,
    "lang": "pt-br",
    "updated": 0
  }
]