[
  {
    "id": "35c47d55-77c6-4987-97a0-8b4d07c738eb",
    "data": [
      {
        "text": "como faz a previsão do tempo",
        "userDefined": false
      }
    ],
    "isTemplate": false,
    "count": 0,
    "lang": "pt-br",
    "updated": 0
  },
  {
    "id": "1c41a2aa-1d62-4039-bd30-01d512e65487",
    "data": [
      {
        "text": "como faz a previsão do tempo?",
        "userDefined": false
      }
    ],
    "isTemplate": false,
    "count": 0,
    "lang": "pt-br",
    "updated": 0
  },
  {
    "id": "a6708131-f7f0-40c4-bad2-6eac16d479bd",
    "data": [
      {
        "text": "Como achar a previsão do tempo?",
        "userDefined": false
      }
    ],
    "isTemplate": false,
    "count": 0,
    "lang": "pt-br",
    "updated": 0
  },
  {
    "id": "49b83a33-63d1-4c44-86d3-83f0f4e64bf6",
    "data": [
      {
        "text": "não sei o que fazer",
        "userDefined": false
      }
    ],
    "isTemplate": false,
    "count": 0,
    "lang": "pt-br",
    "updated": 0
  },
  {
    "id": "cc8d653d-ce41-4e6f-9e6e-a0c078edd979",
    "data": [
      {
        "text": "me ajuda",
        "userDefined": false
      }
    ],
    "isTemplate": false,
    "count": 0,
    "lang": "pt-br",
    "updated": 0
  },
  {
    "id": "5c48938a-ed9e-4477-970b-b4d58b3da370",
    "data": [
      {
        "text": "onde consigo auxílio?",
        "userDefined": false
      }
    ],
    "isTemplate": false,
    "count": 0,
    "lang": "pt-br",
    "updated": 0
  },
  {
    "id": "064cc1a4-d3d3-499c-b075-d41cfa68e4ed",
    "data": [
      {
        "text": "como usar o bot?",
        "userDefined": false
      }
    ],
    "isTemplate": false,
    "count": 0,
    "lang": "pt-br",
    "updated": 0
  },
  {
    "id": "926fb01f-b03a-4f90-b972-fcd3857b0e6a",
    "data": [
      {
        "text": "como funciona o bot?",
        "userDefined": false
      }
    ],
    "isTemplate": false,
    "count": 0,
    "lang": "pt-br",
    "updated": 0
  },
  {
    "id": "c1d552a8-24c7-4ec9-bd08-2e83783da3e5",
    "data": [
      {
        "text": "estou perdido",
        "userDefined": false
      }
    ],
    "isTemplate": false,
    "count": 1,
    "lang": "pt-br",
    "updated": 0
  },
  {
    "id": "abfa7940-f81c-4cb8-ac22-2094cd1a7969",
    "data": [
      {
        "text": "socorro",
        "userDefined": false
      }
    ],
    "isTemplate": false,
    "count": 0,
    "lang": "pt-br",
    "updated": 0
  },
  {
    "id": "79135b53-44a2-4c30-8c59-83bf37711de4",
    "data": [
      {
        "text": "preciso de assistência",
        "userDefined": false
      }
    ],
    "isTemplate": false,
    "count": 0,
    "lang": "pt-br",
    "updated": 0
  },
  {
    "id": "653f0473-0ea4-4183-86cd-6b9e11b29dd3",
    "data": [
      {
        "text": "gostaria de auxilio",
        "userDefined": false
      }
    ],
    "isTemplate": false,
    "count": 0,
    "lang": "pt-br",
    "updated": 0
  },
  {
    "id": "4fca153e-fe7c-4598-a859-2d28297e534e",
    "data": [
      {
        "text": "menu de ajuda",
        "userDefined": false
      }
    ],
    "isTemplate": false,
    "count": 0,
    "lang": "pt-br",
    "updated": 0
  },
  {
    "id": "bdef54d8-c791-4aba-9a4d-234f5f43f33c",
    "data": [
      {
        "text": "como posso conseguir ajuda?",
        "userDefined": false
      }
    ],
    "isTemplate": false,
    "count": 0,
    "lang": "pt-br",
    "updated": 0
  },
  {
    "id": "48bdb259-979d-4d74-ba13-5236804277e8",
    "data": [
      {
        "text": "necessito de ajuda",
        "userDefined": false
      }
    ],
    "isTemplate": false,
    "count": 0,
    "lang": "pt-br",
    "updated": 0
  },
  {
    "id": "c655cada-bb5e-4f90-ae29-db7aa3611642",
    "data": [
      {
        "text": "preciso de ajuda",
        "userDefined": false
      }
    ],
    "isTemplate": false,
    "count": 0,
    "lang": "pt-br",
    "updated": 0
  }
]