[
  {
    "id": "3e4fe8f9-528b-41f8-ad1e-9824c25c54e0",
    "data": [
      {
        "text": "suporte",
        "userDefined": false
      }
    ],
    "isTemplate": false,
    "count": 0,
    "lang": "pt-br",
    "updated": 0
  },
  {
    "id": "51ba2be0-591b-45dc-a1c6-f31848e6ceb7",
    "data": [
      {
        "text": "me ajuda",
        "userDefined": false
      }
    ],
    "isTemplate": false,
    "count": 0,
    "lang": "pt-br",
    "updated": 0
  },
  {
    "id": "f11b5017-25d3-4cd8-93ec-21e1c4b566fa",
    "data": [
      {
        "text": "preciso de ",
        "userDefined": false
      },
      {
        "text": "um amparo",
        "userDefined": false
      }
    ],
    "isTemplate": false,
    "count": 0,
    "lang": "pt-br",
    "updated": 0
  },
  {
    "id": "5d2b1aa9-7a56-430d-8fcd-4f69fd06b2ce",
    "data": [
      {
        "text": "amparo",
        "userDefined": false
      }
    ],
    "isTemplate": false,
    "count": 0,
    "lang": "pt-br",
    "updated": 0
  },
  {
    "id": "5a6107ac-1f95-44d5-baed-cf5b3a7579a7",
    "data": [
      {
        "text": "estou perdido",
        "userDefined": false
      }
    ],
    "isTemplate": false,
    "count": 0,
    "lang": "pt-br",
    "updated": 0
  },
  {
    "id": "baecb21c-3510-4133-9930-2f09495834f5",
    "data": [
      {
        "text": "socorro",
        "userDefined": false
      }
    ],
    "isTemplate": false,
    "count": 0,
    "lang": "pt-br",
    "updated": 0
  },
  {
    "id": "2520bc33-e375-4a86-873a-f4cedc5e3cda",
    "data": [
      {
        "text": "me de ",
        "userDefined": false
      },
      {
        "text": "uma",
        "userDefined": false
      },
      {
        "text": " assistência",
        "userDefined": false
      }
    ],
    "isTemplate": false,
    "count": 0,
    "lang": "pt-br",
    "updated": 0
  },
  {
    "id": "0922ab9e-7409-4ffa-8f2b-51e102cd12df",
    "data": [
      {
        "text": "preciso de ajuda",
        "userDefined": false
      }
    ],
    "isTemplate": false,
    "count": 0,
    "lang": "pt-br",
    "updated": 0
  },
  {
    "id": "d8a1a823-4ad0-4ad4-b6b2-09dda4820968",
    "data": [
      {
        "text": "auxilio",
        "userDefined": false
      }
    ],
    "isTemplate": false,
    "count": 0,
    "lang": "pt-br",
    "updated": 0
  },
  {
    "id": "e508a863-cce3-43ad-962f-26519c8ab3d4",
    "data": [
      {
        "text": "menu",
        "userDefined": false
      }
    ],
    "isTemplate": false,
    "count": 0,
    "lang": "pt-br",
    "updated": 0
  },
  {
    "id": "98bf5c96-325a-451e-9027-f8da56c2761b",
    "data": [
      {
        "text": "ajuda",
        "userDefined": false
      }
    ],
    "isTemplate": false,
    "count": 0,
    "lang": "pt-br",
    "updated": 0
  }
]