[
  {
    "id": "095a9986-53b4-41e4-b1fa-a275e41517cd",
    "data": [
      {
        "text": "contaminação",
        "userDefined": false
      }
    ],
    "isTemplate": false,
    "count": 0,
    "lang": "pt-br",
    "updated": 0
  },
  {
    "id": "f616d6fb-bd79-42d0-b403-18486416d359",
    "data": [
      {
        "text": "o contagio é perigoso?",
        "userDefined": false
      }
    ],
    "isTemplate": false,
    "count": 0,
    "lang": "pt-br",
    "updated": 0
  },
  {
    "id": "2f96faa8-d067-4435-b741-c2ba07336209",
    "data": [
      {
        "text": "como saber se estou contagiado?",
        "userDefined": false
      }
    ],
    "isTemplate": false,
    "count": 0,
    "lang": "pt-br",
    "updated": 0
  },
  {
    "id": "fbf5fc89-6336-4568-8d2f-90de4ffc09d7",
    "data": [
      {
        "text": "o que é o contagio?",
        "userDefined": false
      }
    ],
    "isTemplate": false,
    "count": 0,
    "lang": "pt-br",
    "updated": 0
  },
  {
    "id": "96903bc5-4d95-454a-9ec4-0ba5e705ab47",
    "data": [
      {
        "text": "o que é o contagio do coronavirus?",
        "userDefined": false
      }
    ],
    "isTemplate": false,
    "count": 0,
    "lang": "pt-br",
    "updated": 0
  },
  {
    "id": "2fd933c5-29b0-4e55-8518-d3152c645124",
    "data": [
      {
        "text": "me fale sobre contagio",
        "userDefined": false
      }
    ],
    "isTemplate": false,
    "count": 0,
    "lang": "pt-br",
    "updated": 0
  },
  {
    "id": "b17e10c3-99e1-42a3-a2b1-1cf0f283caf3",
    "data": [
      {
        "text": "como o contagio me afeta?",
        "userDefined": false
      }
    ],
    "isTemplate": false,
    "count": 0,
    "lang": "pt-br",
    "updated": 0
  },
  {
    "id": "6d3cd338-7bd2-4e6f-bfd9-d5b2e448ef37",
    "data": [
      {
        "text": "quero saber sobre o contagio",
        "userDefined": false
      }
    ],
    "isTemplate": false,
    "count": 0,
    "lang": "pt-br",
    "updated": 0
  },
  {
    "id": "71a216a3-f696-4386-b02d-e5f2ce3c5cdc",
    "data": [
      {
        "text": "contagio do coronavirus",
        "userDefined": false
      }
    ],
    "isTemplate": false,
    "count": 0,
    "lang": "pt-br",
    "updated": 0
  },
  {
    "id": "1b7ecc0a-7c60-44fc-9574-c63180be7677",
    "data": [
      {
        "text": "contagio",
        "userDefined": false
      }
    ],
    "isTemplate": false,
    "count": 0,
    "lang": "pt-br",
    "updated": 0
  }
]