[
  {
    "id": "14f635d5-9366-4471-b981-7d1d7888ffb7",
    "data": [
      {
        "text": "não",
        "userDefined": false
      }
    ],
    "isTemplate": false,
    "count": 0,
    "lang": "pt-br",
    "updated": 0
  },
  {
    "id": "0fdbcb6e-e885-4199-883c-c6c330c1d787",
    "data": [
      {
        "text": "Não, era só isso",
        "userDefined": false
      }
    ],
    "isTemplate": false,
    "count": 0,
    "lang": "pt-br",
    "updated": 0
  },
  {
    "id": "414880c4-2726-4d44-9638-5071aa0f0af7",
    "data": [
      {
        "text": "agradeço",
        "userDefined": false
      }
    ],
    "isTemplate": false,
    "count": 0,
    "lang": "pt-br",
    "updated": 0
  },
  {
    "id": "beffcaf3-14dc-4859-a3f9-f36e5a27b391",
    "data": [
      {
        "text": "muito obrigado",
        "userDefined": false
      }
    ],
    "isTemplate": false,
    "count": 0,
    "lang": "pt-br",
    "updated": 0
  },
  {
    "id": "c5b97642-1f17-4453-8295-19f066d6ff58",
    "data": [
      {
        "text": "gratífico",
        "userDefined": false
      }
    ],
    "isTemplate": false,
    "count": 0,
    "lang": "pt-br",
    "updated": 0
  },
  {
    "id": "5927e511-3acb-434d-b35b-58bfc3bb35e2",
    "data": [
      {
        "text": "agradecido",
        "userDefined": false
      }
    ],
    "isTemplate": false,
    "count": 0,
    "lang": "pt-br",
    "updated": 0
  },
  {
    "id": "a0930574-2901-49c6-9ab5-9f25f3fac21d",
    "data": [
      {
        "text": "grato",
        "userDefined": false
      }
    ],
    "isTemplate": false,
    "count": 0,
    "lang": "pt-br",
    "updated": 0
  },
  {
    "id": "a2d36ce4-e19a-40a0-806b-c6d8197bca16",
    "data": [
      {
        "text": "resolvido",
        "userDefined": false
      }
    ],
    "isTemplate": false,
    "count": 0,
    "lang": "pt-br",
    "updated": 0
  },
  {
    "id": "7d66d272-e886-4c1b-8d3b-386dfe33102f",
    "data": [
      {
        "text": "tchau",
        "userDefined": false
      }
    ],
    "isTemplate": false,
    "count": 0,
    "lang": "pt-br",
    "updated": 0
  },
  {
    "id": "2313b9bf-884c-408b-b8cd-7277ab762c68",
    "data": [
      {
        "text": "até mais",
        "userDefined": false
      }
    ],
    "isTemplate": false,
    "count": 0,
    "lang": "pt-br",
    "updated": 0
  },
  {
    "id": "9613a761-90af-40ce-be30-9f0df008829d",
    "data": [
      {
        "text": "valeu",
        "userDefined": false
      }
    ],
    "isTemplate": false,
    "count": 0,
    "lang": "pt-br",
    "updated": 0
  },
  {
    "id": "1527d19f-229f-4fd7-82b4-99a3a4c2202e",
    "data": [
      {
        "text": "obrigado",
        "userDefined": false
      }
    ],
    "isTemplate": false,
    "count": 0,
    "lang": "pt-br",
    "updated": 0
  }
]