[
  {
    "id": "59a39b4d-dcd6-4353-a304-04bd847f5f7e",
    "data": [
      {
        "text": "preucação",
        "userDefined": false
      }
    ],
    "isTemplate": false,
    "count": 0,
    "lang": "pt-br",
    "updated": 0
  },
  {
    "id": "edb42c16-eb32-4ebb-9946-6a9366cf8c0f",
    "data": [
      {
        "text": "precauções",
        "userDefined": false
      }
    ],
    "isTemplate": false,
    "count": 0,
    "lang": "pt-br",
    "updated": 0
  },
  {
    "id": "bb5f4549-ae85-4452-8b11-0b34584e7d46",
    "data": [
      {
        "text": "prudência",
        "userDefined": false
      }
    ],
    "isTemplate": false,
    "count": 0,
    "lang": "pt-br",
    "updated": 0
  },
  {
    "id": "a94abdf7-2f6e-47d2-b7f2-10f31c7d8984",
    "data": [
      {
        "text": "cuidados ",
        "userDefined": false
      },
      {
        "text": "para",
        "userDefined": false
      },
      {
        "text": " não ter coronavirus",
        "userDefined": false
      }
    ],
    "isTemplate": false,
    "count": 0,
    "lang": "pt-br",
    "updated": 0
  },
  {
    "id": "6fe9e638-ab39-4362-a984-d1d0229e985d",
    "data": [
      {
        "text": "prudência do coronavirus",
        "userDefined": false
      }
    ],
    "isTemplate": false,
    "count": 0,
    "lang": "pt-br",
    "updated": 0
  },
  {
    "id": "600fc60d-db98-4070-8b94-2638f650aaae",
    "data": [
      {
        "text": "precaução do coronavirus",
        "userDefined": false
      }
    ],
    "isTemplate": false,
    "count": 0,
    "lang": "pt-br",
    "updated": 0
  },
  {
    "id": "ba80959f-e821-4f02-818c-5ec4e1894bed",
    "data": [
      {
        "text": "quais são as prevenções do coronavirus?",
        "userDefined": false
      }
    ],
    "isTemplate": false,
    "count": 1,
    "lang": "pt-br",
    "updated": 0
  },
  {
    "id": "55aee40e-c61d-402f-a244-a9d22250a817",
    "data": [
      {
        "text": "como se prevenir do coronavirus?",
        "userDefined": false
      }
    ],
    "isTemplate": false,
    "count": 0,
    "lang": "pt-br",
    "updated": 0
  },
  {
    "id": "c0a93775-eac0-43ab-88ab-07b10bd0e4e2",
    "data": [
      {
        "text": "cuidado com",
        "userDefined": false
      },
      {
        "text": " o coronavirus",
        "userDefined": false
      }
    ],
    "isTemplate": false,
    "count": 0,
    "lang": "pt-br",
    "updated": 0
  },
  {
    "id": "87f134be-51d0-47b8-9945-7b8dc692572f",
    "data": [
      {
        "text": "prevenção",
        "userDefined": false
      }
    ],
    "isTemplate": false,
    "count": 0,
    "lang": "pt-br",
    "updated": 0
  }
]