[
  {
    "id": "5f7673db-47eb-485c-9051-72881e3d2ccd",
    "data": [
      {
        "text": "0",
        "meta": "@sys.number",
        "alias": "numerodeSintomas",
        "userDefined": false
      }
    ],
    "isTemplate": false,
    "count": 0,
    "lang": "pt-br",
    "updated": 0
  },
  {
    "id": "4552b6d4-4c9a-4df2-97f3-f527e1171c48",
    "data": [
      {
        "text": "4",
        "meta": "@sys.number",
        "alias": "numerodeSintomas",
        "userDefined": false
      }
    ],
    "isTemplate": false,
    "count": 1,
    "lang": "pt-br",
    "updated": 0
  },
  {
    "id": "883af5b6-f021-4718-9470-aade22106d62",
    "data": [
      {
        "text": "3",
        "meta": "@sys.number",
        "alias": "numerodeSintomas",
        "userDefined": true
      }
    ],
    "isTemplate": false,
    "count": 0,
    "lang": "pt-br",
    "updated": 0
  },
  {
    "id": "52ac4e6c-c8ea-4a57-85e0-9dfc3081fc99",
    "data": [
      {
        "text": "2",
        "meta": "@sys.number",
        "alias": "numerodeSintomas",
        "userDefined": true
      }
    ],
    "isTemplate": false,
    "count": 0,
    "lang": "pt-br",
    "updated": 0
  },
  {
    "id": "efd778d8-b765-4cf3-b24b-25ab9cfd845f",
    "data": [
      {
        "text": "1",
        "meta": "@sys.number",
        "alias": "numerodeSintomas",
        "userDefined": false
      }
    ],
    "isTemplate": false,
    "count": 0,
    "lang": "pt-br",
    "updated": 0
  },
  {
    "id": "48b992a9-8190-4574-8f19-5fae8d548ea0",
    "data": [
      {
        "text": "Nenhum",
        "userDefined": false
      }
    ],
    "isTemplate": false,
    "count": 0,
    "lang": "pt-br",
    "updated": 0
  }
]