[
  {
    "id": "d0e09f3b-30ac-41a9-bd1f-a65defe86d80",
    "data": [
      {
        "text": "realizar ",
        "userDefined": false
      },
      {
        "text": "um",
        "userDefined": false
      },
      {
        "text": " pre diagnostico",
        "userDefined": false
      }
    ],
    "isTemplate": false,
    "count": 0,
    "lang": "pt-br",
    "updated": 0
  },
  {
    "id": "79a45534-7bad-4d52-9a67-0be40bb4fee6",
    "data": [
      {
        "text": "por",
        "userDefined": false
      },
      {
        "text": " favor fazer ",
        "userDefined": false
      },
      {
        "text": "um",
        "userDefined": false
      },
      {
        "text": " diagnostico",
        "userDefined": false
      }
    ],
    "isTemplate": false,
    "count": 0,
    "lang": "pt-br",
    "updated": 0
  },
  {
    "id": "0f5320f9-8e65-48f6-9234-9ca11d4816e0",
    "data": [
      {
        "text": "me passe o diagnostico",
        "userDefined": false
      }
    ],
    "isTemplate": false,
    "count": 0,
    "lang": "pt-br",
    "updated": 0
  },
  {
    "id": "14fe067f-c042-41e5-a119-79bcc343d22e",
    "data": [
      {
        "text": "fazer ",
        "userDefined": false
      },
      {
        "text": "um",
        "userDefined": false
      },
      {
        "text": " diagnostico",
        "userDefined": false
      }
    ],
    "isTemplate": false,
    "count": 0,
    "lang": "pt-br",
    "updated": 0
  },
  {
    "id": "e54ac6af-73fe-45bf-8d3c-3108f6497aa1",
    "data": [
      {
        "text": "diagnostico",
        "userDefined": false
      }
    ],
    "isTemplate": false,
    "count": 0,
    "lang": "pt-br",
    "updated": 0
  },
  {
    "id": "101a2fe1-6b11-462c-bc7d-b4e9d8a955f0",
    "data": [
      {
        "text": "quero ",
        "userDefined": false
      },
      {
        "text": "um",
        "userDefined": false
      },
      {
        "text": " diagnostico",
        "userDefined": false
      }
    ],
    "isTemplate": false,
    "count": 0,
    "lang": "pt-br",
    "updated": 0
  },
  {
    "id": "f7beae2c-16ab-4c9c-96f2-476333df6ca9",
    "data": [
      {
        "text": "fazer o pre diagnostico",
        "userDefined": false
      }
    ],
    "isTemplate": false,
    "count": 0,
    "lang": "pt-br",
    "updated": 0
  },
  {
    "id": "d92a3885-8d75-405e-aded-536266bdb7c9",
    "data": [
      {
        "text": "quero fazer o pre diagnostico",
        "userDefined": false
      }
    ],
    "isTemplate": false,
    "count": 0,
    "lang": "pt-br",
    "updated": 0
  },
  {
    "id": "3bdc53ab-c926-461b-8cff-7dd57fc79747",
    "data": [
      {
        "text": "pre diagnostico",
        "userDefined": false
      }
    ],
    "isTemplate": false,
    "count": 0,
    "lang": "pt-br",
    "updated": 0
  },
  {
    "id": "0278f99e-746f-447e-9e75-fc74100056e1",
    "data": [
      {
        "text": "Pré-diagnostico",
        "userDefined": false
      }
    ],
    "isTemplate": false,
    "count": 0,
    "lang": "pt-br",
    "updated": 0
  }
]