[
  {
    "id": "691262c7-8fbb-4c7e-a8b2-347c08382dd6",
    "data": [
      {
        "text": "Nenhum",
        "userDefined": false
      }
    ],
    "isTemplate": false,
    "count": 0,
    "lang": "pt-br",
    "updated": 0
  },
  {
    "id": "ff1fa292-b0d8-426f-8524-e63daf66dd0d",
    "data": [
      {
        "text": "4",
        "meta": "@sys.number",
        "alias": "numerodeSintomas",
        "userDefined": false
      }
    ],
    "isTemplate": false,
    "count": 0,
    "lang": "pt-br",
    "updated": 0
  },
  {
    "id": "cc0f3977-b34a-488a-9f82-03c009786370",
    "data": [
      {
        "text": "3",
        "meta": "@sys.number",
        "alias": "numerodeSintomas",
        "userDefined": false
      }
    ],
    "isTemplate": false,
    "count": 0,
    "lang": "pt-br",
    "updated": 0
  },
  {
    "id": "beab3e74-2f06-48d0-8ef9-df8ac9a47590",
    "data": [
      {
        "text": "2",
        "meta": "@sys.number",
        "alias": "numerodeSintomas",
        "userDefined": false
      }
    ],
    "isTemplate": false,
    "count": 0,
    "lang": "pt-br",
    "updated": 0
  },
  {
    "id": "01a68800-9fd0-4754-9abf-0f4ed387843e",
    "data": [
      {
        "text": "1",
        "meta": "@sys.number",
        "alias": "numerodeSintomas",
        "userDefined": false
      }
    ],
    "isTemplate": false,
    "count": 0,
    "lang": "pt-br",
    "updated": 0
  }
]