[
  {
    "id": "8c8ac2b5-df34-429a-bac0-83ce28bacfe5",
    "data": [
      {
        "text": "tenho ",
        "userDefined": false
      },
      {
        "text": "60 anos",
        "userDefined": false
      }
    ],
    "isTemplate": false,
    "count": 0,
    "lang": "pt-br",
    "updated": 0
  },
  {
    "id": "1b9b1193-87e5-4784-bb29-c2728ecd7372",
    "data": [
      {
        "text": "correto",
        "userDefined": false
      }
    ],
    "isTemplate": false,
    "count": 0,
    "lang": "pt-br",
    "updated": 0
  },
  {
    "id": "c7104295-8ac4-419d-86df-a12503d42409",
    "data": [
      {
        "text": "aham",
        "userDefined": false
      }
    ],
    "isTemplate": false,
    "count": 0,
    "lang": "pt-br",
    "updated": 0
  },
  {
    "id": "067d4891-b385-4e19-be8a-70ead8c36cde",
    "data": [
      {
        "text": "obvio",
        "userDefined": false
      }
    ],
    "isTemplate": false,
    "count": 0,
    "lang": "pt-br",
    "updated": 0
  },
  {
    "id": "a70b430d-9df6-4a1a-947c-a528d6cf0bdb",
    "data": [
      {
        "text": "confirmar",
        "userDefined": false
      }
    ],
    "isTemplate": false,
    "count": 0,
    "lang": "pt-br",
    "updated": 0
  },
  {
    "id": "de6ea09b-af46-48a0-aa90-af32c41c74e7",
    "data": [
      {
        "text": "isso mesmo",
        "userDefined": false
      }
    ],
    "isTemplate": false,
    "count": 0,
    "lang": "pt-br",
    "updated": 0
  },
  {
    "id": "3604bd1e-d736-4eb9-b87f-16d5ab51f46f",
    "data": [
      {
        "text": "exatamente",
        "userDefined": false
      }
    ],
    "isTemplate": false,
    "count": 0,
    "lang": "pt-br",
    "updated": 0
  },
  {
    "id": "82875cfa-c03d-4252-91e9-fef57a5534d9",
    "data": [
      {
        "text": "com certeza",
        "userDefined": false
      }
    ],
    "isTemplate": false,
    "count": 0,
    "lang": "pt-br",
    "updated": 0
  },
  {
    "id": "c826ae5a-44e5-45c3-8377-9c27664cf299",
    "data": [
      {
        "text": "claro",
        "userDefined": false
      }
    ],
    "isTemplate": false,
    "count": 0,
    "lang": "pt-br",
    "updated": 0
  },
  {
    "id": "7651ae3c-bc57-43d1-87f2-3fa551a59d3f",
    "data": [
      {
        "text": "sim",
        "userDefined": false
      }
    ],
    "isTemplate": false,
    "count": 0,
    "lang": "pt-br",
    "updated": 0
  },
  {
    "id": "de0808ec-6b20-41ac-8eaf-5260527dfea0",
    "data": [
      {
        "text": "pertenço",
        "userDefined": false
      }
    ],
    "isTemplate": false,
    "count": 0,
    "lang": "pt-br",
    "updated": 0
  }
]