[
  {
    "id": "f2a2a1f7-501d-4b24-8995-856bacb8ce19",
    "data": [
      {
        "text": "quais são os cuidados ",
        "userDefined": false
      },
      {
        "text": "para uma",
        "userDefined": false
      },
      {
        "text": " prevenção básica",
        "userDefined": false
      }
    ],
    "isTemplate": false,
    "count": 0,
    "lang": "pt-br",
    "updated": 0
  },
  {
    "id": "91f072ac-7bd8-4ea6-a034-54271e93f999",
    "data": [
      {
        "text": "quero saber sobre prevenção básica",
        "userDefined": false
      }
    ],
    "isTemplate": false,
    "count": 0,
    "lang": "pt-br",
    "updated": 0
  },
  {
    "id": "eba790e7-0557-4cdd-afa6-46ac62a52247",
    "data": [
      {
        "text": "gostaria de aprender sobre prevenção básica",
        "userDefined": false
      }
    ],
    "isTemplate": false,
    "count": 0,
    "lang": "pt-br",
    "updated": 0
  },
  {
    "id": "42dce327-e779-4624-a555-0a47ff184792",
    "data": [
      {
        "text": "prevenção básica",
        "userDefined": false
      }
    ],
    "isTemplate": false,
    "count": 0,
    "lang": "pt-br",
    "updated": 0
  }
]