[
  {
    "id": "57c6b152-a337-42b3-9424-2f4acc42be2d",
    "data": [
      {
        "text": "periodo de incubação por coronavírus",
        "userDefined": false
      }
    ],
    "isTemplate": false,
    "count": 0,
    "lang": "pt-br",
    "updated": 0
  },
  {
    "id": "7249897c-96ef-443e-87eb-d0a4c2a1fecb",
    "data": [
      {
        "text": "incubação",
        "userDefined": false
      }
    ],
    "isTemplate": false,
    "count": 0,
    "lang": "pt-br",
    "updated": 0
  },
  {
    "id": "ac928053-e325-4454-b024-a6e272cfbf93",
    "data": [
      {
        "text": "quanto tempo até o covid sair do organismo",
        "userDefined": false
      }
    ],
    "isTemplate": false,
    "count": 0,
    "lang": "pt-br",
    "updated": 0
  },
  {
    "id": "10f70f73-697d-4ec0-a3b4-cacab0c2798d",
    "data": [
      {
        "text": "por quanto tempo o covid fica no corpo",
        "userDefined": false
      }
    ],
    "isTemplate": false,
    "count": 0,
    "lang": "pt-br",
    "updated": 0
  },
  {
    "id": "fc2d23f9-0d82-4451-a936-fd20312a8fd2",
    "data": [
      {
        "text": "tempo de incubação do covid",
        "userDefined": false
      }
    ],
    "isTemplate": false,
    "count": 0,
    "lang": "pt-br",
    "updated": 0
  },
  {
    "id": "52d902fe-a072-4b1a-8b53-a0e3994999bd",
    "data": [
      {
        "text": "Período de incubação",
        "userDefined": false
      }
    ],
    "isTemplate": false,
    "count": 0,
    "lang": "pt-br",
    "updated": 0
  }
]