[
  {
    "id": "bc8babff-b84e-4c17-bbd3-b285b8cc2840",
    "data": [
      {
        "text": "contaminação",
        "userDefined": false
      }
    ],
    "isTemplate": false,
    "count": 0,
    "lang": "pt-br",
    "updated": 0
  },
  {
    "id": "d4f553ab-6de7-44cd-b6a1-79da098a1bae",
    "data": [
      {
        "text": "dicas ",
        "userDefined": false
      },
      {
        "text": "para",
        "userDefined": false
      },
      {
        "text": " evitar a contaminação",
        "userDefined": false
      }
    ],
    "isTemplate": false,
    "count": 0,
    "lang": "pt-br",
    "updated": 0
  },
  {
    "id": "e17c25a1-06f5-41ac-a594-7034add62543",
    "data": [
      {
        "text": "como eu posso ser contaminado",
        "userDefined": false
      }
    ],
    "isTemplate": false,
    "count": 0,
    "lang": "pt-br",
    "updated": 0
  },
  {
    "id": "f86c1d60-41c4-4a09-b873-82282f517f65",
    "data": [
      {
        "text": "contágio",
        "userDefined": false
      }
    ],
    "isTemplate": false,
    "count": 0,
    "lang": "pt-br",
    "updated": 0
  }
]