[
  {
    "id": "d6d296a9-4d9d-4535-bb1f-f05a201f767f",
    "data": [
      {
        "text": "quem transmite covid?",
        "userDefined": false
      }
    ],
    "isTemplate": false,
    "count": 0,
    "lang": "pt-br",
    "updated": 0
  },
  {
    "id": "63dd7bb5-0d81-4fad-b40f-8c3132ad6ac1",
    "data": [
      {
        "text": "posso passar covid?",
        "userDefined": false
      }
    ],
    "isTemplate": false,
    "count": 0,
    "lang": "pt-br",
    "updated": 0
  },
  {
    "id": "b9fd8efd-de50-4ffd-871e-bf7d0d3eff53",
    "data": [
      {
        "text": "transmissão do covid",
        "userDefined": false
      }
    ],
    "isTemplate": false,
    "count": 0,
    "lang": "pt-br",
    "updated": 0
  },
  {
    "id": "ffe52a91-5226-4969-bcff-5ea138eec2d2",
    "data": [
      {
        "text": "como transmite",
        "userDefined": false
      }
    ],
    "isTemplate": false,
    "count": 0,
    "lang": "pt-br",
    "updated": 0
  },
  {
    "id": "bf8a7364-0675-41ea-a15a-df4339473709",
    "data": [
      {
        "text": "como espalha",
        "userDefined": false
      }
    ],
    "isTemplate": false,
    "count": 0,
    "lang": "pt-br",
    "updated": 0
  },
  {
    "id": "8c597ac4-fdd9-47a0-9eb5-82735052bbf8",
    "data": [
      {
        "text": "como se espalha o ",
        "userDefined": false
      },
      {
        "text": "corona",
        "userDefined": false
      },
      {
        "text": "?",
        "userDefined": false
      }
    ],
    "isTemplate": false,
    "count": 0,
    "lang": "pt-br",
    "updated": 0
  },
  {
    "id": "4b54e0bc-598d-4a6c-9838-c3281ad27dfa",
    "data": [
      {
        "text": "Formas de contágio",
        "userDefined": false
      }
    ],
    "isTemplate": false,
    "count": 0,
    "lang": "pt-br",
    "updated": 0
  }
]