[
  {
    "id": "b6daeb9e-948a-421c-abe1-8bfd97399560",
    "data": [
      {
        "text": "estou com",
        "userDefined": false
      },
      {
        "text": " ",
        "userDefined": false
      },
      {
        "text": "perda de olfato",
        "meta": "@Symptoms",
        "alias": "symptoms",
        "userDefined": false
      }
    ],
    "isTemplate": false,
    "count": 0,
    "lang": "pt-br",
    "updated": 0
  },
  {
    "id": "76666aa1-c374-414d-842c-740134229d18",
    "data": [
      {
        "text": "coriza",
        "meta": "@Symptoms",
        "alias": "symptoms",
        "userDefined": false
      }
    ],
    "isTemplate": false,
    "count": 1,
    "lang": "pt-br",
    "updated": 0
  },
  {
    "id": "86504988-5617-460b-992f-853b975ac966",
    "data": [
      {
        "text": "nenhum",
        "meta": "@Symptoms",
        "alias": "symptoms",
        "userDefined": false
      },
      {
        "text": " dos listados",
        "userDefined": false
      }
    ],
    "isTemplate": false,
    "count": 0,
    "lang": "pt-br",
    "updated": 0
  },
  {
    "id": "3af74508-5b73-4a29-b236-ac2ec2fa9e9b",
    "data": [
      {
        "text": "cinco",
        "meta": "@Symptoms",
        "alias": "symptoms",
        "userDefined": false
      },
      {
        "text": " desses",
        "userDefined": false
      }
    ],
    "isTemplate": false,
    "count": 0,
    "lang": "pt-br",
    "updated": 0
  },
  {
    "id": "2dcba0d1-e1c6-43e4-8de3-20bdf0fb14ba",
    "data": [
      {
        "text": "apresentei ",
        "userDefined": false
      },
      {
        "text": "quatro",
        "meta": "@Symptoms",
        "alias": "symptoms",
        "userDefined": false
      },
      {
        "text": " sintomas",
        "userDefined": false
      }
    ],
    "isTemplate": false,
    "count": 0,
    "lang": "pt-br",
    "updated": 0
  },
  {
    "id": "aedd1345-203b-405d-aa8f-426f010647be",
    "data": [
      {
        "text": "vários",
        "meta": "@Symptoms",
        "alias": "symptoms",
        "userDefined": true
      },
      {
        "text": " sintomas",
        "userDefined": false
      }
    ],
    "isTemplate": false,
    "count": 0,
    "lang": "pt-br",
    "updated": 0
  },
  {
    "id": "bd1d3136-5497-4083-9a7b-c4768ee52065",
    "data": [
      {
        "text": "sem",
        "meta": "@Symptoms",
        "alias": "symptoms",
        "userDefined": false
      },
      {
        "text": " sintomas",
        "userDefined": false
      }
    ],
    "isTemplate": false,
    "count": 0,
    "lang": "pt-br",
    "updated": 0
  },
  {
    "id": "83da34de-9191-4ca7-abb5-879ceb8dcef6",
    "data": [
      {
        "text": "não tive",
        "meta": "@Symptoms",
        "alias": "symptoms",
        "userDefined": false
      },
      {
        "text": " sintomas",
        "userDefined": false
      }
    ],
    "isTemplate": false,
    "count": 0,
    "lang": "pt-br",
    "updated": 0
  },
  {
    "id": "fb16ea36-b8e0-42d5-9119-b0ff1cd7a39c",
    "data": [
      {
        "text": "nenhum",
        "meta": "@Symptoms",
        "alias": "symptoms",
        "userDefined": false
      },
      {
        "text": " sintoma",
        "userDefined": false
      }
    ],
    "isTemplate": false,
    "count": 0,
    "lang": "pt-br",
    "updated": 0
  },
  {
    "id": "db16c62c-de28-48af-bc29-ef60fdd9327e",
    "data": [
      {
        "text": "três ou mais",
        "meta": "@Symptoms",
        "alias": "symptoms",
        "userDefined": false
      }
    ],
    "isTemplate": false,
    "count": 0,
    "lang": "pt-br",
    "updated": 0
  },
  {
    "id": "53d2d0b5-7992-4bdc-b295-7970e3fab9c3",
    "data": [
      {
        "text": "nenhum",
        "meta": "@Symptoms",
        "alias": "symptoms",
        "userDefined": true
      }
    ],
    "isTemplate": false,
    "count": 0,
    "lang": "pt-br",
    "updated": 0
  },
  {
    "id": "84c5acf2-9b42-433c-b75b-187a9e3e0053",
    "data": [
      {
        "text": "1",
        "meta": "@Symptoms",
        "alias": "symptoms",
        "userDefined": false
      }
    ],
    "isTemplate": false,
    "count": 0,
    "lang": "pt-br",
    "updated": 0
  }
]