[
  {
    "id": "76a87278-5fc6-4732-bd4b-2fdf27a81be9",
    "data": [
      {
        "text": "hidroxicloroquina",
        "meta": "@Medicine",
        "alias": "medicine",
        "userDefined": false
      }
    ],
    "isTemplate": false,
    "count": 0,
    "lang": "pt-br",
    "updated": 0
  },
  {
    "id": "32ca50d2-6474-4735-b3d1-35336d3d03b5",
    "data": [
      {
        "text": "claro",
        "meta": "@Medicine",
        "alias": "medicine",
        "userDefined": false
      }
    ],
    "isTemplate": false,
    "count": 0,
    "lang": "pt-br",
    "updated": 0
  },
  {
    "id": "15827b92-3096-4006-ab46-5980c7ea0d53",
    "data": [
      {
        "text": "usei",
        "meta": "@Medicine",
        "alias": "medicine",
        "userDefined": false
      },
      {
        "text": " medicamentos",
        "userDefined": false
      }
    ],
    "isTemplate": false,
    "count": 0,
    "lang": "pt-br",
    "updated": 0
  },
  {
    "id": "a8de97a4-6e0c-4ba6-bc69-9762ea783cae",
    "data": [
      {
        "text": "usei ",
        "userDefined": false
      },
      {
        "text": "vários",
        "meta": "@Medicine",
        "alias": "medicine",
        "userDefined": true
      },
      {
        "text": " remédios",
        "userDefined": false
      }
    ],
    "isTemplate": false,
    "count": 0,
    "lang": "pt-br",
    "updated": 0
  },
  {
    "id": "0507706f-ea19-4479-a3d2-709ffd57e8ac",
    "data": [
      {
        "text": "vários",
        "meta": "@Medicine",
        "alias": "medicine",
        "userDefined": true
      }
    ],
    "isTemplate": false,
    "count": 0,
    "lang": "pt-br",
    "updated": 0
  },
  {
    "id": "a514c748-284d-4525-a0c0-a1c94bf4f002",
    "data": [
      {
        "text": "usei",
        "meta": "@Medicine",
        "alias": "medicine",
        "userDefined": true
      },
      {
        "text": " remedios",
        "userDefined": false
      }
    ],
    "isTemplate": false,
    "count": 0,
    "lang": "pt-br",
    "updated": 0
  },
  {
    "id": "cee41175-f358-43e7-948b-197eedbda720",
    "data": [
      {
        "text": "tomei",
        "meta": "@Medicine",
        "alias": "medicine",
        "userDefined": false
      }
    ],
    "isTemplate": false,
    "count": 0,
    "lang": "pt-br",
    "updated": 0
  },
  {
    "id": "a0d9d29c-8a35-4a17-80ce-66d74cd63d26",
    "data": [
      {
        "text": "sim",
        "meta": "@Medicine",
        "alias": "medicine",
        "userDefined": true
      },
      {
        "text": " ",
        "userDefined": false
      },
      {
        "text": "sim",
        "userDefined": true
      }
    ],
    "isTemplate": false,
    "count": 0,
    "lang": "pt-br",
    "updated": 0
  },
  {
    "id": "4bc2ad94-35da-4080-894e-d574a6939121",
    "data": [
      {
        "text": "sim",
        "meta": "@Medicine",
        "alias": "medicine",
        "userDefined": false
      }
    ],
    "isTemplate": false,
    "count": 0,
    "lang": "pt-br",
    "updated": 0
  },
  {
    "id": "c5d10927-08eb-4d0b-a213-b5915f9c7ff0",
    "data": [
      {
        "text": "tomei",
        "meta": "@Medicine",
        "alias": "medicine",
        "userDefined": true
      },
      {
        "text": " ",
        "userDefined": false
      },
      {
        "text": "remédio",
        "userDefined": true
      }
    ],
    "isTemplate": false,
    "count": 0,
    "lang": "pt-br",
    "updated": 0
  }
]