[
  {
    "id": "d663541f-c6f9-4013-a4cc-ebd317592b24",
    "data": [
      {
        "text": "estou ",
        "userDefined": false
      },
      {
        "text": "pior",
        "meta": "@GotBetter",
        "alias": "gotBetter",
        "userDefined": true
      }
    ],
    "isTemplate": false,
    "count": 1,
    "lang": "pt-br",
    "updated": 0
  },
  {
    "id": "1bb0fb9f-1418-40ff-972a-83a18b78c396",
    "data": [
      {
        "text": "piorei",
        "meta": "@GotBetter",
        "alias": "gotBetter",
        "userDefined": true
      }
    ],
    "isTemplate": false,
    "count": 0,
    "lang": "pt-br",
    "updated": 0
  },
  {
    "id": "7316f1d8-929a-4b4e-9cb9-81cc2a1edf2f",
    "data": [
      {
        "text": "nao",
        "meta": "@GotBetter",
        "alias": "gotBetter",
        "userDefined": false
      }
    ],
    "isTemplate": false,
    "count": 0,
    "lang": "pt-br",
    "updated": 0
  },
  {
    "id": "95122c59-002e-4ce5-9cd3-5c311d7c7cd1",
    "data": [
      {
        "text": "sim",
        "meta": "@GotBetter",
        "alias": "gotBetter",
        "userDefined": true
      },
      {
        "text": " sim",
        "userDefined": false
      }
    ],
    "isTemplate": false,
    "count": 0,
    "lang": "pt-br",
    "updated": 0
  },
  {
    "id": "2d5e5d26-e8cb-4bb0-a29b-eaf4113a0f76",
    "data": [
      {
        "text": "uhum",
        "meta": "@GotBetter",
        "alias": "gotBetter",
        "userDefined": true
      }
    ],
    "isTemplate": false,
    "count": 0,
    "lang": "pt-br",
    "updated": 0
  },
  {
    "id": "83ecdcf3-704a-494a-816e-7c5d9ca4cc7b",
    "data": [
      {
        "text": "um",
        "userDefined": false
      },
      {
        "text": " ",
        "userDefined": false
      },
      {
        "text": "pouco",
        "meta": "@GotBetter",
        "alias": "gotBetter",
        "userDefined": true
      }
    ],
    "isTemplate": false,
    "count": 0,
    "lang": "pt-br",
    "updated": 0
  },
  {
    "id": "17bb1989-809c-4f84-8b77-a3aa63bb8fd1",
    "data": [
      {
        "text": "melhorei",
        "meta": "@GotBetter",
        "alias": "gotBetter",
        "userDefined": true
      },
      {
        "text": " bastante",
        "userDefined": false
      }
    ],
    "isTemplate": false,
    "count": 0,
    "lang": "pt-br",
    "updated": 0
  },
  {
    "id": "5e7d1205-ef15-44bd-a164-182fc2074099",
    "data": [
      {
        "text": "aham",
        "meta": "@GotBetter",
        "alias": "gotBetter",
        "userDefined": true
      }
    ],
    "isTemplate": false,
    "count": 0,
    "lang": "pt-br",
    "updated": 0
  },
  {
    "id": "5addee07-1bdc-4a90-812e-f7bea274660b",
    "data": [
      {
        "text": "sinto",
        "meta": "@GotBetter",
        "alias": "gotBetter",
        "userDefined": true
      }
    ],
    "isTemplate": false,
    "count": 0,
    "lang": "pt-br",
    "updated": 0
  },
  {
    "id": "512e55e7-bfc9-47e7-aff4-e9e58f3f3566",
    "data": [
      {
        "text": "melhorei",
        "meta": "@GotBetter",
        "alias": "gotBetter",
        "userDefined": true
      },
      {
        "text": " sim",
        "userDefined": false
      }
    ],
    "isTemplate": false,
    "count": 0,
    "lang": "pt-br",
    "updated": 0
  },
  {
    "id": "f0605b5e-1982-4441-9e81-8734dde37cd0",
    "data": [
      {
        "text": "Melhorei",
        "meta": "@GotBetter",
        "alias": "gotBetter",
        "userDefined": true
      }
    ],
    "isTemplate": false,
    "count": 0,
    "lang": "pt-br",
    "updated": 0
  },
  {
    "id": "8f31f55e-f158-4578-a980-49f3a99a4175",
    "data": [
      {
        "text": "Sim",
        "meta": "@GotBetter",
        "alias": "gotBetter",
        "userDefined": true
      }
    ],
    "isTemplate": false,
    "count": 0,
    "lang": "pt-br",
    "updated": 0
  }
]