[
  {
    "id": "db16c62c-de28-48af-bc29-ef60fdd9327e",
    "data": [
      {
        "text": "três ou mais",
        "meta": "@Symptoms",
        "alias": "symptoms",
        "userDefined": false
      }
    ],
    "isTemplate": false,
    "count": 0,
    "lang": "pt-br",
    "updated": 0
  },
  {
    "id": "53d2d0b5-7992-4bdc-b295-7970e3fab9c3",
    "data": [
      {
        "text": "nenhum",
        "meta": "@Symptoms",
        "alias": "symptoms",
        "userDefined": true
      }
    ],
    "isTemplate": false,
    "count": 0,
    "lang": "pt-br",
    "updated": 0
  },
  {
    "id": "84c5acf2-9b42-433c-b75b-187a9e3e0053",
    "data": [
      {
        "text": "1",
        "meta": "@Symptoms",
        "alias": "symptoms",
        "userDefined": false
      }
    ],
    "isTemplate": false,
    "count": 0,
    "lang": "pt-br",
    "updated": 0
  }
]