[
  {
    "id": "526731fd-d941-45cb-9121-2586cd467f8e",
    "data": [
      {
        "text": "Como evitar a contaminação?",
        "userDefined": false
      }
    ],
    "isTemplate": false,
    "count": 0,
    "lang": "pt-br",
    "updated": 0
  },
  {
    "id": "a3fead14-c23c-45e9-a4e5-280217c6bf20",
    "data": [
      {
        "text": "Quais as formas de contaminação?",
        "userDefined": false
      }
    ],
    "isTemplate": false,
    "count": 0,
    "lang": "pt-br",
    "updated": 0
  },
  {
    "id": "b3e5eb71-35ca-44a6-a26c-873551a31914",
    "data": [
      {
        "text": "Formas de infecção por coronavírus",
        "userDefined": false
      }
    ],
    "isTemplate": false,
    "count": 0,
    "lang": "pt-br",
    "updated": 0
  },
  {
    "id": "346e804b-6c6c-417b-b38b-c641cf93f0b3",
    "data": [
      {
        "text": "formas de infecção por covid",
        "userDefined": false
      }
    ],
    "isTemplate": false,
    "count": 0,
    "lang": "pt-br",
    "updated": 0
  },
  {
    "id": "01e6e36a-d90a-4395-be66-b19724e03030",
    "data": [
      {
        "text": "Como eu posso me infectar",
        "userDefined": false
      }
    ],
    "isTemplate": false,
    "count": 0,
    "lang": "pt-br",
    "updated": 0
  },
  {
    "id": "01dda6ae-6681-434a-8841-a39d39d0f91b",
    "data": [
      {
        "text": "Formas de contágio",
        "userDefined": false
      }
    ],
    "isTemplate": false,
    "count": 0,
    "lang": "pt-br",
    "updated": 0
  }
]