[
  {
    "id": "8d3b19b6-1ab7-4863-9491-12bfff1cead4",
    "data": [
      {
        "text": "preciso ir, adeus",
        "userDefined": false
      }
    ],
    "isTemplate": false,
    "count": 0,
    "lang": "pt-br",
    "updated": 0
  },
  {
    "id": "144ac1a4-86d1-4b35-9af1-ebbe3f1258ad",
    "data": [
      {
        "text": "até a próxima",
        "userDefined": false
      }
    ],
    "isTemplate": false,
    "count": 0,
    "lang": "pt-br",
    "updated": 0
  },
  {
    "id": "bd655f6a-f6dc-41b4-b5f5-6f7fd75a1adc",
    "data": [
      {
        "text": "adeus",
        "userDefined": false
      }
    ],
    "isTemplate": false,
    "count": 0,
    "lang": "pt-br",
    "updated": 0
  },
  {
    "id": "41021054-786b-4b27-815d-64f76505cbd7",
    "data": [
      {
        "text": "não, era só isso",
        "userDefined": false
      }
    ],
    "isTemplate": false,
    "count": 0,
    "lang": "pt-br",
    "updated": 0
  },
  {
    "id": "ea067497-f96e-477f-a18a-f8a762b09dd5",
    "data": [
      {
        "text": "Já vou nessa, até a próxima",
        "userDefined": false
      }
    ],
    "isTemplate": false,
    "count": 0,
    "lang": "pt-br",
    "updated": 0
  },
  {
    "id": "94c85876-a9b9-411e-a7bc-4919afe1594d",
    "data": [
      {
        "text": "Me ajuda, obrigado",
        "userDefined": false
      }
    ],
    "isTemplate": false,
    "count": 0,
    "lang": "pt-br",
    "updated": 0
  },
  {
    "id": "8db9d0a1-2268-42ef-bab8-5a523b65d175",
    "data": [
      {
        "text": "valeu",
        "userDefined": false
      },
      {
        "text": ", obrigado",
        "userDefined": false
      }
    ],
    "isTemplate": false,
    "count": 0,
    "lang": "pt-br",
    "updated": 0
  },
  {
    "id": "ecbb9e42-2c6b-4152-81b1-dd9b908f92aa",
    "data": [
      {
        "text": "Tchau tchau",
        "userDefined": false
      }
    ],
    "isTemplate": false,
    "count": 0,
    "lang": "pt-br",
    "updated": 0
  },
  {
    "id": "cc4cda11-282c-40bd-833a-8bdd76fb3992",
    "data": [
      {
        "text": "Obrigado pelo ajuda, tchau",
        "userDefined": false
      }
    ],
    "isTemplate": false,
    "count": 0,
    "lang": "pt-br",
    "updated": 0
  }
]