[
  {
    "id": "f74f5a2a-39d3-4ae2-b561-b8ad64bad070",
    "data": [
      {
        "text": "como funciona",
        "userDefined": false
      }
    ],
    "isTemplate": false,
    "count": 0,
    "lang": "pt-br",
    "updated": 0
  },
  {
    "id": "b8361bd3-e02b-44a4-867b-e68e75296b84",
    "data": [
      {
        "text": "quem é você",
        "userDefined": false
      }
    ],
    "isTemplate": false,
    "count": 0,
    "lang": "pt-br",
    "updated": 0
  },
  {
    "id": "b4287c23-0c74-4ecb-9c1f-da244d1d8b66",
    "data": [
      {
        "text": "usar bot",
        "userDefined": false
      }
    ],
    "isTemplate": false,
    "count": 0,
    "lang": "pt-br",
    "updated": 0
  },
  {
    "id": "9689518c-cbee-4794-82a8-75b200c3324b",
    "data": [
      {
        "text": "uso do bot",
        "userDefined": false
      }
    ],
    "isTemplate": false,
    "count": 0,
    "lang": "pt-br",
    "updated": 0
  },
  {
    "id": "057aed70-7539-4229-8b09-884ddf267174",
    "data": [
      {
        "text": "como uso",
        "userDefined": false
      }
    ],
    "isTemplate": false,
    "count": 0,
    "lang": "pt-br",
    "updated": 0
  },
  {
    "id": "0f4eaaa5-0c6e-45de-9157-aa168fd54a00",
    "data": [
      {
        "text": "como usar",
        "userDefined": false
      }
    ],
    "isTemplate": false,
    "count": 0,
    "lang": "pt-br",
    "updated": 0
  },
  {
    "id": "d577129e-89d7-4550-b63e-bb7f77fb49ef",
    "data": [
      {
        "text": "o que fazer",
        "userDefined": false
      }
    ],
    "isTemplate": false,
    "count": 0,
    "lang": "pt-br",
    "updated": 0
  },
  {
    "id": "9a0d5031-3308-442c-b3dd-eddc1d74d672",
    "data": [
      {
        "text": "o que faço",
        "userDefined": false
      }
    ],
    "isTemplate": false,
    "count": 0,
    "lang": "pt-br",
    "updated": 0
  },
  {
    "id": "f913695e-1c9b-4298-9353-5020bba20e87",
    "data": [
      {
        "text": "nao estou entendendo",
        "userDefined": false
      }
    ],
    "isTemplate": false,
    "count": 0,
    "lang": "pt-br",
    "updated": 0
  },
  {
    "id": "491ee410-be72-466e-b2c5-2008d4eacac2",
    "data": [
      {
        "text": "nao entendi",
        "userDefined": false
      }
    ],
    "isTemplate": false,
    "count": 0,
    "lang": "pt-br",
    "updated": 0
  },
  {
    "id": "16bec677-07b6-43cf-92dd-e4f30f11f060",
    "data": [
      {
        "text": "estou com",
        "userDefined": false
      },
      {
        "text": " dificuldade",
        "userDefined": false
      }
    ],
    "isTemplate": false,
    "count": 0,
    "lang": "pt-br",
    "updated": 0
  },
  {
    "id": "8ab00732-90f4-4dcc-a411-907a63aba58a",
    "data": [
      {
        "text": "não estou conseguindo",
        "userDefined": false
      }
    ],
    "isTemplate": false,
    "count": 0,
    "lang": "pt-br",
    "updated": 0
  },
  {
    "id": "df105bab-73c9-45a2-99d1-539c8d384243",
    "data": [
      {
        "text": "nao consegui",
        "userDefined": false
      }
    ],
    "isTemplate": false,
    "count": 0,
    "lang": "pt-br",
    "updated": 0
  },
  {
    "id": "b69c0172-733b-470f-9bc0-946f5ba6cca2",
    "data": [
      {
        "text": "não consigo",
        "userDefined": false
      }
    ],
    "isTemplate": false,
    "count": 0,
    "lang": "pt-br",
    "updated": 0
  },
  {
    "id": "3304b636-9664-4b81-b81c-33536adac2e3",
    "data": [
      {
        "text": "socorro",
        "userDefined": false
      }
    ],
    "isTemplate": false,
    "count": 0,
    "lang": "pt-br",
    "updated": 0
  },
  {
    "id": "a954630a-9f4e-4dd1-a1e6-62c22c3e736b",
    "data": [
      {
        "text": "me",
        "userDefined": false
      },
      {
        "text": " ajude",
        "userDefined": false
      }
    ],
    "isTemplate": false,
    "count": 0,
    "lang": "pt-br",
    "updated": 0
  },
  {
    "id": "b6535506-54e3-4c35-b1a2-5f189c7a9565",
    "data": [
      {
        "text": "me auxilie",
        "userDefined": false
      }
    ],
    "isTemplate": false,
    "count": 0,
    "lang": "pt-br",
    "updated": 0
  },
  {
    "id": "4d094f24-fe92-4f22-a20d-92eacccf762f",
    "data": [
      {
        "text": "pode me ",
        "userDefined": false
      },
      {
        "text": "auxiliar",
        "userDefined": false
      }
    ],
    "isTemplate": false,
    "count": 0,
    "lang": "pt-br",
    "updated": 0
  },
  {
    "id": "07f5884e-cd36-49ba-a2cb-9a3def783148",
    "data": [
      {
        "text": "quero ajuda",
        "userDefined": false
      }
    ],
    "isTemplate": false,
    "count": 0,
    "lang": "pt-br",
    "updated": 0
  },
  {
    "id": "70b9bc36-29d1-4f49-b8fe-edbf00f483db",
    "data": [
      {
        "text": "pode me ajudar",
        "userDefined": false
      }
    ],
    "isTemplate": false,
    "count": 0,
    "lang": "pt-br",
    "updated": 0
  },
  {
    "id": "043adaea-7779-4221-8781-008d941301b2",
    "data": [
      {
        "text": "preciso de ajuda",
        "userDefined": false
      }
    ],
    "isTemplate": false,
    "count": 0,
    "lang": "pt-br",
    "updated": 0
  },
  {
    "id": "cb351562-858a-4853-a3a4-9605d8600c55",
    "data": [
      {
        "text": "ajuda",
        "userDefined": false
      }
    ],
    "isTemplate": false,
    "count": 0,
    "lang": "pt-br",
    "updated": 0
  }
]