[
  {
    "id": "bfd2f6c6-141a-4e11-9ccf-e826434aacb3",
    "data": [
      {
        "text": "nao",
        "meta": "@genericAccept",
        "alias": "genericAccept",
        "userDefined": false
      }
    ],
    "isTemplate": false,
    "count": 0,
    "lang": "pt-br",
    "updated": 0
  },
  {
    "id": "ea969232-68be-4ca7-9445-87d9300ea853",
    "data": [
      {
        "text": "sim",
        "meta": "@genericAccept",
        "alias": "genericAccept",
        "userDefined": false
      }
    ],
    "isTemplate": false,
    "count": 0,
    "lang": "pt-br",
    "updated": 0
  }
]