[
  {
    "id": "7e45b30d-9211-4c6f-8485-48f88fbed75a",
    "data": [
      {
        "text": "Demora quanto tempo ",
        "userDefined": false
      },
      {
        "text": "para",
        "userDefined": false
      },
      {
        "text": " apresentar os sintomas?",
        "userDefined": false
      }
    ],
    "isTemplate": false,
    "count": 0,
    "lang": "pt-br",
    "updated": 0
  },
  {
    "id": "7d2cb637-0839-4c70-a624-4bff385000c5",
    "data": [
      {
        "text": "Qual o tempo do período  de incubação?",
        "userDefined": false
      }
    ],
    "isTemplate": false,
    "count": 0,
    "lang": "pt-br",
    "updated": 0
  },
  {
    "id": "31422479-8bf7-4f6c-bf93-ce38a16234d7",
    "data": [
      {
        "text": "período de incubação",
        "userDefined": false
      }
    ],
    "isTemplate": false,
    "count": 0,
    "lang": "pt-br",
    "updated": 0
  }
]