[
  {
    "id": "5332f7e6-2a25-4361-a030-21f69be8795e",
    "data": [
      {
        "text": "gostaria de mais informações",
        "userDefined": false
      }
    ],
    "isTemplate": false,
    "count": 0,
    "lang": "pt-br",
    "updated": 0
  },
  {
    "id": "6670ce53-4a2b-47c0-b3a9-ef4133eed387",
    "data": [
      {
        "text": "quero saber sim",
        "userDefined": false
      }
    ],
    "isTemplate": false,
    "count": 0,
    "lang": "pt-br",
    "updated": 0
  },
  {
    "id": "1ed2aba7-7ce9-42d0-91fd-74e6345008ce",
    "data": [
      {
        "text": "eu gostaria de saber mais sobre o ",
        "userDefined": false
      },
      {
        "text": "corona",
        "userDefined": false
      }
    ],
    "isTemplate": false,
    "count": 0,
    "lang": "pt-br",
    "updated": 0
  },
  {
    "id": "d44f14ee-466a-4df4-a6d2-42f33a15803a",
    "data": [
      {
        "text": "sim ",
        "userDefined": false
      },
      {
        "text": "por",
        "userDefined": false
      },
      {
        "text": " favor",
        "userDefined": false
      }
    ],
    "isTemplate": false,
    "count": 0,
    "lang": "pt-br",
    "updated": 0
  },
  {
    "id": "d0b9dd15-a971-4cdb-b467-2c5f000e1226",
    "data": [
      {
        "text": "quero saber outra coisa",
        "userDefined": false
      }
    ],
    "isTemplate": false,
    "count": 0,
    "lang": "pt-br",
    "updated": 0
  },
  {
    "id": "77cd3601-bef2-4245-8974-faabaf503e9b",
    "data": [
      {
        "text": "sim",
        "userDefined": false
      }
    ],
    "isTemplate": false,
    "count": 0,
    "lang": "pt-br",
    "updated": 0
  }
]