[
  {
    "id": "8fd72a5e-e57a-4c7a-a413-a2e35db609e8",
    "data": [
      {
        "text": "duvida",
        "userDefined": false
      }
    ],
    "isTemplate": false,
    "count": 0,
    "lang": "pt-br",
    "updated": 0
  },
  {
    "id": "5673c583-5032-4480-a46e-f08546724145",
    "data": [
      {
        "text": "duvidas diferentes",
        "userDefined": false
      }
    ],
    "isTemplate": false,
    "count": 0,
    "lang": "pt-br",
    "updated": 0
  },
  {
    "id": "d62accd7-953b-400f-8131-071227f45c5a",
    "data": [
      {
        "text": "duvida diferente",
        "userDefined": false
      }
    ],
    "isTemplate": false,
    "count": 0,
    "lang": "pt-br",
    "updated": 0
  },
  {
    "id": "8e1390ae-e6ac-4304-bada-a46259ec8bc6",
    "data": [
      {
        "text": "outra duvida",
        "userDefined": false
      }
    ],
    "isTemplate": false,
    "count": 0,
    "lang": "pt-br",
    "updated": 0
  },
  {
    "id": "9fa98adb-95fd-4928-a6dc-b0b0180098d5",
    "data": [
      {
        "text": "tenho outra duvida",
        "userDefined": false
      }
    ],
    "isTemplate": false,
    "count": 0,
    "lang": "pt-br",
    "updated": 0
  },
  {
    "id": "6e960050-5eb6-437f-b5a7-9ec97c19d5cf",
    "data": [
      {
        "text": "Outras dúvidas",
        "userDefined": false
      }
    ],
    "isTemplate": false,
    "count": 0,
    "lang": "pt-br",
    "updated": 0
  }
]