[
  {
    "id": "6f043044-8a52-4e5d-8d92-c3642052cfac",
    "data": [
      {
        "text": "sim",
        "meta": "@genericAccept",
        "alias": "genericAccept",
        "userDefined": true
      },
      {
        "text": " sim",
        "userDefined": false
      }
    ],
    "isTemplate": false,
    "count": 0,
    "lang": "pt-br",
    "updated": 0
  },
  {
    "id": "9790c217-a633-4946-9521-3348f8d94cf8",
    "data": [
      {
        "text": "sim",
        "meta": "@genericAccept",
        "alias": "genericAccept",
        "userDefined": true
      }
    ],
    "isTemplate": false,
    "count": 0,
    "lang": "pt-br",
    "updated": 0
  }
]