[
  {
    "id": "fee04d46-d545-4983-ae0a-537528508526",
    "data": [
      {
        "text": "casos ",
        "userDefined": false
      },
      {
        "text": "de",
        "userDefined": false
      },
      {
        "text": " covid",
        "userDefined": false
      }
    ],
    "isTemplate": false,
    "count": 0,
    "lang": "pt-br",
    "updated": 0
  },
  {
    "id": "2f36cc86-f660-4fb7-80cc-8606507679e1",
    "data": [
      {
        "text": "Casos no Brasil",
        "userDefined": false
      }
    ],
    "isTemplate": false,
    "count": 0,
    "lang": "pt-br",
    "updated": 0
  }
]