[
  {
    "id": "7114f687-8aff-4a3c-82d4-61fa71dbf0e7",
    "data": [
      {
        "text": "espalhar ",
        "userDefined": false
      },
      {
        "text": "corona",
        "userDefined": false
      },
      {
        "text": " virus",
        "userDefined": false
      }
    ],
    "isTemplate": false,
    "count": 0,
    "lang": "pt-br",
    "updated": 0
  },
  {
    "id": "430a4a78-eebe-4ee6-bf3d-9365278522a6",
    "data": [
      {
        "text": "passar covid",
        "userDefined": false
      }
    ],
    "isTemplate": false,
    "count": 0,
    "lang": "pt-br",
    "updated": 0
  },
  {
    "id": "9668a214-084d-4e0e-ab49-ed571f4882bf",
    "data": [
      {
        "text": "quanto demora pra ter sintomas do ",
        "userDefined": false
      },
      {
        "text": "corona",
        "userDefined": false
      },
      {
        "text": "?",
        "userDefined": false
      }
    ],
    "isTemplate": false,
    "count": 0,
    "lang": "pt-br",
    "updated": 0
  },
  {
    "id": "7a1b84be-b277-4511-8ff8-ecdde19877c2",
    "data": [
      {
        "text": "como se pega covid?",
        "userDefined": false
      }
    ],
    "isTemplate": false,
    "count": 0,
    "lang": "pt-br",
    "updated": 0
  },
  {
    "id": "5ac970dc-d760-4b26-8760-24d9770fa554",
    "data": [
      {
        "text": "quanto tempo ",
        "userDefined": false
      },
      {
        "text": "para",
        "userDefined": false
      },
      {
        "text": " pegar covid?",
        "userDefined": false
      }
    ],
    "isTemplate": false,
    "count": 0,
    "lang": "pt-br",
    "updated": 0
  },
  {
    "id": "78832512-13d4-4459-962d-4f6287f8c02b",
    "data": [
      {
        "text": "por quanto tempo posso transmitir covid?",
        "userDefined": false
      }
    ],
    "isTemplate": false,
    "count": 0,
    "lang": "pt-br",
    "updated": 0
  },
  {
    "id": "d8994417-25c3-4fb8-9efb-4e35c34cda26",
    "data": [
      {
        "text": "como o covid se espalha?",
        "userDefined": false
      }
    ],
    "isTemplate": false,
    "count": 0,
    "lang": "pt-br",
    "updated": 0
  },
  {
    "id": "d9357867-fbb3-467f-875c-d8c4d82456fa",
    "data": [
      {
        "text": "contagio do coronavirus",
        "userDefined": false
      }
    ],
    "isTemplate": false,
    "count": 0,
    "lang": "pt-br",
    "updated": 0
  },
  {
    "id": "b3161de7-211d-4f9a-8314-cb36f59e5241",
    "data": [
      {
        "text": "contagio covid",
        "userDefined": false
      }
    ],
    "isTemplate": false,
    "count": 0,
    "lang": "pt-br",
    "updated": 0
  },
  {
    "id": "e3d79d3e-57d2-4e0b-9dd0-217b2486a6ed",
    "data": [
      {
        "text": "Contágio",
        "userDefined": false
      }
    ],
    "isTemplate": false,
    "count": 0,
    "lang": "pt-br",
    "updated": 0
  }
]