[
  {
    "id": "854ca9e8-b7ef-4e67-b25b-44a004f1804d",
    "data": [
      {
        "text": "evitar o coronavirus",
        "userDefined": false
      }
    ],
    "isTemplate": false,
    "count": 1,
    "lang": "pt-br",
    "updated": 0
  },
  {
    "id": "2d95abf3-32d2-4cc1-91da-bfcd996d0d0a",
    "data": [
      {
        "text": "quais as medidas de prevenção do virus?",
        "userDefined": false
      }
    ],
    "isTemplate": false,
    "count": 0,
    "lang": "pt-br",
    "updated": 0
  },
  {
    "id": "536c3b60-e874-405c-92a4-667b834e4717",
    "data": [
      {
        "text": "proteção do coronavirus",
        "userDefined": false
      }
    ],
    "isTemplate": false,
    "count": 0,
    "lang": "pt-br",
    "updated": 0
  },
  {
    "id": "33a5fb82-7085-40e9-a93a-8e5b547db583",
    "data": [
      {
        "text": "como se previnir do ",
        "userDefined": false
      },
      {
        "text": "corona",
        "userDefined": false
      }
    ],
    "isTemplate": false,
    "count": 0,
    "lang": "pt-br",
    "updated": 0
  },
  {
    "id": "a77af205-65bc-4555-ae81-94f03a2a8efe",
    "data": [
      {
        "text": "O que pode me dizer da prevenção do coronavirus?",
        "userDefined": false
      }
    ],
    "isTemplate": false,
    "count": 0,
    "lang": "pt-br",
    "updated": 0
  },
  {
    "id": "6bb75240-7dce-43cf-99a2-a29a23be2b7a",
    "data": [
      {
        "text": "você sabe sobre a prevenção do covid?",
        "userDefined": false
      }
    ],
    "isTemplate": false,
    "count": 0,
    "lang": "pt-br",
    "updated": 0
  },
  {
    "id": "bbd8c28b-df73-4bc9-85d6-9064c33c5977",
    "data": [
      {
        "text": "como faço ",
        "userDefined": false
      },
      {
        "text": "para",
        "userDefined": false
      },
      {
        "text": " me previnir",
        "userDefined": false
      }
    ],
    "isTemplate": false,
    "count": 0,
    "lang": "pt-br",
    "updated": 0
  },
  {
    "id": "811305b6-cd5e-4c6c-b30b-f102d7d12475",
    "data": [
      {
        "text": "dicas de como me previnir",
        "userDefined": false
      }
    ],
    "isTemplate": false,
    "count": 0,
    "lang": "pt-br",
    "updated": 0
  },
  {
    "id": "6150a2ff-0e71-40bd-aa42-78515835b069",
    "data": [
      {
        "text": "dica de prevenção",
        "userDefined": false
      }
    ],
    "isTemplate": false,
    "count": 0,
    "lang": "pt-br",
    "updated": 0
  },
  {
    "id": "e452b424-4198-41fc-9548-9124017a56ed",
    "data": [
      {
        "text": "como me previnir",
        "userDefined": false
      }
    ],
    "isTemplate": false,
    "count": 0,
    "lang": "pt-br",
    "updated": 0
  },
  {
    "id": "69743579-ccfb-436a-993a-c75b4fb0ca9f",
    "data": [
      {
        "text": "quero me previnir",
        "userDefined": false
      }
    ],
    "isTemplate": false,
    "count": 0,
    "lang": "pt-br",
    "updated": 0
  },
  {
    "id": "35085ef7-b170-4220-bf5a-b2ccb68ea6b8",
    "data": [
      {
        "text": "Prevenção",
        "userDefined": false
      }
    ],
    "isTemplate": false,
    "count": 0,
    "lang": "pt-br",
    "updated": 0
  }
]