[
  {
    "id": "8befbb31-9b9b-408a-a5fe-dd67b83d6bc2",
    "data": [
      {
        "text": "aham",
        "userDefined": false
      }
    ],
    "isTemplate": false,
    "count": 0,
    "lang": "pt-br",
    "updated": 0
  },
  {
    "id": "e8ce01c4-bd29-4257-a10e-46091405aeae",
    "data": [
      {
        "text": "yup",
        "userDefined": false
      }
    ],
    "isTemplate": false,
    "count": 0,
    "lang": "pt-br",
    "updated": 0
  },
  {
    "id": "224d1434-ca74-4860-9036-ec328bb6f55d",
    "data": [
      {
        "text": "uhum",
        "userDefined": false
      }
    ],
    "isTemplate": false,
    "count": 0,
    "lang": "pt-br",
    "updated": 0
  },
  {
    "id": "b937accc-dd5e-4096-b1b2-282871a7182e",
    "data": [
      {
        "text": "correto",
        "userDefined": false
      }
    ],
    "isTemplate": false,
    "count": 0,
    "lang": "pt-br",
    "updated": 0
  },
  {
    "id": "eaa43d73-2085-4f3f-a2ed-ab4fbd2e94b8",
    "data": [
      {
        "text": "afirmativo",
        "userDefined": false
      }
    ],
    "isTemplate": false,
    "count": 0,
    "lang": "pt-br",
    "updated": 0
  },
  {
    "id": "606e2d63-d9f0-4965-afb8-34ad842b20a6",
    "data": [
      {
        "text": "ok",
        "userDefined": false
      }
    ],
    "isTemplate": false,
    "count": 0,
    "lang": "pt-br",
    "updated": 0
  },
  {
    "id": "5fa27e24-0ee8-4c62-a582-ef6e5da15839",
    "data": [
      {
        "text": "claro",
        "userDefined": false
      }
    ],
    "isTemplate": false,
    "count": 0,
    "lang": "pt-br",
    "updated": 0
  },
  {
    "id": "4d7fdc77-6f76-42ba-8340-0da77efca889",
    "data": [
      {
        "text": "Pode ser",
        "userDefined": false
      }
    ],
    "isTemplate": false,
    "count": 0,
    "lang": "pt-br",
    "updated": 0
  },
  {
    "id": "d66310ed-26d7-499d-bc46-0343c572626f",
    "data": [
      {
        "text": "Sim",
        "userDefined": false
      }
    ],
    "isTemplate": false,
    "count": 0,
    "lang": "pt-br",
    "updated": 0
  }
]