[
  {
    "id": "1b54a2e1-ee74-4d9f-8e0e-2a5b0556d914",
    "data": [
      {
        "text": "chamo ",
        "userDefined": false
      },
      {
        "text": "carlos",
        "meta": "@sys.person",
        "alias": "person",
        "userDefined": false
      }
    ],
    "isTemplate": false,
    "count": 0,
    "lang": "pt-br",
    "updated": 0
  },
  {
    "id": "5737b2e7-0672-48c9-a785-1aa879e3366a",
    "data": [
      {
        "text": "carlos",
        "meta": "@sys.person",
        "alias": "person",
        "userDefined": false
      },
      {
        "text": " é meu nome",
        "userDefined": false
      }
    ],
    "isTemplate": false,
    "count": 0,
    "lang": "pt-br",
    "updated": 0
  },
  {
    "id": "a775032c-31e7-4508-9a6c-9fc844895696",
    "data": [
      {
        "text": "meu nome é ",
        "userDefined": false
      },
      {
        "text": "carlos",
        "meta": "@sys.person",
        "alias": "person",
        "userDefined": false
      }
    ],
    "isTemplate": false,
    "count": 0,
    "lang": "pt-br",
    "updated": 0
  },
  {
    "id": "16046823-e738-404c-9b8f-f0b357f691bd",
    "data": [
      {
        "text": "pode me chamar de ",
        "userDefined": false
      },
      {
        "text": "carlos",
        "meta": "@sys.person",
        "alias": "person",
        "userDefined": false
      }
    ],
    "isTemplate": false,
    "count": 0,
    "lang": "pt-br",
    "updated": 0
  },
  {
    "id": "56473f2b-ccc9-48f8-8052-f5e183414161",
    "data": [
      {
        "text": "me chamo ",
        "userDefined": false
      },
      {
        "text": "carlos",
        "meta": "@sys.person",
        "alias": "person",
        "userDefined": false
      }
    ],
    "isTemplate": false,
    "count": 0,
    "lang": "pt-br",
    "updated": 0
  },
  {
    "id": "9bc31fc2-076a-4ae3-8c13-66c9029a3d87",
    "data": [
      {
        "text": "me chame de ",
        "userDefined": false
      },
      {
        "text": "carlos",
        "meta": "@sys.person",
        "alias": "person",
        "userDefined": false
      }
    ],
    "isTemplate": false,
    "count": 0,
    "lang": "pt-br",
    "updated": 0
  },
  {
    "id": "ba1f8148-f763-4cc8-856b-11af86f15208",
    "data": [
      {
        "text": "pode ser ",
        "userDefined": false
      },
      {
        "text": "carlos",
        "meta": "@sys.person",
        "alias": "person",
        "userDefined": false
      }
    ],
    "isTemplate": false,
    "count": 0,
    "lang": "pt-br",
    "updated": 0
  },
  {
    "id": "6d22fdf0-6bcc-44e2-b019-69555f11a7de",
    "data": [
      {
        "text": "carlos",
        "meta": "@sys.person",
        "alias": "person",
        "userDefined": false
      }
    ],
    "isTemplate": false,
    "count": 0,
    "lang": "pt-br",
    "updated": 0
  }
]