[
  {
    "id": "f23b2092-c3b0-41d9-b083-744ff583f167",
    "data": [
      {
        "text": "meu nome",
        "userDefined": false
      }
    ],
    "isTemplate": false,
    "count": 0,
    "lang": "pt-br",
    "updated": 0
  },
  {
    "id": "cd9a31a2-de44-4156-8864-a8cf1a8a6ceb",
    "data": [
      {
        "text": "cadastro",
        "userDefined": false
      }
    ],
    "isTemplate": false,
    "count": 0,
    "lang": "pt-br",
    "updated": 0
  },
  {
    "id": "7317149e-d9df-466e-a83a-c89be6b768f1",
    "data": [
      {
        "text": "nomear",
        "userDefined": false
      }
    ],
    "isTemplate": false,
    "count": 0,
    "lang": "pt-br",
    "updated": 0
  },
  {
    "id": "90c6f043-0c83-45e6-a146-f5319c2cf9ea",
    "data": [
      {
        "text": "cadastrar",
        "userDefined": false
      }
    ],
    "isTemplate": false,
    "count": 0,
    "lang": "pt-br",
    "updated": 0
  },
  {
    "id": "e9998058-f867-48cb-a3ae-c5e421af0943",
    "data": [
      {
        "text": "adicionar apelido",
        "userDefined": false
      }
    ],
    "isTemplate": false,
    "count": 0,
    "lang": "pt-br",
    "updated": 0
  },
  {
    "id": "bc3b923a-a50d-4c99-87fa-952c3ef64ebf",
    "data": [
      {
        "text": "adicionar nome",
        "userDefined": false
      }
    ],
    "isTemplate": false,
    "count": 0,
    "lang": "pt-br",
    "updated": 0
  },
  {
    "id": "fc17d831-6727-48ee-8ec6-db6691e0c4d0",
    "data": [
      {
        "text": "nome",
        "userDefined": false
      }
    ],
    "isTemplate": false,
    "count": 0,
    "lang": "pt-br",
    "updated": 0
  },
  {
    "id": "37d495be-cb2a-4c3b-b207-e9bd8003308a",
    "data": [
      {
        "text": "me chame de",
        "userDefined": false
      }
    ],
    "isTemplate": false,
    "count": 0,
    "lang": "pt-br",
    "updated": 0
  },
  {
    "id": "1d60b2f0-f4d8-476e-bc4a-7f9fc7d513f7",
    "data": [
      {
        "text": "meu apelido",
        "userDefined": false
      }
    ],
    "isTemplate": false,
    "count": 0,
    "lang": "pt-br",
    "updated": 0
  },
  {
    "id": "0f874523-3d58-40cc-8b8d-e03d99df6081",
    "data": [
      {
        "text": "apelido",
        "userDefined": false
      }
    ],
    "isTemplate": false,
    "count": 0,
    "lang": "pt-br",
    "updated": 0
  }
]