[
  {
    "id": "5c687539-fbad-4cfa-a112-a99238ff820b",
    "data": [
      {
        "text": "Estou com",
        "userDefined": false
      },
      {
        "text": " sintomas de coronavírus",
        "userDefined": false
      }
    ],
    "isTemplate": false,
    "count": 0,
    "lang": "pt-br",
    "updated": 0
  },
  {
    "id": "719a0f88-95f8-4276-9e1b-7a6a3795ff73",
    "data": [
      {
        "text": "Acho que estou com",
        "userDefined": false
      },
      {
        "text": " covid",
        "userDefined": false
      }
    ],
    "isTemplate": false,
    "count": 0,
    "lang": "pt-br",
    "updated": 0
  },
  {
    "id": "8769c814-97b9-4b21-857f-5530fef05194",
    "data": [
      {
        "text": "Realizar pré-diagnóstico",
        "userDefined": false
      }
    ],
    "isTemplate": false,
    "count": 0,
    "lang": "pt-br",
    "updated": 0
  },
  {
    "id": "6de34ab1-d561-4e6f-b3e3-37d761843f47",
    "data": [
      {
        "text": "Diagnóstico",
        "userDefined": false
      }
    ],
    "isTemplate": false,
    "count": 0,
    "lang": "pt-br",
    "updated": 0
  },
  {
    "id": "ae1f3d74-35be-4acc-a49c-7be30478e367",
    "data": [
      {
        "text": "Gostaria de realizar ",
        "userDefined": false
      },
      {
        "text": "um",
        "userDefined": false
      },
      {
        "text": " pré-diagnóstico",
        "userDefined": false
      }
    ],
    "isTemplate": false,
    "count": 0,
    "lang": "pt-br",
    "updated": 0
  },
  {
    "id": "a58766f8-5d0e-4f7c-8646-6bbe98889fcd",
    "data": [
      {
        "text": "Quero fazer ",
        "userDefined": false
      },
      {
        "text": "um",
        "userDefined": false
      },
      {
        "text": " pré-diagnóstico",
        "userDefined": false
      }
    ],
    "isTemplate": false,
    "count": 0,
    "lang": "pt-br",
    "updated": 0
  },
  {
    "id": "d80cdcea-a4d1-412f-9188-8056960f51be",
    "data": [
      {
        "text": "Pré-diagnóstico",
        "userDefined": false
      }
    ],
    "isTemplate": false,
    "count": 0,
    "lang": "pt-br",
    "updated": 0
  }
]