[
  {
    "id": "7e158c48-8546-4190-9291-65cd1f0b0a7e",
    "data": [
      {
        "text": "prevenção de enfermeiros",
        "userDefined": false
      }
    ],
    "isTemplate": false,
    "count": 0,
    "lang": "pt-br",
    "updated": 0
  },
  {
    "id": "50ac3278-b668-4a2b-beda-ee052f63fabd",
    "data": [
      {
        "text": "prevenção de ",
        "userDefined": false
      },
      {
        "text": "médicos",
        "userDefined": false
      }
    ],
    "isTemplate": false,
    "count": 0,
    "lang": "pt-br",
    "updated": 0
  },
  {
    "id": "10d53bb2-2db6-4641-877c-995c1da45344",
    "data": [
      {
        "text": "prevenção do covid ",
        "userDefined": false
      },
      {
        "text": "para",
        "userDefined": false
      },
      {
        "text": " profissional",
        "userDefined": false
      }
    ],
    "isTemplate": false,
    "count": 0,
    "lang": "pt-br",
    "updated": 0
  },
  {
    "id": "921a0f91-419a-4570-91d3-df841785c264",
    "data": [
      {
        "text": "prevenção do coronavirus ",
        "userDefined": false
      },
      {
        "text": "para",
        "userDefined": false
      },
      {
        "text": " profissionais ",
        "userDefined": false
      },
      {
        "text": "da",
        "userDefined": false
      },
      {
        "text": " area de ",
        "userDefined": false
      },
      {
        "text": "saude",
        "userDefined": false
      }
    ],
    "isTemplate": false,
    "count": 0,
    "lang": "pt-br",
    "updated": 0
  },
  {
    "id": "93039341-d79a-42f7-b5fb-e6333f0c6bdd",
    "data": [
      {
        "text": "para",
        "userDefined": false
      },
      {
        "text": " o profissional de ",
        "userDefined": false
      },
      {
        "text": "saúde",
        "userDefined": false
      }
    ],
    "isTemplate": false,
    "count": 0,
    "lang": "pt-br",
    "updated": 0
  },
  {
    "id": "fdc4447e-5bee-46ba-b238-5094fcafb034",
    "data": [
      {
        "text": "prevenção do profissional de ",
        "userDefined": false
      },
      {
        "text": "saude",
        "userDefined": false
      }
    ],
    "isTemplate": false,
    "count": 0,
    "lang": "pt-br",
    "updated": 0
  },
  {
    "id": "4a2ad72f-4ab8-4f4c-9b94-3969d2d766be",
    "data": [
      {
        "text": "prevenção profissional",
        "userDefined": false
      }
    ],
    "isTemplate": false,
    "count": 0,
    "lang": "pt-br",
    "updated": 0
  },
  {
    "id": "7b614982-6792-461c-9f8b-1235d863104b",
    "data": [
      {
        "text": "Prevenção do Profissional",
        "userDefined": false
      }
    ],
    "isTemplate": false,
    "count": 0,
    "lang": "pt-br",
    "updated": 0
  }
]