[
  {
    "id": "4f5d98bd-5459-4ebc-96bc-130d67637450",
    "data": [
      {
        "text": "quero comprar um carro",
        "userDefined": false
      }
    ],
    "isTemplate": false,
    "count": 0,
    "lang": "pt-br",
    "updated": 0
  },
  {
    "id": "53926b00-6b1d-47ea-b7fe-f123046cc7d3",
    "data": [
      {
        "text": "quero uma pizza",
        "userDefined": false
      }
    ],
    "isTemplate": false,
    "count": 0,
    "lang": "pt-br",
    "updated": 0
  },
  {
    "id": "6a65bee8-1510-47d0-aebc-3995b90b8fa8",
    "data": [
      {
        "text": "ablublé",
        "userDefined": false
      }
    ],
    "isTemplate": false,
    "count": 0,
    "lang": "pt-br",
    "updated": 0
  },
  {
    "id": "9c6b226e-7e48-4480-9599-39be6a1da65a",
    "data": [
      {
        "text": "talvez",
        "userDefined": false
      }
    ],
    "isTemplate": false,
    "count": 0,
    "lang": "pt-br",
    "updated": 0
  },
  {
    "id": "8bbac399-79ce-4883-b7b9-1d8e83e86a37",
    "data": [
      {
        "text": "não sei",
        "userDefined": false
      }
    ],
    "isTemplate": false,
    "count": 0,
    "lang": "pt-br",
    "updated": 0
  }
]