[
  {
    "id": "be93b168-d6ad-4699-b8ab-e7fe471b6352",
    "data": [
      {
        "text": "prevenções básicas",
        "userDefined": false
      }
    ],
    "isTemplate": false,
    "count": 0,
    "lang": "pt-br",
    "updated": 0
  },
  {
    "id": "5f6e7a15-9eb5-4706-86cb-e693a3b82fbb",
    "data": [
      {
        "text": "dicas de prevenção básica",
        "userDefined": false
      }
    ],
    "isTemplate": false,
    "count": 0,
    "lang": "pt-br",
    "updated": 0
  },
  {
    "id": "3d6f73ab-d2b0-414f-83ea-c63d4a9d25fd",
    "data": [
      {
        "text": "previnir basica",
        "userDefined": false
      }
    ],
    "isTemplate": false,
    "count": 0,
    "lang": "pt-br",
    "updated": 0
  },
  {
    "id": "ee103444-0574-4753-ab8b-db48ddfacae8",
    "data": [
      {
        "text": "como faço a prevenção básica",
        "userDefined": false
      }
    ],
    "isTemplate": false,
    "count": 1,
    "lang": "pt-br",
    "updated": 0
  },
  {
    "id": "c6153cd8-14c4-4ec3-a9a3-fe4487188379",
    "data": [
      {
        "text": "mais sobre ",
        "userDefined": false
      },
      {
        "text": "a basica",
        "userDefined": false
      }
    ],
    "isTemplate": false,
    "count": 0,
    "lang": "pt-br",
    "updated": 0
  },
  {
    "id": "a9601624-6aba-4f91-8b4c-16be6e782b1e",
    "data": [
      {
        "text": "quero saber da prevenção básica",
        "userDefined": false
      }
    ],
    "isTemplate": false,
    "count": 0,
    "lang": "pt-br",
    "updated": 0
  },
  {
    "id": "fba89a79-44f5-4a8e-a179-65e5c0633266",
    "data": [
      {
        "text": "basica por favor",
        "userDefined": false
      }
    ],
    "isTemplate": false,
    "count": 0,
    "lang": "pt-br",
    "updated": 0
  },
  {
    "id": "780c43f7-9351-494e-9750-488a03f39208",
    "data": [
      {
        "text": "a básica",
        "userDefined": false
      }
    ],
    "isTemplate": false,
    "count": 1,
    "lang": "pt-br",
    "updated": 0
  },
  {
    "id": "b0299e62-a5d2-4e81-bc79-fa257e06760e",
    "data": [
      {
        "text": "Prevenção básica",
        "userDefined": false
      }
    ],
    "isTemplate": false,
    "count": 0,
    "lang": "pt-br",
    "updated": 0
  }
]