[
  {
    "id": "517813cf-526d-4162-bd93-1b831834a10b",
    "data": [
      {
        "text": "O que eu ",
        "userDefined": false
      },
      {
        "text": "devo",
        "userDefined": false
      },
      {
        "text": " fazer ",
        "userDefined": false
      },
      {
        "text": "para",
        "userDefined": false
      },
      {
        "text": " me prevenir do covid?",
        "userDefined": false
      }
    ],
    "isTemplate": false,
    "count": 0,
    "lang": "pt-br",
    "updated": 0
  },
  {
    "id": "47bff61e-d0c7-42ad-a9ae-2ab6c0219510",
    "data": [
      {
        "text": "prevenir",
        "userDefined": false
      }
    ],
    "isTemplate": false,
    "count": 0,
    "lang": "pt-br",
    "updated": 0
  },
  {
    "id": "afdcc9d8-8b87-4494-8d23-6f4496097df6",
    "data": [
      {
        "text": "Dicas de prevenção",
        "userDefined": false
      }
    ],
    "isTemplate": false,
    "count": 0,
    "lang": "pt-br",
    "updated": 0
  },
  {
    "id": "a850737c-5e5d-48fa-8135-f3af0448fd45",
    "data": [
      {
        "text": "Eu preciso de informações sobre prevenção contra o corona",
        "userDefined": false
      }
    ],
    "isTemplate": false,
    "count": 0,
    "lang": "pt-br",
    "updated": 0
  },
  {
    "id": "ea68b91e-17a3-486c-a550-0f2ed5045842",
    "data": [
      {
        "text": "como me prevenir da COVID-",
        "userDefined": false
      },
      {
        "text": "19",
        "userDefined": false
      }
    ],
    "isTemplate": false,
    "count": 0,
    "lang": "pt-br",
    "updated": 0
  },
  {
    "id": "8870140e-df37-4dec-9439-e84b6c9ff125",
    "data": [
      {
        "text": "como me prevenir do ",
        "userDefined": false
      },
      {
        "text": "corona",
        "userDefined": false
      }
    ],
    "isTemplate": false,
    "count": 0,
    "lang": "pt-br",
    "updated": 0
  },
  {
    "id": "b0f14390-f697-433a-b639-b073fa54a8e8",
    "data": [
      {
        "text": "quero saber sobre pevenção",
        "userDefined": false
      }
    ],
    "isTemplate": false,
    "count": 0,
    "lang": "pt-br",
    "updated": 0
  },
  {
    "id": "bdbcd212-c22e-473c-bd57-46f7fb71d4ac",
    "data": [
      {
        "text": "prevenção",
        "userDefined": false
      }
    ],
    "isTemplate": false,
    "count": 0,
    "lang": "pt-br",
    "updated": 0
  }
]