[
  {
    "id": "133d737c-42f9-482e-9bc6-4b019edbbf22",
    "data": [
      {
        "text": "como os profissionais de ",
        "userDefined": false
      },
      {
        "text": "saúde",
        "userDefined": false
      },
      {
        "text": " podem ",
        "userDefined": false
      },
      {
        "text": "se",
        "userDefined": false
      },
      {
        "text": " previnir?",
        "userDefined": false
      }
    ],
    "isTemplate": false,
    "count": 0,
    "lang": "pt-br",
    "updated": 0
  },
  {
    "id": "2acc5d59-e291-4d68-8840-72a82f78ef6b",
    "data": [
      {
        "text": "prevenção ",
        "userDefined": false
      },
      {
        "text": "para",
        "userDefined": false
      },
      {
        "text": " enfermeiros",
        "userDefined": false
      }
    ],
    "isTemplate": false,
    "count": 0,
    "lang": "pt-br",
    "updated": 0
  },
  {
    "id": "32733260-27ca-4987-9d48-ce796c9ef02f",
    "data": [
      {
        "text": "prevenção dos profissionais da ",
        "userDefined": false
      },
      {
        "text": "saúde",
        "userDefined": false
      }
    ],
    "isTemplate": false,
    "count": 0,
    "lang": "pt-br",
    "updated": 0
  },
  {
    "id": "c2cc94ef-16f6-4059-93d9-85da99058dee",
    "data": [
      {
        "text": "prevenção de ",
        "userDefined": false
      },
      {
        "text": "médicos",
        "userDefined": false
      }
    ],
    "isTemplate": false,
    "count": 0,
    "lang": "pt-br",
    "updated": 0
  },
  {
    "id": "aa247fae-75fe-44f8-a19a-0399849fbca0",
    "data": [
      {
        "text": "prevenção profissional",
        "userDefined": false
      }
    ],
    "isTemplate": false,
    "count": 0,
    "lang": "pt-br",
    "updated": 0
  }
]