[
  {
    "id": "26002d28-3747-4022-a4c6-a31a3f9f8a1e",
    "data": [
      {
        "text": "dois",
        "meta": "@ConcerningSymptoms",
        "alias": "concerningSymptoms",
        "userDefined": false
      },
      {
        "text": " sintomas",
        "userDefined": false
      }
    ],
    "isTemplate": false,
    "count": 0,
    "lang": "pt-br",
    "updated": 0
  },
  {
    "id": "a283c89e-86ab-40b1-b9e9-3c04db0cdb04",
    "data": [
      {
        "text": "3",
        "meta": "@ConcerningSymptoms",
        "alias": "concerningSymptoms",
        "userDefined": false
      }
    ],
    "isTemplate": false,
    "count": 0,
    "lang": "pt-br",
    "updated": 0
  },
  {
    "id": "5ef2bd9d-e0e4-48a5-8fab-88fba66e2fe4",
    "data": [
      {
        "text": "sofri ",
        "userDefined": false
      },
      {
        "text": "desmaio",
        "meta": "@ConcerningSymptoms",
        "alias": "concerningSymptoms",
        "userDefined": false
      }
    ],
    "isTemplate": false,
    "count": 0,
    "lang": "pt-br",
    "updated": 0
  },
  {
    "id": "5cd34508-238b-4cdc-98d9-1090db59bb66",
    "data": [
      {
        "text": "tive",
        "userDefined": false
      },
      {
        "text": " ",
        "userDefined": false
      },
      {
        "text": "convulsão",
        "meta": "@ConcerningSymptoms",
        "alias": "concerningSymptoms",
        "userDefined": true
      }
    ],
    "isTemplate": false,
    "count": 0,
    "lang": "pt-br",
    "updated": 0
  },
  {
    "id": "ea3dc48c-7a37-4f8f-9ca1-ac4f23abacd4",
    "data": [
      {
        "text": "nao",
        "meta": "@ConcerningSymptoms",
        "alias": "concerningSymptoms",
        "userDefined": false
      },
      {
        "text": " senti nada",
        "userDefined": false
      }
    ],
    "isTemplate": false,
    "count": 0,
    "lang": "pt-br",
    "updated": 0
  },
  {
    "id": "07ae82c3-0d5b-4476-a34d-b2050468e2d7",
    "data": [
      {
        "text": "nao",
        "meta": "@ConcerningSymptoms",
        "alias": "concerningSymptoms",
        "userDefined": true
      },
      {
        "text": " tive",
        "userDefined": false
      }
    ],
    "isTemplate": false,
    "count": 0,
    "lang": "pt-br",
    "updated": 0
  },
  {
    "id": "71e3c98e-0e3b-411d-82d6-41ed2a43a2c0",
    "data": [
      {
        "text": "sim",
        "meta": "@ConcerningSymptoms",
        "alias": "concerningSymptoms",
        "userDefined": false
      }
    ],
    "isTemplate": false,
    "count": 0,
    "lang": "pt-br",
    "updated": 0
  },
  {
    "id": "3b729e8b-ad61-45dc-9791-c3075f44d230",
    "data": [
      {
        "text": "senti",
        "meta": "@ConcerningSymptoms",
        "alias": "concerningSymptoms",
        "userDefined": false
      }
    ],
    "isTemplate": false,
    "count": 0,
    "lang": "pt-br",
    "updated": 0
  }
]