[
  {
    "id": "27fce8f2-9321-412a-afa1-361a9d8e5ab5",
    "data": [
      {
        "text": "tive febre alta",
        "userDefined": false
      }
    ],
    "isTemplate": false,
    "count": 0,
    "lang": "pt-br",
    "updated": 0
  },
  {
    "id": "ad04d01d-385a-4549-ad65-2ebb78b83c49",
    "data": [
      {
        "text": "minha febre foi maior que isso",
        "userDefined": false
      }
    ],
    "isTemplate": false,
    "count": 0,
    "lang": "pt-br",
    "updated": 0
  },
  {
    "id": "0a89da1b-e24f-4f36-bb5f-3cea3139f6fd",
    "data": [
      {
        "text": "acho que estou com",
        "userDefined": false
      },
      {
        "text": " sintomas leves",
        "userDefined": false
      }
    ],
    "isTemplate": false,
    "count": 1,
    "lang": "pt-br",
    "updated": 0
  },
  {
    "id": "3f1f29b4-e405-45e7-9047-f2aad7926426",
    "data": [
      {
        "text": "tive febre",
        "userDefined": false
      }
    ],
    "isTemplate": false,
    "count": 0,
    "lang": "pt-br",
    "updated": 0
  },
  {
    "id": "69c3e70a-3495-4e12-87b9-b554713658d2",
    "data": [
      {
        "text": "sim",
        "userDefined": false
      }
    ],
    "isTemplate": false,
    "count": 0,
    "lang": "pt-br",
    "updated": 0
  }
]