[
  {
    "id": "ae1f1526-8cb9-4649-b063-977e58a0e05d",
    "data": [
      {
        "text": "tenho mais de ",
        "userDefined": false
      },
      {
        "text": "três",
        "userDefined": false
      },
      {
        "text": " sintomas",
        "userDefined": false
      }
    ],
    "isTemplate": false,
    "count": 0,
    "lang": "pt-br",
    "updated": 0
  },
  {
    "id": "5391bee4-3c11-44b1-b452-7e272f5133cb",
    "data": [
      {
        "text": "estou com",
        "userDefined": false
      },
      {
        "text": " ",
        "userDefined": false
      },
      {
        "text": "4",
        "userDefined": false
      },
      {
        "text": " sintomas",
        "userDefined": false
      }
    ],
    "isTemplate": false,
    "count": 0,
    "lang": "pt-br",
    "updated": 0
  },
  {
    "id": "538dcc30-6a67-4c16-a6f6-e2fc8fb483d1",
    "data": [
      {
        "text": "sim, ",
        "userDefined": false
      },
      {
        "text": "estou com",
        "userDefined": false
      },
      {
        "text": " mais ",
        "userDefined": false
      },
      {
        "text": "de 3",
        "userDefined": false
      },
      {
        "text": " sintomas",
        "userDefined": false
      }
    ],
    "isTemplate": false,
    "count": 0,
    "lang": "pt-br",
    "updated": 0
  }
]