[
  {
    "id": "5523c69a-cd3d-47c4-80aa-9c77f2ac5c94",
    "data": [
      {
        "text": "Pré-diagnóstico",
        "userDefined": false
      }
    ],
    "isTemplate": false,
    "count": 0,
    "lang": "pt-br",
    "updated": 0
  },
  {
    "id": "b64df440-78d5-4046-b004-d75437f4d59c",
    "data": [
      {
        "text": "covid pré-diagnóstico",
        "userDefined": false
      }
    ],
    "isTemplate": false,
    "count": 0,
    "lang": "pt-br",
    "updated": 0
  },
  {
    "id": "ba4d8ce4-8cfe-4fff-b854-f25ba83f0dcc",
    "data": [
      {
        "text": "diagnóstico de covid",
        "userDefined": false
      }
    ],
    "isTemplate": false,
    "count": 0,
    "lang": "pt-br",
    "updated": 0
  },
  {
    "id": "7ba7a1ed-f2f8-4ba4-ad5a-714ba5ef0950",
    "data": [
      {
        "text": "quero fazer ",
        "userDefined": false
      },
      {
        "text": "um",
        "userDefined": false
      },
      {
        "text": " pré-diagnóstico",
        "userDefined": false
      }
    ],
    "isTemplate": false,
    "count": 0,
    "lang": "pt-br",
    "updated": 0
  },
  {
    "id": "098f1253-7fbf-4e4b-a8f0-0e9d839ed952",
    "data": [
      {
        "text": "como faço ",
        "userDefined": false
      },
      {
        "text": "um",
        "userDefined": false
      },
      {
        "text": " pré diagnóstico",
        "userDefined": false
      }
    ],
    "isTemplate": false,
    "count": 0,
    "lang": "pt-br",
    "updated": 0
  },
  {
    "id": "3fd76525-aa2c-4492-9cae-ad02ebb7384b",
    "data": [
      {
        "text": "realizar diagnósitico de covid",
        "userDefined": false
      }
    ],
    "isTemplate": false,
    "count": 0,
    "lang": "pt-br",
    "updated": 0
  },
  {
    "id": "5a0e78fb-00af-4511-9d5a-fabd8a96260f",
    "data": [
      {
        "text": "diagnóstico por favor",
        "userDefined": false
      }
    ],
    "isTemplate": false,
    "count": 0,
    "lang": "pt-br",
    "updated": 0
  },
  {
    "id": "e4b7e8f5-ccf3-4c29-a0c3-b59af065dc25",
    "data": [
      {
        "text": "realizar meu diagnóstico inicial",
        "userDefined": false
      }
    ],
    "isTemplate": false,
    "count": 0,
    "lang": "pt-br",
    "updated": 0
  },
  {
    "id": "63cafde4-ee82-4c6d-8321-6dfcaea7130b",
    "data": [
      {
        "text": "diagnóstico inicial",
        "userDefined": false
      }
    ],
    "isTemplate": false,
    "count": 0,
    "lang": "pt-br",
    "updated": 0
  },
  {
    "id": "56ec6130-45c7-4858-9226-8c16254ffb31",
    "data": [
      {
        "text": "coronavirus pré diagnóstico",
        "userDefined": false
      }
    ],
    "isTemplate": false,
    "count": 0,
    "lang": "pt-br",
    "updated": 0
  },
  {
    "id": "751cc96b-5100-4dbf-a99b-623a57b9a033",
    "data": [
      {
        "text": "voce",
        "userDefined": false
      },
      {
        "text": " sabe fazer ",
        "userDefined": false
      },
      {
        "text": "um",
        "userDefined": false
      },
      {
        "text": " pré diagnóstico?",
        "userDefined": false
      }
    ],
    "isTemplate": false,
    "count": 0,
    "lang": "pt-br",
    "updated": 0
  },
  {
    "id": "dc125fb1-17ae-4506-85cc-fcd6e7e731c1",
    "data": [
      {
        "text": "vc faz meu diagnóstico por favor",
        "userDefined": false
      }
    ],
    "isTemplate": false,
    "count": 0,
    "lang": "pt-br",
    "updated": 0
  }
]