[
  {
    "id": "0cfaabd5-1803-4646-8b18-c56b11feb674",
    "data": [
      {
        "text": "help",
        "userDefined": false
      }
    ],
    "isTemplate": false,
    "count": 0,
    "lang": "pt-br",
    "updated": 0
  },
  {
    "id": "5bfe8a9d-d9fe-452a-ba3c-b18742644c35",
    "data": [
      {
        "text": "me da ",
        "userDefined": false
      },
      {
        "text": "um",
        "userDefined": false
      },
      {
        "text": " help",
        "userDefined": false
      }
    ],
    "isTemplate": false,
    "count": 0,
    "lang": "pt-br",
    "updated": 0
  },
  {
    "id": "bcc6a9f3-e1a4-4e3e-89ca-0148b7c045ab",
    "data": [
      {
        "text": "facilita ai",
        "userDefined": false
      }
    ],
    "isTemplate": false,
    "count": 0,
    "lang": "pt-br",
    "updated": 0
  },
  {
    "id": "2ae7f3b2-8bec-45ca-a05e-cf0f5435e2b6",
    "data": [
      {
        "text": "ajuda aqui ",
        "userDefined": false
      },
      {
        "text": "amigo",
        "userDefined": false
      }
    ],
    "isTemplate": false,
    "count": 0,
    "lang": "pt-br",
    "updated": 0
  },
  {
    "id": "cdfebec2-5d38-4a41-92f1-a521ad1ca5ce",
    "data": [
      {
        "text": "me de ",
        "userDefined": false
      },
      {
        "text": "uma",
        "userDefined": false
      },
      {
        "text": " mão",
        "userDefined": false
      }
    ],
    "isTemplate": false,
    "count": 0,
    "lang": "pt-br",
    "updated": 0
  },
  {
    "id": "f4e27116-96bf-40c8-a268-38b6e50878bf",
    "data": [
      {
        "text": "arrimo",
        "userDefined": false
      }
    ],
    "isTemplate": false,
    "count": 0,
    "lang": "pt-br",
    "updated": 0
  },
  {
    "id": "696a5056-32de-4d2e-ab40-8c652f5d282d",
    "data": [
      {
        "text": "socorro",
        "userDefined": false
      }
    ],
    "isTemplate": false,
    "count": 0,
    "lang": "pt-br",
    "updated": 0
  },
  {
    "id": "6ac56302-7efc-4a2c-8e5a-808bb36b1274",
    "data": [
      {
        "text": "assistência",
        "userDefined": false
      }
    ],
    "isTemplate": false,
    "count": 0,
    "lang": "pt-br",
    "updated": 0
  },
  {
    "id": "ecec1e0a-9eaf-4a7e-a1de-3cbffd8c913d",
    "data": [
      {
        "text": "auxílio",
        "userDefined": false
      }
    ],
    "isTemplate": false,
    "count": 0,
    "lang": "pt-br",
    "updated": 0
  },
  {
    "id": "de29895f-b3d9-4022-9f0a-4939b76e6e9d",
    "data": [
      {
        "text": "ajuda",
        "userDefined": false
      }
    ],
    "isTemplate": false,
    "count": 0,
    "lang": "pt-br",
    "updated": 0
  }
]