[
  {
    "id": "1ad7ed2a-b707-4a1b-ace7-394a3894f781",
    "data": [
      {
        "text": "deu certo não",
        "userDefined": false
      }
    ],
    "isTemplate": false,
    "count": 0,
    "lang": "pt-br",
    "updated": 0
  },
  {
    "id": "6ee5651f-8ce1-4c65-95e9-41c3ab276331",
    "data": [
      {
        "text": "so piorou",
        "userDefined": false
      }
    ],
    "isTemplate": false,
    "count": 0,
    "lang": "pt-br",
    "updated": 0
  },
  {
    "id": "2f3d29a9-d0a3-45c1-8895-6f6d1a1409b6",
    "data": [
      {
        "text": "não foi",
        "userDefined": false
      }
    ],
    "isTemplate": false,
    "count": 0,
    "lang": "pt-br",
    "updated": 0
  },
  {
    "id": "c841fe88-b00b-4858-a3a1-035081af0532",
    "data": [
      {
        "text": "aqui não foi",
        "userDefined": false
      }
    ],
    "isTemplate": false,
    "count": 0,
    "lang": "pt-br",
    "updated": 0
  },
  {
    "id": "d0d24948-7255-471f-a5b9-aaa3449da8df",
    "data": [
      {
        "text": "não deu certo",
        "userDefined": false
      }
    ],
    "isTemplate": false,
    "count": 0,
    "lang": "pt-br",
    "updated": 0
  },
  {
    "id": "fa0cf945-542f-483c-b930-019891abfed8",
    "data": [
      {
        "text": "abrir ",
        "userDefined": false
      },
      {
        "text": "um",
        "userDefined": false
      },
      {
        "text": " chamado",
        "userDefined": false
      }
    ],
    "isTemplate": false,
    "count": 0,
    "lang": "pt-br",
    "updated": 0
  },
  {
    "id": "80a4cfb5-6b71-453a-bdca-2b8587f272f6",
    "data": [
      {
        "text": "quero abrir ",
        "userDefined": false
      },
      {
        "text": "um",
        "userDefined": false
      },
      {
        "text": " chamado",
        "userDefined": false
      }
    ],
    "isTemplate": false,
    "count": 0,
    "lang": "pt-br",
    "updated": 0
  },
  {
    "id": "c0c54a27-4a3d-4dd2-a156-c7b043187a85",
    "data": [
      {
        "text": "não funcionou",
        "userDefined": false
      }
    ],
    "isTemplate": false,
    "count": 0,
    "lang": "pt-br",
    "updated": 0
  },
  {
    "id": "9b8037b8-ea5d-4076-8ebf-e50b6408ef37",
    "data": [
      {
        "text": "não resolveu",
        "userDefined": false
      }
    ],
    "isTemplate": false,
    "count": 0,
    "lang": "pt-br",
    "updated": 0
  },
  {
    "id": "28218eb2-5126-4d68-9fe5-e633d5030b83",
    "data": [
      {
        "text": "chamado",
        "userDefined": false
      }
    ],
    "isTemplate": false,
    "count": 0,
    "lang": "pt-br",
    "updated": 0
  }
]