[
  {
    "id": "982c447d-ffae-446e-9f47-9c6a4d9a6555",
    "data": [
      {
        "text": "deu resultado",
        "userDefined": false
      }
    ],
    "isTemplate": false,
    "count": 1,
    "lang": "pt-br",
    "updated": 0
  },
  {
    "id": "6a9647b5-15bd-4be2-8052-e3c398a01aa1",
    "data": [
      {
        "text": "gratífico",
        "userDefined": false
      }
    ],
    "isTemplate": false,
    "count": 0,
    "lang": "pt-br",
    "updated": 0
  },
  {
    "id": "bdff55a4-ad67-416b-8a5a-744f537fbd40",
    "data": [
      {
        "text": "agradecido",
        "userDefined": false
      }
    ],
    "isTemplate": false,
    "count": 0,
    "lang": "pt-br",
    "updated": 0
  },
  {
    "id": "77a416f6-af85-4e57-9e8d-f2e5fc90c95d",
    "data": [
      {
        "text": "grato",
        "userDefined": false
      }
    ],
    "isTemplate": false,
    "count": 0,
    "lang": "pt-br",
    "updated": 0
  },
  {
    "id": "379a376d-d349-44f0-ae9d-bc41ad41297b",
    "data": [
      {
        "text": "resolveu",
        "userDefined": false
      }
    ],
    "isTemplate": false,
    "count": 0,
    "lang": "pt-br",
    "updated": 0
  },
  {
    "id": "830365f6-b464-470f-b564-0431c3fff70d",
    "data": [
      {
        "text": "tchau",
        "userDefined": false
      }
    ],
    "isTemplate": false,
    "count": 0,
    "lang": "pt-br",
    "updated": 0
  },
  {
    "id": "5a26a555-cb08-4aa1-ac60-3c91ea4e4b2c",
    "data": [
      {
        "text": "até mais",
        "userDefined": false
      }
    ],
    "isTemplate": false,
    "count": 0,
    "lang": "pt-br",
    "updated": 0
  },
  {
    "id": "26722f8f-7efe-4bd4-b0bd-cd59db2de807",
    "data": [
      {
        "text": "valeu",
        "userDefined": false
      }
    ],
    "isTemplate": false,
    "count": 0,
    "lang": "pt-br",
    "updated": 0
  },
  {
    "id": "017edeac-e96c-473b-8e57-35acada8fd8a",
    "data": [
      {
        "text": "funcionou",
        "userDefined": false
      }
    ],
    "isTemplate": false,
    "count": 0,
    "lang": "pt-br",
    "updated": 0
  },
  {
    "id": "7c590bf9-8bd3-41ea-929e-a62aa2498b7d",
    "data": [
      {
        "text": "obrigado",
        "userDefined": false
      }
    ],
    "isTemplate": false,
    "count": 0,
    "lang": "pt-br",
    "updated": 0
  }
]