[
  {
    "id": "5ebd3bd1-80ba-4f5f-a404-09d57737ece4",
    "data": [
      {
        "text": "meu cpu ",
        "userDefined": false
      },
      {
        "text": "não esta conectado",
        "meta": "@hardwareProblema",
        "alias": "hardwareProblema",
        "userDefined": false
      }
    ],
    "isTemplate": false,
    "count": 0,
    "lang": "pt-br",
    "updated": 0
  },
  {
    "id": "2839699a-c7d4-4714-ae5e-75eaa232c9c8",
    "data": [
      {
        "text": "meu computador",
        "userDefined": false
      },
      {
        "text": " está ",
        "userDefined": false
      },
      {
        "text": "danificado",
        "meta": "@hardwareProblema",
        "alias": "hardwareProblema",
        "userDefined": false
      }
    ],
    "isTemplate": false,
    "count": 0,
    "lang": "pt-br",
    "updated": 0
  },
  {
    "id": "2d90c377-c1b8-42c3-a22e-6e31119d19f4",
    "data": [
      {
        "text": "minha impressora ",
        "userDefined": false
      },
      {
        "text": "não opera",
        "meta": "@hardwareProblema",
        "alias": "hardwareProblema",
        "userDefined": false
      }
    ],
    "isTemplate": false,
    "count": 0,
    "lang": "pt-br",
    "updated": 0
  },
  {
    "id": "1ec9cf43-a1e0-490d-b1ff-ed1d18e73b68",
    "data": [
      {
        "text": "meu mouse ",
        "userDefined": false
      },
      {
        "text": "não executa",
        "meta": "@hardwareProblema",
        "alias": "hardwareProblema",
        "userDefined": true
      },
      {
        "text": " nada",
        "userDefined": false
      }
    ],
    "isTemplate": false,
    "count": 0,
    "lang": "pt-br",
    "updated": 0
  },
  {
    "id": "a0931a6f-29e5-4ebf-80ba-76896d07d53f",
    "data": [
      {
        "text": "meu teclado ",
        "userDefined": false
      },
      {
        "text": "não funciona",
        "meta": "@hardwareProblema",
        "alias": "hardwareProblema",
        "userDefined": true
      }
    ],
    "isTemplate": false,
    "count": 0,
    "lang": "pt-br",
    "updated": 0
  },
  {
    "id": "bb69820b-bf03-4e96-809a-aaf1523d20a4",
    "data": [
      {
        "text": "meu computador",
        "userDefined": false
      },
      {
        "text": " ",
        "userDefined": false
      },
      {
        "text": "parou do nada",
        "meta": "@hardwareProblema",
        "alias": "hardwareProblema",
        "userDefined": true
      }
    ],
    "isTemplate": false,
    "count": 0,
    "lang": "pt-br",
    "updated": 0
  },
  {
    "id": "6f0b5432-75a6-45db-9af0-30994dbc6809",
    "data": [
      {
        "text": "está ",
        "userDefined": false
      },
      {
        "text": "travado",
        "meta": "@hardwareProblema",
        "alias": "hardwareProblema",
        "userDefined": false
      },
      {
        "text": " o ",
        "userDefined": false
      },
      {
        "text": "meu computador",
        "userDefined": false
      }
    ],
    "isTemplate": false,
    "count": 0,
    "lang": "pt-br",
    "updated": 0
  },
  {
    "id": "5111ded4-88c8-4fc1-8f52-7f8e78269cf3",
    "data": [
      {
        "text": "Computador",
        "userDefined": false
      },
      {
        "text": " ",
        "userDefined": false
      },
      {
        "text": "travou",
        "meta": "@hardwareProblema",
        "alias": "hardwareProblema",
        "userDefined": false
      }
    ],
    "isTemplate": false,
    "count": 0,
    "lang": "pt-br",
    "updated": 0
  },
  {
    "id": "546c30b1-449f-47dc-b6f6-fceb0c14f2aa",
    "data": [
      {
        "text": "Computador",
        "userDefined": false
      },
      {
        "text": " ",
        "userDefined": false
      },
      {
        "text": "quebrou",
        "meta": "@hardwareProblema",
        "alias": "hardwareProblema",
        "userDefined": true
      }
    ],
    "isTemplate": false,
    "count": 0,
    "lang": "pt-br",
    "updated": 0
  },
  {
    "id": "1f6c0ecd-7dae-439d-b5b7-a607fb65f0f4",
    "data": [
      {
        "text": "Computador",
        "userDefined": false
      },
      {
        "text": " ",
        "userDefined": false
      },
      {
        "text": "não liga",
        "meta": "@hardwareProblema",
        "alias": "hardwareProblema",
        "userDefined": true
      }
    ],
    "isTemplate": false,
    "count": 0,
    "lang": "pt-br",
    "updated": 0
  }
]