[
  {
    "id": "71239ee3-4d6a-493e-95c3-fb6d57b58437",
    "data": [
      {
        "text": "por",
        "userDefined": false
      },
      {
        "text": " favor, o ultimo chamado",
        "userDefined": false
      }
    ],
    "isTemplate": false,
    "count": 0,
    "lang": "pt-br",
    "updated": 0
  },
  {
    "id": "4fc3988a-33d5-472c-bffc-5311f8094965",
    "data": [
      {
        "text": "ultimo chamado",
        "userDefined": false
      }
    ],
    "isTemplate": false,
    "count": 0,
    "lang": "pt-br",
    "updated": 0
  },
  {
    "id": "88dd2611-9bdb-4af3-b11f-0e14ad15c654",
    "data": [
      {
        "text": "ultimos chamados",
        "userDefined": false
      }
    ],
    "isTemplate": false,
    "count": 0,
    "lang": "pt-br",
    "updated": 0
  }
]