[
  {
    "value": "Brasília",
    "synonyms": [
      "Brasília"
    ]
  },
  {
    "value": "Terenos",
    "synonyms": [
      "Terenos"
    ]
  },
  {
    "value": "Campo Grande",
    "synonyms": [
      "Campo Grande"
    ]
  },
  {
    "value": "Bonito",
    "synonyms": [
      "Bonito"
    ]
  },
  {
    "value": "Sao Paulo",
    "synonyms": [
      "Sao Paulo"
    ]
  },
  {
    "value": "Rio de Janeiro",
    "synonyms": [
      "Rio de Janeiro"
    ]
  },
  {
    "value": "Curitiba",
    "synonyms": [
      "Curitiba"
    ]
  },
  {
    "value": "Rio Branco",
    "synonyms": [
      "Rio Branco"
    ]
  },
  {
    "value": "Guajará",
    "synonyms": [
      "Guajará"
    ]
  },
  {
    "value": "Amapá",
    "synonyms": [
      "Amapá"
    ]
  },
  {
    "value": "Porto Alegre",
    "synonyms": [
      "Porto Alegre"
    ]
  },
  {
    "value": "Minas Gerais",
    "synonyms": [
      "Minas Gerais"
    ]
  },
  {
    "value": "Florianópolis",
    "synonyms": [
      "Florianópilis"
    ]
  }
]