[
  {
    "value": "Colúmbia",
    "synonyms": [
      "Columbia"
    ]
  },
  {
    "value": "Miami",
    "synonyms": [
      "Miami"
    ]
  },
  {
    "value": "Lisboa",
    "synonyms": [
      "Lisboa"
    ]
  },
  {
    "value": "Buenos Aires",
    "synonyms": [
      "Buenos Aires"
    ]
  },
  {
    "value": "Santiago",
    "synonyms": [
      "Santiago"
    ]
  },
  {
    "value": "Montevidéu",
    "synonyms": [
      "Montevidéu"
    ]
  },
  {
    "value": "Amsterdã",
    "synonyms": [
      "Amsterdan"
    ]
  },
  {
    "value": "Assunção",
    "synonyms": [
      "Assunção"
    ]
  }
]